state,00,01,02,10,11,12,20,21,22
"[[0, 0, 0], [0, 0, 0], [0, 0, 0]]",-650.1875,-674.3125,-595.875,-635.875,-557.4375,-668.625,-603.6875,-684.1875,-575.4375
"[[-1, 0, 0], [0, 0, 0], [0, 0, 0]]",,32.25,53.5,37.0,140.875,47.625,55.875,38.375,55.25
"[[0, -1, 0], [0, 0, 0], [0, 0, 0]]",65.125,,49.75,56.125,174.875,51.375,56.25,41.875,52.875
"[[0, 0, -1], [0, 0, 0], [0, 0, 0]]",54.375,34.625,,43.375,155.5,36.25,53.125,48.25,52.75
"[[0, 0, 0], [-1, 0, 0], [0, 0, 0]]",47.5,40.625,58.875,,168.75,36.0,56.625,52.25,63.5
"[[0, 0, 0], [0, -1, 0], [0, 0, 0]]",295.5,78.625,112.5,81.625,,78.25,95.0,79.25,108.75
"[[0, 0, 0], [0, 0, -1], [0, 0, 0]]",71.125,39.5,50.75,34.5,66.25,,62.125,46.75,133.25
"[[0, 0, 0], [0, 0, 0], [-1, 0, 0]]",54.5,40.625,45.125,34.75,138.125,43.875,,38.5,41.5
"[[0, 0, 0], [0, 0, 0], [0, -1, 0]]",62.625,37.125,152.25,52.875,77.875,55.25,57.5,,52.125
"[[0, 0, 0], [0, 0, 0], [0, 0, -1]]",49.125,46.0,45.875,44.25,160.5,35.625,50.125,30.375,
"[[-1, 1, 0], [0, 0, 0], [0, 0, 0]]",,,-6.0,-4.125,-0.25,-3.875,-5.25,-10.875,-17.0
"[[-1, 0, 1], [0, 0, 0], [0, 0, 0]]",,-26.375,,-17.0,-9.875,-6.875,-7.625,-17.875,-20.875
"[[-1, 0, 0], [1, 0, 0], [0, 0, 0]]",,-5.125,-11.125,,-5.0,-11.375,-14.375,-8.625,-14.0
"[[-1, 0, 0], [0, 1, 0], [0, 0, 0]]",,-42.5,-33.0,-34.0,,-40.25,-33.375,-34.5,-53.75
"[[-1, 0, 0], [0, 0, 1], [0, 0, 0]]",,-22.5,-11.0,-18.375,-8.75,,-17.5,-22.0,-9.625
"[[-1, 0, 0], [0, 0, 0], [1, 0, 0]]",,-27.5,-12.75,-17.625,-10.625,-19.75,,-19.75,-10.25
"[[-1, 0, 0], [0, 0, 0], [0, 1, 0]]",,-9.25,-10.5,-15.5,-8.25,-18.875,-5.5,,-8.75
"[[-1, 0, 0], [0, 0, 0], [0, 0, 1]]",,-16.25,-4.25,-18.625,-21.875,-10.125,-4.5,-19.75,
"[[1, -1, 0], [0, 0, 0], [0, 0, 0]]",,,-15.0,-19.875,-4.75,-24.0,-4.875,-34.75,-8.125
"[[0, -1, 1], [0, 0, 0], [0, 0, 0]]",-19.25,,,-20.5,-8.25,-9.125,-5.5,-12.625,-2.75
"[[0, -1, 0], [1, 0, 0], [0, 0, 0]]",-16.0,,-20.0,,-21.875,-18.125,-15.125,-19.75,-17.625
"[[0, -1, 0], [0, 1, 0], [0, 0, 0]]",-47.75,,-47.125,-72.375,,-53.5,-66.75,-88.75,-53.5
"[[0, -1, 0], [0, 0, 1], [0, 0, 0]]",-17.5,,-9.125,-22.0,-10.625,,-20.5,-23.875,-12.25
"[[0, -1, 0], [0, 0, 0], [1, 0, 0]]",-13.0,,-13.0,-28.875,-16.0,-26.5,,-16.75,-21.75
"[[0, -1, 0], [0, 0, 0], [0, 1, 0]]",-13.875,,-10.125,-14.375,-10.25,-6.5,-2.0,,2.375
"[[0, -1, 0], [0, 0, 0], [0, 0, 1]]",-22.25,,-10.5,-29.0,-12.75,-21.75,-19.125,-18.875,
"[[1, 0, -1], [0, 0, 0], [0, 0, 0]]",,-16.5,,-8.375,-7.375,-29.0,-20.375,-13.25,-7.25
"[[0, 1, -1], [0, 0, 0], [0, 0, 0]]",-19.375,,,-1.75,0.0,-9.375,-15.125,0.25,-4.875
"[[0, 0, -1], [1, 0, 0], [0, 0, 0]]",-9.75,-9.5,,,-16.25,-12.375,-14.375,-14.5,-21.0
"[[0, 0, -1], [0, 1, 0], [0, 0, 0]]",-37.625,-48.625,,-43.0,,-36.75,-56.5,-50.625,-38.125
"[[0, 0, -1], [0, 0, 1], [0, 0, 0]]",-9.125,-8.625,,-2.875,-3.25,,-15.75,-3.0,-15.625
"[[0, 0, -1], [0, 0, 0], [1, 0, 0]]",-3.5,-26.5,,-10.875,-4.625,-17.875,,-13.0,-12.125
"[[0, 0, -1], [0, 0, 0], [0, 1, 0]]",-20.5,-11.625,,-11.625,-11.375,-18.5,-11.25,,-11.125
"[[0, 0, -1], [0, 0, 0], [0, 0, 1]]",-4.5,-23.5,,-20.125,-5.375,-21.875,-16.5,-20.5,
"[[1, 0, 0], [-1, 0, 0], [0, 0, 0]]",,-10.75,-3.5,,-7.375,-21.25,-36.375,-18.625,-7.25
"[[0, 1, 0], [-1, 0, 0], [0, 0, 0]]",-10.625,,-6.5,,-4.375,-21.0,-21.5,-11.875,-21.5
"[[0, 0, 1], [-1, 0, 0], [0, 0, 0]]",-17.5,-21.75,,,-14.125,-15.375,-23.375,-33.5,-15.5
"[[0, 0, 0], [-1, 1, 0], [0, 0, 0]]",-39.25,-58.0,-55.75,,,-78.125,-39.0,-56.125,-54.125
"[[0, 0, 0], [-1, 0, 1], [0, 0, 0]]",-9.5,-12.625,3.875,,-10.5,,-15.0,-18.75,-2.25
"[[0, 0, 0], [-1, 0, 0], [1, 0, 0]]",-21.375,-17.5,-17.25,,-5.625,-27.0,,-10.5,-5.125
"[[0, 0, 0], [-1, 0, 0], [0, 1, 0]]",-14.0,-13.75,-18.625,,-13.625,-20.875,-16.25,,-15.125
"[[0, 0, 0], [-1, 0, 0], [0, 0, 1]]",-19.0,-34.5,-18.125,,-20.25,-25.0,-23.5,-18.25,
"[[1, 0, 0], [0, -1, 0], [0, 0, 0]]",,-49.875,-65.75,-50.625,,-77.0,-55.25,-88.0,-77.75
"[[0, 1, 0], [0, -1, 0], [0, 0, 0]]",-7.0,,-7.5,-15.0,,-8.25,-21.0,-16.5,-26.875
"[[0, 0, 1], [0, -1, 0], [0, 0, 0]]",-16.625,-13.5,,-35.5,,-15.625,-33.125,-37.5,-22.875
"[[0, 0, 0], [1, -1, 0], [0, 0, 0]]",-5.25,-23.875,-19.75,,,-13.75,0.25,-13.125,-32.25
"[[0, 0, 0], [0, -1, 1], [0, 0, 0]]",-30.125,-17.375,-7.375,-20.25,,,-28.0,-22.25,-4.5
"[[0, 0, 0], [0, -1, 0], [1, 0, 0]]",-25.0,-44.875,-28.375,-11.625,,-27.875,,-22.25,-15.875
"[[0, 0, 0], [0, -1, 0], [0, 1, 0]]",-30.0,-19.75,-20.0,-15.875,,-18.625,-8.625,,-14.375
"[[0, 0, 0], [0, -1, 0], [0, 0, 1]]",-24.125,-35.5,-27.25,-29.75,,-13.875,-18.75,-18.0,
"[[1, 0, 0], [0, 0, -1], [0, 0, 0]]",,-30.75,-21.5,-28.375,-18.375,,-18.5,-36.5,-25.75
"[[0, 1, 0], [0, 0, -1], [0, 0, 0]]",-6.125,,-6.75,-18.0,-6.75,,-13.5,-14.75,-28.0
"[[0, 0, 1], [0, 0, -1], [0, 0, 0]]",-8.5,-10.5,,-15.25,-7.875,,-14.125,-28.0,-15.625
"[[0, 0, 0], [1, 0, -1], [0, 0, 0]]",-1.875,-9.875,-12.625,,-10.375,,0.625,-7.125,-6.875
"[[0, 0, 0], [0, 1, -1], [0, 0, 0]]",-13.375,-25.0,-17.875,-37.625,,,-12.125,-13.375,-15.125
"[[0, 0, 0], [0, 0, -1], [1, 0, 0]]",-22.75,-29.5,-12.75,-16.75,-22.0,,,-19.125,-23.0
"[[0, 0, 0], [0, 0, -1], [0, 1, 0]]",-18.75,-23.5,-10.5,-12.375,-4.0,,-3.25,,-7.625
"[[0, 0, 0], [0, 0, -1], [0, 0, 1]]",-19.75,-48.5,-41.625,-57.0,-20.25,,-37.625,-23.5,
"[[1, 0, 0], [0, 0, 0], [-1, 0, 0]]",,-6.0,-14.125,-21.875,-14.0,-15.625,,-22.0,2.375
"[[0, 1, 0], [0, 0, 0], [-1, 0, 0]]",-4.875,,-23.0,-5.0,-4.875,-24.875,,-7.875,-12.5
"[[0, 0, 1], [0, 0, 0], [-1, 0, 0]]",-7.125,-6.625,,-21.125,-13.25,-7.125,,-13.5,-5.375
"[[0, 0, 0], [1, 0, 0], [-1, 0, 0]]",-6.5,-4.625,-15.125,,1.625,2.0,,-10.875,-15.0
"[[0, 0, 0], [0, 1, 0], [-1, 0, 0]]",-33.375,-35.375,-83.875,-49.0,,-37.375,,-26.0,-28.0
"[[0, 0, 0], [0, 0, 1], [-1, 0, 0]]",-16.0,-19.75,-15.75,-14.125,-9.625,,,-12.5,-9.875
"[[0, 0, 0], [0, 0, 0], [-1, 1, 0]]",-8.75,1.25,-10.875,-9.75,-3.125,-11.25,,,-6.5
"[[0, 0, 0], [0, 0, 0], [-1, 0, 1]]",-1.5,-9.625,-26.5,-16.5,-6.0,-10.375,,-10.375,
"[[1, 0, 0], [0, 0, 0], [0, -1, 0]]",,-16.25,-22.625,-25.0,-19.875,-45.5,-12.0,,-11.375
"[[0, 1, 0], [0, 0, 0], [0, -1, 0]]",-4.375,,-5.375,-12.875,-19.0,-7.25,-4.875,,-7.0
"[[0, 0, 1], [0, 0, 0], [0, -1, 0]]",-50.375,-64.875,,-65.0,-43.375,-46.25,-61.0,,-60.0
"[[0, 0, 0], [1, 0, 0], [0, -1, 0]]",-11.75,-29.5,-19.0,,-5.125,-13.0,-4.625,,-25.0
"[[0, 0, 0], [0, 1, 0], [0, -1, 0]]",-16.875,-34.625,-14.75,-25.0,,-24.0,-22.625,,-15.875
"[[0, 0, 0], [0, 0, 1], [0, -1, 0]]",-11.125,-22.375,-12.0,-17.5,-10.75,,-28.5,,-22.875
"[[0, 0, 0], [0, 0, 0], [1, -1, 0]]",-11.125,-37.5,-9.0,-11.75,-8.625,-17.5,,,-24.75
"[[0, 0, 0], [0, 0, 0], [0, -1, 1]]",-4.875,-15.0,-5.375,-21.875,-10.875,-8.75,-17.5,,
"[[1, 0, 0], [0, 0, 0], [0, 0, -1]]",,-5.375,-3.75,-2.625,-14.375,-15.625,-7.5,-5.375,
"[[0, 1, 0], [0, 0, 0], [0, 0, -1]]",-10.375,,-7.125,-28.875,-8.875,-12.5,-16.5,-12.625,
"[[0, 0, 1], [0, 0, 0], [0, 0, -1]]",-17.25,-24.0,,-16.0,-11.0,-19.25,-13.5,-16.0,
"[[0, 0, 0], [1, 0, 0], [0, 0, -1]]",-19.75,-20.5,-13.0,,-17.5,-10.25,-10.375,-23.0,
"[[0, 0, 0], [0, 1, 0], [0, 0, -1]]",-57.75,-34.375,-29.25,-50.5,,-35.75,-30.0,-44.875,
"[[0, 0, 0], [0, 0, 1], [0, 0, -1]]",-23.5,-10.5,-5.0,-5.875,-3.125,,-9.0,-8.125,
"[[0, 0, 0], [0, 0, 0], [1, 0, -1]]",-16.125,-13.375,-14.5,-12.5,-11.125,-22.5,,-13.875,
"[[0, 0, 0], [0, 0, 0], [0, 1, -1]]",-7.5,-4.0,-5.5,-10.375,0.875,-5.875,-14.5,,
"[[-1, 1, -1], [0, 0, 0], [0, 0, 0]]",,,,2.0,3.25,0.75,1.25,13.0,3.75
"[[-1, 1, 0], [-1, 0, 0], [0, 0, 0]]",,,1.0,,2.5,1.25,7.25,4.5,2.25
"[[-1, 1, 0], [0, -1, 0], [0, 0, 0]]",,,5.0,3.75,,3.5,5.25,0.5,15.5
"[[-1, 1, 0], [0, 0, -1], [0, 0, 0]]",,,2.25,2.0,9.75,,3.75,5.0,1.5
"[[-1, 1, 0], [0, 0, 0], [-1, 0, 0]]",,,2.0,5.0,8.5,1.0,,4.0,1.5
"[[-1, 1, 0], [0, 0, 0], [0, -1, 0]]",,,1.5,2.0,2.75,1.25,3.0,,6.0
"[[-1, 1, 0], [0, 0, 0], [0, 0, -1]]",,,0.5,1.0,4.75,0.75,1.0,8.0,
"[[-1, -1, 1], [0, 0, 0], [0, 0, 0]]",,,,2.0,7.5,13.5,7.0,1.75,2.5
"[[-1, 0, 1], [-1, 0, 0], [0, 0, 0]]",,0.5,,,12.5,2.0,4.5,1.5,6.0
"[[-1, 0, 1], [0, -1, 0], [0, 0, 0]]",,1.75,,4.75,,16.5,2.5,4.0,8.5
"[[-1, 0, 1], [0, 0, -1], [0, 0, 0]]",,1.25,,4.5,6.75,,13.0,2.75,1.75
"[[-1, 0, 1], [0, 0, 0], [-1, 0, 0]]",,0.75,,3.5,1.75,13.5,,2.25,5.5
"[[-1, 0, 1], [0, 0, 0], [0, -1, 0]]",,3.75,,4.5,13.5,8.5,10.5,,20.75
"[[-1, 0, 1], [0, 0, 0], [0, 0, -1]]",,3.5,,1.5,12.0,3.0,7.5,2.5,
"[[-1, -1, 0], [1, 0, 0], [0, 0, 0]]",,,4.75,,17.75,4.0,1.5,3.0,3.0
"[[-1, 0, -1], [1, 0, 0], [0, 0, 0]]",,3.25,,,3.0,12.5,1.25,2.5,1.25
"[[-1, 0, 0], [1, -1, 0], [0, 0, 0]]",,2.0,2.25,,,1.5,2.0,1.5,9.0
"[[-1, 0, 0], [1, 0, -1], [0, 0, 0]]",,0.75,6.25,,2.25,,1.25,2.25,2.5
"[[-1, 0, 0], [1, 0, 0], [-1, 0, 0]]",,2.75,1.5,,10.25,7.0,,1.0,2.0
"[[-1, 0, 0], [1, 0, 0], [0, -1, 0]]",,1.5,3.5,,20.25,6.0,2.75,,2.5
"[[-1, 0, 0], [1, 0, 0], [0, 0, -1]]",,1.0,1.25,,2.75,6.0,2.0,1.75,
"[[-1, -1, 0], [0, 1, 0], [0, 0, 0]]",,,15.5,13.25,,12.0,26.0,4.0,7.5
"[[-1, 0, -1], [0, 1, 0], [0, 0, 0]]",,27.5,,13.75,,44.5,10.75,19.0,6.0
"[[-1, 0, 0], [-1, 1, 0], [0, 0, 0]]",,7.25,11.5,,,5.5,41.5,17.0,7.5
"[[-1, 0, 0], [0, 1, -1], [0, 0, 0]]",,10.25,8.5,6.5,,,22.5,8.75,3.25
"[[-1, 0, 0], [0, 1, 0], [-1, 0, 0]]",,9.5,5.25,34.25,,7.5,,10.5,5.25
"[[-1, 0, 0], [0, 1, 0], [0, -1, 0]]",,6.75,13.25,10.5,,12.75,28.75,,9.0
"[[-1, 0, 0], [0, 1, 0], [0, 0, -1]]",,16.5,30.75,13.25,,12.0,14.25,10.25,
"[[-1, -1, 0], [0, 0, 1], [0, 0, 0]]",,,11.5,5.0,7.0,,1.0,1.5,8.5
"[[-1, 0, -1], [0, 0, 1], [0, 0, 0]]",,2.0,,3.5,7.25,,1.25,1.0,2.0
"[[-1, 0, 0], [-1, 0, 1], [0, 0, 0]]",,2.25,4.5,,1.5,,3.0,0.5,10.75
"[[-1, 0, 0], [0, -1, 1], [0, 0, 0]]",,1.5,21.5,1.0,,,3.5,1.5,8.0
"[[-1, 0, 0], [0, 0, 1], [-1, 0, 0]]",,0.5,4.5,7.0,6.5,,,1.5,5.0
"[[-1, 0, 0], [0, 0, 1], [0, -1, 0]]",,3.25,5.5,4.0,16.75,,1.5,,3.25
"[[-1, 0, 0], [0, 0, 1], [0, 0, -1]]",,2.5,1.5,4.0,22.75,,1.25,0.5,
"[[-1, -1, 0], [0, 0, 0], [1, 0, 0]]",,,15.0,2.5,2.5,2.0,,6.0,3.0
"[[-1, 0, -1], [0, 0, 0], [1, 0, 0]]",,5.0,,1.5,2.5,3.0,,7.5,14.75
"[[-1, 0, 0], [-1, 0, 0], [1, 0, 0]]",,3.0,6.5,,7.75,4.25,,13.0,7.5
"[[-1, 0, 0], [0, -1, 0], [1, 0, 0]]",,4.0,2.0,1.5,,3.25,,14.5,11.0
"[[-1, 0, 0], [0, 0, -1], [1, 0, 0]]",,3.0,14.5,2.5,6.5,,,5.5,4.75
"[[-1, 0, 0], [0, 0, 0], [1, -1, 0]]",,3.5,3.5,2.25,12.0,3.25,,,4.5
"[[-1, 0, 0], [0, 0, 0], [1, 0, -1]]",,3.0,4.0,2.0,17.0,2.0,,1.0,
"[[-1, -1, 0], [0, 0, 0], [0, 1, 0]]",,,4.0,1.75,0.75,0.5,6.5,,3.25
"[[-1, 0, -1], [0, 0, 0], [0, 1, 0]]",,7.5,,1.5,4.0,0.5,15.0,,7.5
"[[-1, 0, 0], [-1, 0, 0], [0, 1, 0]]",,3.0,1.5,,5.5,0.5,12.5,,4.5
"[[-1, 0, 0], [0, -1, 0], [0, 1, 0]]",,1.0,2.5,2.0,,2.0,9.0,,18.25
"[[-1, 0, 0], [0, 0, -1], [0, 1, 0]]",,5.5,2.75,1.0,14.5,,5.0,,3.5
"[[-1, 0, 0], [0, 0, 0], [-1, 1, 0]]",,11.0,1.5,2.25,3.75,1.0,,,1.0
"[[-1, 0, 0], [0, 0, 0], [0, 1, -1]]",,4.5,1.25,1.75,3.75,2.5,0.5,,
"[[-1, -1, 0], [0, 0, 0], [0, 0, 1]]",,,5.75,2.75,1.5,2.0,8.0,4.5,
"[[-1, 0, -1], [0, 0, 0], [0, 0, 1]]",,3.25,,2.25,3.25,0.75,6.0,12.0,
"[[-1, 0, 0], [-1, 0, 0], [0, 0, 1]]",,3.25,8.5,,1.5,3.5,7.25,6.0,
"[[-1, 0, 0], [0, -1, 0], [0, 0, 1]]",,3.5,18.75,4.5,,11.5,10.0,15.0,
"[[-1, 0, 0], [0, 0, -1], [0, 0, 1]]",,5.5,7.0,4.0,9.5,,42.5,15.0,
"[[-1, 0, 0], [0, 0, 0], [-1, 0, 1]]",,2.75,6.25,9.0,3.25,17.0,,1.0,
"[[-1, 0, 0], [0, 0, 0], [0, -1, 1]]",,2.5,11.75,4.25,3.25,6.25,2.25,,
"[[1, -1, -1], [0, 0, 0], [0, 0, 0]]",,,,3.5,6.75,4.0,4.0,2.5,11.0
"[[1, -1, 0], [-1, 0, 0], [0, 0, 0]]",,,2.5,,8.25,2.0,2.5,3.75,12.5
"[[1, -1, 0], [0, -1, 0], [0, 0, 0]]",,,5.75,18.25,,6.5,53.75,12.75,4.5
"[[1, -1, 0], [0, 0, -1], [0, 0, 0]]",,,2.25,3.5,4.5,,9.0,1.75,15.5
"[[1, -1, 0], [0, 0, 0], [-1, 0, 0]]",,,2.5,1.25,8.0,1.25,,1.75,6.5
"[[1, -1, 0], [0, 0, 0], [0, -1, 0]]",,,2.0,5.0,8.5,2.5,7.5,,19.5
"[[1, -1, 0], [0, 0, 0], [0, 0, -1]]",,,3.25,19.5,3.25,2.75,8.25,2.75,
"[[0, -1, 1], [-1, 0, 0], [0, 0, 0]]",1.0,,,,5.75,11.75,4.0,2.75,5.0
"[[0, -1, 1], [0, -1, 0], [0, 0, 0]]",4.25,,,4.5,,24.75,1.0,3.75,11.0
"[[0, -1, 1], [0, 0, -1], [0, 0, 0]]",4.5,,,1.75,10.25,,2.5,4.25,2.0
"[[0, -1, 1], [0, 0, 0], [-1, 0, 0]]",3.0,,,2.0,2.5,15.25,,2.25,10.5
"[[0, -1, 1], [0, 0, 0], [0, -1, 0]]",3.5,,,2.5,11.25,5.5,3.5,,14.25
"[[0, -1, 1], [0, 0, 0], [0, 0, -1]]",6.25,,,4.25,18.0,1.0,6.5,2.75,
"[[0, -1, -1], [1, 0, 0], [0, 0, 0]]",10.0,,,,6.5,3.0,3.0,1.5,2.0
"[[0, -1, 0], [1, -1, 0], [0, 0, 0]]",5.25,,1.75,,,2.5,15.0,3.5,2.0
"[[0, -1, 0], [1, 0, -1], [0, 0, 0]]",9.25,,1.75,,1.5,,12.0,2.75,2.25
"[[0, -1, 0], [1, 0, 0], [-1, 0, 0]]",2.25,,1.25,,16.5,7.0,,2.25,5.25
"[[0, -1, 0], [1, 0, 0], [0, -1, 0]]",6.0,,4.25,,6.75,2.5,11.0,,2.75
"[[0, -1, 0], [1, 0, 0], [0, 0, -1]]",6.0,,2.75,,5.5,13.5,7.5,2.0,
"[[0, -1, -1], [0, 1, 0], [0, 0, 0]]",51.75,,,13.0,,13.5,6.75,6.25,10.5
"[[0, -1, 0], [-1, 1, 0], [0, 0, 0]]",10.5,,15.0,,,6.0,16.75,6.75,25.5
"[[0, -1, 0], [0, 1, -1], [0, 0, 0]]",14.5,,21.5,5.5,,,10.5,5.25,7.5
"[[0, -1, 0], [0, 1, 0], [-1, 0, 0]]",27.25,,9.0,11.75,,8.75,,4.5,13.75
"[[0, -1, 0], [0, 1, 0], [0, -1, 0]]",27.0,,8.0,12.25,,12.0,15.5,,12.5
"[[0, -1, 0], [0, 1, 0], [0, 0, -1]]",4.75,,33.25,11.25,,13.5,12.25,5.0,
"[[0, -1, -1], [0, 0, 1], [0, 0, 0]]",8.75,,,4.5,5.25,,3.25,3.5,2.5
"[[0, -1, 0], [-1, 0, 1], [0, 0, 0]]",2.25,,8.0,,2.75,,2.0,1.75,6.0
"[[0, -1, 0], [0, -1, 1], [0, 0, 0]]",1.75,,5.75,0.5,,,2.75,2.5,15.0
"[[0, -1, 0], [0, 0, 1], [-1, 0, 0]]",3.5,,2.5,11.5,4.0,,,2.5,2.5
"[[0, -1, 0], [0, 0, 1], [0, -1, 0]]",3.0,,4.5,3.0,6.25,,0.5,,9.5
"[[0, -1, 0], [0, 0, 1], [0, 0, -1]]",2.25,,1.5,3.5,11.75,,4.0,0.75,
"[[0, -1, -1], [0, 0, 0], [1, 0, 0]]",5.25,,,4.0,2.5,2.0,,7.25,4.5
"[[0, -1, 0], [-1, 0, 0], [1, 0, 0]]",2.5,,5.0,,6.25,3.25,,4.75,10.5
"[[0, -1, 0], [0, -1, 0], [1, 0, 0]]",15.25,,2.0,2.5,,1.75,,9.0,6.0
"[[0, -1, 0], [0, 0, -1], [1, 0, 0]]",3.5,,6.0,2.0,17.5,,,3.0,3.0
"[[0, -1, 0], [0, 0, 0], [1, -1, 0]]",4.5,,8.5,4.5,6.5,3.0,,,1.5
"[[0, -1, 0], [0, 0, 0], [1, 0, -1]]",11.75,,3.0,4.0,7.0,1.25,,3.0,
"[[0, -1, -1], [0, 0, 0], [0, 1, 0]]",4.5,,,1.5,1.75,1.25,3.25,,8.0
"[[0, -1, 0], [-1, 0, 0], [0, 1, 0]]",3.5,,4.25,,1.5,2.0,8.0,,17.0
"[[0, -1, 0], [0, -1, 0], [0, 1, 0]]",6.0,,3.5,4.0,,5.5,23.25,,8.5
"[[0, -1, 0], [0, 0, -1], [0, 1, 0]]",1.75,,3.0,2.5,4.0,,9.0,,4.25
"[[0, -1, 0], [0, 0, 0], [-1, 1, 0]]",5.75,,3.0,2.0,2.75,2.75,,,3.25
"[[0, -1, 0], [0, 0, 0], [0, 1, -1]]",3.5,,2.5,4.0,2.5,7.0,3.25,,
"[[0, -1, -1], [0, 0, 0], [0, 0, 1]]",11.0,,,2.5,4.0,1.0,1.5,2.5,
"[[0, -1, 0], [-1, 0, 0], [0, 0, 1]]",8.5,,4.5,,7.5,10.5,15.5,8.5,
"[[0, -1, 0], [0, -1, 0], [0, 0, 1]]",2.0,,7.25,3.5,,6.0,5.0,16.25,
"[[0, -1, 0], [0, 0, -1], [0, 0, 1]]",6.5,,7.25,3.0,8.5,,4.5,17.5,
"[[0, -1, 0], [0, 0, 0], [-1, 0, 1]]",3.5,,5.0,4.0,7.25,12.5,,3.0,
"[[0, -1, 0], [0, 0, 0], [0, -1, 1]]",9.5,,4.75,1.5,6.0,6.0,2.0,,
"[[1, 0, -1], [-1, 0, 0], [0, 0, 0]]",,1.25,,,5.25,4.75,2.5,8.25,4.5
"[[1, 0, -1], [0, -1, 0], [0, 0, 0]]",,6.5,,23.5,,7.5,52.75,5.5,2.5
"[[1, 0, -1], [0, 0, -1], [0, 0, 0]]",,0.5,,4.0,6.0,,6.5,2.5,12.0
"[[1, 0, -1], [0, 0, 0], [-1, 0, 0]]",,2.5,,1.0,10.75,0.25,,2.75,8.5
"[[1, 0, -1], [0, 0, 0], [0, -1, 0]]",,2.25,,6.0,8.5,3.0,12.25,,3.5
"[[1, 0, -1], [0, 0, 0], [0, 0, -1]]",,1.25,,6.5,1.75,5.25,19.5,3.75,
"[[0, 1, -1], [-1, 0, 0], [0, 0, 0]]",1.5,,,,4.25,2.0,3.5,6.5,1.25
"[[0, 1, -1], [0, -1, 0], [0, 0, 0]]",4.5,,,2.5,,2.25,10.75,1.0,3.5
"[[0, 1, -1], [0, 0, -1], [0, 0, 0]]",1.5,,,2.75,2.0,,1.25,0.0,6.0
"[[0, 1, -1], [0, 0, 0], [-1, 0, 0]]",0.0,,,2.0,10.75,2.0,,3.5,2.25
"[[0, 1, -1], [0, 0, 0], [0, -1, 0]]",1.75,,,2.25,7.0,2.5,3.0,,2.0
"[[0, 1, -1], [0, 0, 0], [0, 0, -1]]",1.25,,,1.0,8.5,1.5,2.5,5.0,
"[[0, 0, -1], [1, -1, 0], [0, 0, 0]]",15.0,1.0,,,,0.5,8.25,2.5,1.75
"[[0, 0, -1], [1, 0, -1], [0, 0, 0]]",6.0,1.0,,,1.25,,1.0,0.0,2.25
"[[0, 0, -1], [1, 0, 0], [-1, 0, 0]]",1.0,0.75,,,14.75,5.5,,1.0,1.25
"[[0, 0, -1], [1, 0, 0], [0, -1, 0]]",5.0,1.25,,,8.25,5.0,4.25,,3.0
"[[0, 0, -1], [1, 0, 0], [0, 0, -1]]",13.0,1.0,,,8.0,4.5,3.5,0.0,
"[[0, 0, -1], [-1, 1, 0], [0, 0, 0]]",11.5,32.25,,,,8.0,8.5,14.0,15.0
"[[0, 0, -1], [0, 1, -1], [0, 0, 0]]",5.5,9.25,,3.75,,,2.75,6.5,24.5
"[[0, 0, -1], [0, 1, 0], [-1, 0, 0]]",10.5,14.5,,18.75,,34.0,,14.0,11.75
"[[0, 0, -1], [0, 1, 0], [0, -1, 0]]",7.25,4.0,,21.5,,6.5,4.5,,11.5
"[[0, 0, -1], [0, 1, 0], [0, 0, -1]]",5.0,39.5,,11.5,,18.75,3.5,14.0,
"[[0, 0, -1], [-1, 0, 1], [0, 0, 0]]",7.5,3.0,,,3.75,,3.25,3.25,2.5
"[[0, 0, -1], [0, -1, 1], [0, 0, 0]]",2.5,2.75,,0.5,,,9.5,1.75,3.75
"[[0, 0, -1], [0, 0, 1], [-1, 0, 0]]",1.25,1.0,,13.0,4.75,,,2.25,1.5
"[[0, 0, -1], [0, 0, 1], [0, -1, 0]]",3.5,2.0,,16.5,9.25,,4.25,,3.5
"[[0, 0, -1], [0, 0, 1], [0, 0, -1]]",2.75,2.5,,3.5,15.25,,5.0,2.25,
"[[0, 0, -1], [-1, 0, 0], [1, 0, 0]]",1.25,2.5,,,4.5,3.0,,7.25,13.25
"[[0, 0, -1], [0, -1, 0], [1, 0, 0]]",6.5,3.0,,6.25,,5.0,,6.0,22.5
"[[0, 0, -1], [0, 0, -1], [1, 0, 0]]",5.0,3.5,,5.75,3.25,,,6.5,17.0
"[[0, 0, -1], [0, 0, 0], [1, -1, 0]]",10.5,3.25,,7.25,5.5,5.0,,,4.25
"[[0, 0, -1], [0, 0, 0], [1, 0, -1]]",2.5,2.0,,11.0,3.0,3.25,,1.0,
"[[0, 0, -1], [-1, 0, 0], [0, 1, 0]]",1.75,3.5,,,14.75,1.0,5.25,,6.5
"[[0, 0, -1], [0, -1, 0], [0, 1, 0]]",2.0,1.0,,0.5,,1.75,35.25,,6.5
"[[0, 0, -1], [0, 0, -1], [0, 1, 0]]",1.0,2.5,,0.0,3.0,,5.5,,4.5
"[[0, 0, -1], [0, 0, 0], [-1, 1, 0]]",0.75,4.0,,0.0,5.25,1.0,,,1.5
"[[0, 0, -1], [0, 0, 0], [0, 1, -1]]",1.75,8.5,,0.5,2.0,2.5,1.0,,
"[[0, 0, -1], [-1, 0, 0], [0, 0, 1]]",7.0,1.25,,,6.75,1.75,15.5,6.5,
"[[0, 0, -1], [0, -1, 0], [0, 0, 1]]",3.5,1.25,,1.5,,2.25,6.0,16.0,
"[[0, 0, -1], [0, 0, -1], [0, 0, 1]]",10.0,6.0,,3.5,20.0,,9.25,10.5,
"[[0, 0, -1], [0, 0, 0], [-1, 0, 1]]",11.5,2.25,,1.25,5.25,1.0,,0.5,
"[[0, 0, -1], [0, 0, 0], [0, -1, 1]]",4.0,2.5,,3.75,5.0,2.25,8.25,,
"[[1, 0, 0], [-1, -1, 0], [0, 0, 0]]",,35.25,21.0,,,9.75,6.5,8.75,3.5
"[[1, 0, 0], [-1, 0, -1], [0, 0, 0]]",,3.5,5.75,,5.5,,2.5,2.25,6.0
"[[1, 0, 0], [-1, 0, 0], [-1, 0, 0]]",,5.0,5.0,,6.25,3.25,,4.25,14.0
"[[1, 0, 0], [-1, 0, 0], [0, -1, 0]]",,6.75,4.0,,14.0,4.0,1.5,,3.5
"[[1, 0, 0], [-1, 0, 0], [0, 0, -1]]",,5.0,7.75,,3.5,3.0,2.5,10.0,
"[[0, 1, 0], [-1, -1, 0], [0, 0, 0]]",4.0,,14.5,,,4.25,2.75,0.5,3.5
"[[0, 1, 0], [-1, 0, -1], [0, 0, 0]]",2.0,,3.0,,9.25,,1.25,3.0,2.5
"[[0, 1, 0], [-1, 0, 0], [-1, 0, 0]]",5.0,,3.0,,1.5,0.0,,9.0,0.5
"[[0, 1, 0], [-1, 0, 0], [0, -1, 0]]",10.25,,2.0,,3.5,2.75,3.0,,4.0
"[[0, 1, 0], [-1, 0, 0], [0, 0, -1]]",4.75,,5.5,,8.5,1.5,2.0,14.5,
"[[0, 0, 1], [-1, -1, 0], [0, 0, 0]]",23.75,9.0,,,,15.5,2.0,3.0,10.5
"[[0, 0, 1], [-1, 0, -1], [0, 0, 0]]",8.75,4.0,,,6.25,,3.5,1.5,1.0
"[[0, 0, 1], [-1, 0, 0], [-1, 0, 0]]",12.25,2.5,,,2.25,2.5,,1.5,3.5
"[[0, 0, 1], [-1, 0, 0], [0, -1, 0]]",10.0,3.5,,,7.0,3.5,15.5,,9.5
"[[0, 0, 1], [-1, 0, 0], [0, 0, -1]]",3.5,10.5,,,4.0,1.0,1.5,3.75,
"[[0, 0, 0], [-1, 1, -1], [0, 0, 0]]",9.75,10.0,8.25,,,,12.25,13.75,24.0
"[[0, 0, 0], [-1, 1, 0], [-1, 0, 0]]",16.25,10.5,3.75,,,3.0,,14.25,27.5
"[[0, 0, 0], [-1, 1, 0], [0, -1, 0]]",26.25,6.5,10.5,,,4.5,10.75,,9.5
"[[0, 0, 0], [-1, 1, 0], [0, 0, -1]]",7.75,12.0,13.0,,,3.5,13.25,34.5,
"[[0, 0, 0], [-1, -1, 1], [0, 0, 0]]",2.75,3.25,14.75,,,,1.5,3.25,9.0
"[[0, 0, 0], [-1, 0, 1], [-1, 0, 0]]",4.75,1.5,11.25,,1.25,,,1.0,2.5
"[[0, 0, 0], [-1, 0, 1], [0, -1, 0]]",7.5,4.0,6.0,,3.75,,2.75,,5.0
"[[0, 0, 0], [-1, 0, 1], [0, 0, -1]]",1.25,2.75,1.75,,4.5,,2.0,1.5,
"[[0, 0, 0], [-1, -1, 0], [1, 0, 0]]",5.75,3.5,2.5,,,16.0,,6.0,6.25
"[[0, 0, 0], [-1, 0, -1], [1, 0, 0]]",2.5,2.0,7.5,,19.0,,,5.5,5.25
"[[0, 0, 0], [-1, 0, 0], [1, -1, 0]]",2.25,2.0,7.0,,12.75,2.5,,,0.75
"[[0, 0, 0], [-1, 0, 0], [1, 0, -1]]",2.0,2.75,8.0,,12.25,5.0,,2.75,
"[[0, 0, 0], [-1, -1, 0], [0, 1, 0]]",1.75,0.5,2.5,,,2.25,12.75,,5.5
"[[0, 0, 0], [-1, 0, -1], [0, 1, 0]]",3.0,11.0,2.0,,3.75,,2.5,,6.5
"[[0, 0, 0], [-1, 0, 0], [-1, 1, 0]]",3.0,3.0,2.0,,12.75,1.75,,,1.0
"[[0, 0, 0], [-1, 0, 0], [0, 1, -1]]",2.75,14.0,0.5,,7.0,1.5,2.5,,
"[[0, 0, 0], [-1, -1, 0], [0, 0, 1]]",1.0,2.5,16.0,,,11.25,3.5,7.5,
"[[0, 0, 0], [-1, 0, -1], [0, 0, 1]]",6.0,3.75,3.5,,10.0,,25.25,5.5,
"[[0, 0, 0], [-1, 0, 0], [-1, 0, 1]]",9.5,1.5,5.0,,3.0,2.0,,3.0,
"[[0, 0, 0], [-1, 0, 0], [0, -1, 1]]",13.5,2.0,7.5,,4.5,3.25,1.75,,
"[[1, 0, 0], [0, -1, -1], [0, 0, 0]]",,11.5,12.5,41.5,,,13.5,5.25,3.0
"[[1, 0, 0], [0, -1, 0], [-1, 0, 0]]",,17.5,71.25,3.0,,7.5,,9.0,5.0
"[[1, 0, 0], [0, -1, 0], [0, -1, 0]]",,53.5,13.0,13.0,,6.25,11.5,,1.0
"[[1, 0, 0], [0, -1, 0], [0, 0, -1]]",,18.5,46.0,17.0,,9.75,14.75,8.25,
"[[0, 1, 0], [0, -1, -1], [0, 0, 0]]",5.5,,6.75,10.25,,,4.75,1.0,2.0
"[[0, 1, 0], [0, -1, 0], [-1, 0, 0]]",17.0,,8.25,1.25,,2.0,,1.0,2.75
"[[0, 1, 0], [0, -1, 0], [0, -1, 0]]",24.0,,10.25,2.75,,6.25,5.75,,4.0
"[[0, 1, 0], [0, -1, 0], [0, 0, -1]]",11.5,,14.5,2.0,,1.5,2.5,1.5,
"[[0, 0, 1], [0, -1, -1], [0, 0, 0]]",5.75,20.25,,6.25,,,2.5,2.5,2.0
"[[0, 0, 1], [0, -1, 0], [-1, 0, 0]]",7.25,7.75,,3.5,,14.5,,4.25,20.5
"[[0, 0, 1], [0, -1, 0], [0, -1, 0]]",11.0,17.25,,4.5,,14.5,3.0,,30.5
"[[0, 0, 1], [0, -1, 0], [0, 0, -1]]",10.0,15.5,,4.25,,2.25,4.5,2.75,
"[[0, 0, 0], [1, -1, -1], [0, 0, 0]]",19.75,5.0,3.25,,,,11.0,4.25,3.25
"[[0, 0, 0], [1, -1, 0], [-1, 0, 0]]",3.5,3.0,22.5,,,2.0,,2.75,4.5
"[[0, 0, 0], [1, -1, 0], [0, -1, 0]]",6.5,3.0,2.25,,,0.0,12.25,,3.5
"[[0, 0, 0], [1, -1, 0], [0, 0, -1]]",24.75,1.0,2.75,,,1.5,7.0,3.0,
"[[0, 0, 0], [0, -1, 1], [-1, 0, 0]]",4.5,1.5,21.0,0.5,,,,2.0,4.5
"[[0, 0, 0], [0, -1, 1], [0, -1, 0]]",1.75,5.0,13.5,1.0,,,2.5,,4.5
"[[0, 0, 0], [0, -1, 1], [0, 0, -1]]",19.75,3.75,6.0,1.5,,,5.75,3.25,
"[[0, 0, 0], [0, -1, -1], [1, 0, 0]]",16.0,4.0,0.0,13.5,,,,6.0,8.25
"[[0, 0, 0], [0, -1, 0], [1, -1, 0]]",17.75,4.75,1.0,5.0,,3.5,,,3.0
"[[0, 0, 0], [0, -1, 0], [1, 0, -1]]",9.0,2.5,2.5,18.5,,3.0,,2.0,
"[[0, 0, 0], [0, -1, -1], [0, 1, 0]]",2.75,1.0,3.25,2.5,,,6.5,,11.75
"[[0, 0, 0], [0, -1, 0], [-1, 1, 0]]",4.0,0.5,11.0,3.25,,2.0,,,2.0
"[[0, 0, 0], [0, -1, 0], [0, 1, -1]]",12.0,1.5,4.0,3.75,,1.75,1.75,,
"[[0, 0, 0], [0, -1, -1], [0, 0, 1]]",4.0,6.0,6.0,13.25,,,18.5,13.75,
"[[0, 0, 0], [0, -1, 0], [-1, 0, 1]]",1.0,2.0,6.5,2.75,,20.5,,3.25,
"[[0, 0, 0], [0, -1, 0], [0, -1, 1]]",0.5,4.75,17.5,3.0,,9.25,3.0,,
"[[1, 0, 0], [0, 0, -1], [-1, 0, 0]]",,13.5,4.75,1.75,7.25,,,5.0,8.5
"[[1, 0, 0], [0, 0, -1], [0, -1, 0]]",,5.5,6.5,8.0,15.0,,8.0,,4.5
"[[1, 0, 0], [0, 0, -1], [0, 0, -1]]",,2.0,15.0,3.0,2.25,,4.5,1.0,
"[[0, 1, 0], [0, 0, -1], [-1, 0, 0]]",5.5,,4.75,0.25,5.5,,,6.5,4.75
"[[0, 1, 0], [0, 0, -1], [0, -1, 0]]",9.0,,14.5,0.25,4.5,,2.5,,1.5
"[[0, 1, 0], [0, 0, -1], [0, 0, -1]]",8.0,,5.5,1.0,11.0,,1.0,1.0,
"[[0, 0, 1], [0, 0, -1], [-1, 0, 0]]",14.25,6.25,,2.25,3.75,,,2.5,2.25
"[[0, 0, 1], [0, 0, -1], [0, -1, 0]]",11.0,12.0,,6.25,30.25,,17.0,,8.0
"[[0, 0, 1], [0, 0, -1], [0, 0, -1]]",5.25,12.0,,4.0,5.5,,2.5,5.5,
"[[0, 0, 0], [1, 0, -1], [-1, 0, 0]]",4.0,1.25,5.75,,2.5,,,3.5,2.75
"[[0, 0, 0], [1, 0, -1], [0, -1, 0]]",1.5,1.5,4.25,,2.0,,7.25,,3.5
"[[0, 0, 0], [1, 0, -1], [0, 0, -1]]",2.75,0.5,7.5,,1.75,,4.5,1.0,
"[[0, 0, 0], [0, 1, -1], [-1, 0, 0]]",9.0,12.0,6.5,4.5,,,,20.25,6.25
"[[0, 0, 0], [0, 1, -1], [0, -1, 0]]",14.0,5.5,5.75,4.5,,,4.25,,5.0
"[[0, 0, 0], [0, 1, -1], [0, 0, -1]]",3.25,5.0,30.25,3.0,,,6.5,6.25,
"[[0, 0, 0], [0, 0, -1], [1, -1, 0]]",5.5,3.25,5.0,17.0,6.75,,,,1.75
"[[0, 0, 0], [0, 0, -1], [1, 0, -1]]",4.5,2.0,5.0,11.0,6.0,,,2.0,
"[[0, 0, 0], [0, 0, -1], [-1, 1, 0]]",3.5,9.0,8.25,2.0,6.0,,,,1.25
"[[0, 0, 0], [0, 0, -1], [0, 1, -1]]",3.5,3.0,4.0,1.25,13.0,,1.5,,
"[[0, 0, 0], [0, 0, -1], [-1, 0, 1]]",12.0,2.25,3.75,3.0,17.25,,,5.0,
"[[0, 0, 0], [0, 0, -1], [0, -1, 1]]",9.0,5.75,5.5,3.5,20.25,,6.25,,
"[[1, 0, 0], [0, 0, 0], [-1, -1, 0]]",,4.0,4.5,0.5,2.5,2.5,,,15.0
"[[1, 0, 0], [0, 0, 0], [-1, 0, -1]]",,8.5,18.0,1.0,2.5,3.0,,3.75,
"[[0, 1, 0], [0, 0, 0], [-1, -1, 0]]",12.5,,2.5,1.75,0.75,0.5,,,3.0
"[[0, 1, 0], [0, 0, 0], [-1, 0, -1]]",5.0,,2.0,1.0,9.5,1.0,,6.0,
"[[0, 0, 1], [0, 0, 0], [-1, -1, 0]]",6.5,8.5,,3.0,4.25,7.0,,,28.0
"[[0, 0, 1], [0, 0, 0], [-1, 0, -1]]",6.75,2.5,,3.25,1.5,1.0,,3.5,
"[[0, 0, 0], [1, 0, 0], [-1, -1, 0]]",1.0,2.5,4.25,,4.5,3.0,,,11.25
"[[0, 0, 0], [1, 0, 0], [-1, 0, -1]]",2.0,1.5,1.25,,1.75,12.0,,3.5,
"[[0, 0, 0], [0, 1, 0], [-1, -1, 0]]",23.0,2.25,4.0,13.0,,8.5,,,10.25
"[[0, 0, 0], [0, 1, 0], [-1, 0, -1]]",8.5,43.5,6.25,8.5,,14.0,,21.0,
"[[0, 0, 0], [0, 0, 1], [-1, -1, 0]]",2.0,1.0,4.0,8.0,7.0,,,,2.5
"[[0, 0, 0], [0, 0, 1], [-1, 0, -1]]",2.0,1.5,1.0,6.5,6.0,,,4.25,
"[[0, 0, 0], [0, 0, 0], [-1, 1, -1]]",2.75,9.0,2.5,4.0,11.5,3.25,,,
"[[0, 0, 0], [0, 0, 0], [-1, -1, 1]]",4.0,2.25,15.25,3.75,4.0,5.5,,,
"[[1, 0, 0], [0, 0, 0], [0, -1, -1]]",,10.25,3.5,4.5,3.75,2.25,4.5,,
"[[0, 1, 0], [0, 0, 0], [0, -1, -1]]",2.25,,7.0,0.5,1.25,1.5,2.25,,
"[[0, 0, 1], [0, 0, 0], [0, -1, -1]]",7.0,12.5,,1.5,7.5,1.5,10.0,,
"[[0, 0, 0], [1, 0, 0], [0, -1, -1]]",4.0,2.0,2.0,,12.5,3.5,7.5,,
"[[0, 0, 0], [0, 1, 0], [0, -1, -1]]",4.0,2.25,11.5,9.5,,10.75,26.0,,
"[[0, 0, 0], [0, 0, 1], [0, -1, -1]]",2.75,1.0,2.5,4.5,10.75,,3.0,,
"[[0, 0, 0], [0, 0, 0], [1, -1, -1]]",4.25,3.5,4.5,6.0,14.25,2.5,,,
"[[-1, 1, -1], [1, 0, 0], [0, 0, 0]]",,,,,0.25,0.0,-1.0,-1.5,-2.0
"[[-1, 1, -1], [0, 1, 0], [0, 0, 0]]",,,,-7.75,,-3.25,-6.75,2.0,-4.75
"[[-1, 1, -1], [0, 0, 1], [0, 0, 0]]",,,,0.0,0.25,,-1.0,0.25,-1.0
"[[-1, 1, -1], [0, 0, 0], [1, 0, 0]]",,,,0.0,-0.75,-0.5,,0.75,-1.0
"[[-1, 1, -1], [0, 0, 0], [0, 1, 0]]",,,,-8.0,-1.0,-9.0,-2.0,,0.0
"[[-1, 1, -1], [0, 0, 0], [0, 0, 1]]",,,,-0.75,-0.25,-0.75,0.0,1.25,
"[[-1, 1, 1], [-1, 0, 0], [0, 0, 0]]",,,,,0.0,-1.0,0.0,0.0,-1.0
"[[-1, 1, 0], [-1, 1, 0], [0, 0, 0]]",,,-1.75,,,-0.5,0.0,-0.25,-1.75
"[[-1, 1, 0], [-1, 0, 1], [0, 0, 0]]",,,0.25,,0.25,,0.0,1.0,0.0
"[[-1, 1, 0], [-1, 0, 0], [1, 0, 0]]",,,-2.5,,0.0,-0.75,,-0.5,0.0
"[[-1, 1, 0], [-1, 0, 0], [0, 1, 0]]",,,-3.0,,0.0,-2.0,0.0,,-2.0
"[[-1, 1, 0], [-1, 0, 0], [0, 0, 1]]",,,-0.75,,-1.0,0.25,0.0,0.25,
"[[-1, 1, 1], [0, -1, 0], [0, 0, 0]]",,,,0.0,,1.25,0.75,-1.0,0.0
"[[-1, 1, 0], [1, -1, 0], [0, 0, 0]]",,,0.0,,,0.5,0.75,0.75,0.0
"[[-1, 1, 0], [0, -1, 1], [0, 0, 0]]",,,0.0,-0.75,,,0.0,-2.0,0.0
"[[-1, 1, 0], [0, -1, 0], [1, 0, 0]]",,,-2.0,-2.0,,0.5,,1.5,0.0
"[[-1, 1, 0], [0, -1, 0], [0, 1, 0]]",,,0.0,0.0,,0.0,0.0,,0.0
"[[-1, 1, 0], [0, -1, 0], [0, 0, 1]]",,,-1.0,1.0,,1.75,-0.5,-3.25,
"[[-1, 1, 1], [0, 0, -1], [0, 0, 0]]",,,,-1.0,0.5,,0.0,0.25,0.0
"[[-1, 1, 0], [1, 0, -1], [0, 0, 0]]",,,-1.0,,0.0,,-1.75,0.25,0.0
"[[-1, 1, 0], [0, 1, -1], [0, 0, 0]]",,,-6.25,-2.0,,,-5.5,-0.5,-5.0
"[[-1, 1, 0], [0, 0, -1], [1, 0, 0]]",,,-0.25,0.5,-0.75,,,0.25,-1.0
"[[-1, 1, 0], [0, 0, -1], [0, 1, 0]]",,,-2.0,-2.0,-1.0,,0.0,,-2.0
"[[-1, 1, 0], [0, 0, -1], [0, 0, 1]]",,,-0.25,0.25,0.0,,1.75,0.25,
"[[-1, 1, 1], [0, 0, 0], [-1, 0, 0]]",,,,0.0,-1.0,-0.5,,0.5,0.0
"[[-1, 1, 0], [1, 0, 0], [-1, 0, 0]]",,,-2.0,,0.0,-3.0,,0.5,-1.0
"[[-1, 1, 0], [0, 1, 0], [-1, 0, 0]]",,,-5.0,0.0,,-5.75,,-1.75,-4.0
"[[-1, 1, 0], [0, 0, 1], [-1, 0, 0]]",,,0.0,0.0,0.0,,,-1.0,-1.0
"[[-1, 1, 0], [0, 0, 0], [-1, 1, 0]]",,,-2.0,0.0,0.0,-6.0,,,-3.0
"[[-1, 1, 0], [0, 0, 0], [-1, 0, 1]]",,,1.0,0.0,0.0,0.0,,0.75,
"[[-1, 1, 1], [0, 0, 0], [0, -1, 0]]",,,,-2.0,0.5,0.0,0.0,,0.0
"[[-1, 1, 0], [1, 0, 0], [0, -1, 0]]",,,0.5,,0.25,1.25,-0.5,,0.0
"[[-1, 1, 0], [0, 1, 0], [0, -1, 0]]",,,-0.75,0.25,,-0.25,0.25,,0.75
"[[-1, 1, 0], [0, 0, 1], [0, -1, 0]]",,,-0.75,-0.5,-0.75,,-1.0,,-0.75
"[[-1, 1, 0], [0, 0, 0], [1, -1, 0]]",,,1.75,-1.0,0.25,-1.0,,,0.25
"[[-1, 1, 0], [0, 0, 0], [0, -1, 1]]",,,0.25,0.75,-1.5,1.0,0.25,,
"[[-1, 1, 1], [0, 0, 0], [0, 0, -1]]",,,,-3.0,0.0,-1.0,0.0,-2.0,
"[[-1, 1, 0], [1, 0, 0], [0, 0, -1]]",,,-1.0,,0.0,0.0,-1.0,0.0,
"[[-1, 1, 0], [0, 1, 0], [0, 0, -1]]",,,-2.0,-7.0,,-3.0,-4.0,-1.0,
"[[-1, 1, 0], [0, 0, 1], [0, 0, -1]]",,,0.0,0.0,0.0,,0.0,-0.5,
"[[-1, 1, 0], [0, 0, 0], [1, 0, -1]]",,,0.0,-1.0,0.0,-3.0,,0.5,
"[[-1, 1, 0], [0, 0, 0], [0, 1, -1]]",,,-4.0,-1.0,0.0,-1.0,-6.0,,
"[[-1, -1, 1], [1, 0, 0], [0, 0, 0]]",,,,,0.25,-0.75,-1.5,-0.5,0.0
"[[-1, -1, 1], [0, 1, 0], [0, 0, 0]]",,,,-3.0,,-11.0,-1.0,-7.75,-2.0
"[[-1, -1, 1], [0, 0, 1], [0, 0, 0]]",,,,-5.0,-5.0,,-5.0,-2.0,-3.0
"[[-1, -1, 1], [0, 0, 0], [1, 0, 0]]",,,,-5.0,-3.0,-6.0,,-6.0,-4.0
"[[-1, -1, 1], [0, 0, 0], [0, 1, 0]]",,,,-2.0,-0.75,0.75,0.5,,0.0
"[[-1, -1, 1], [0, 0, 0], [0, 0, 1]]",,,,-2.0,-1.0,-1.0,-4.75,0.0,
"[[-1, 0, 1], [-1, 1, 0], [0, 0, 0]]",,-5.0,,,,-7.0,0.0,-2.0,-7.0
"[[-1, 0, 1], [-1, 0, 1], [0, 0, 0]]",,-3.0,,,-2.0,,0.0,-2.0,-1.0
"[[-1, 0, 1], [-1, 0, 0], [1, 0, 0]]",,-2.0,,,-2.0,-5.0,,-1.0,-1.0
"[[-1, 0, 1], [-1, 0, 0], [0, 1, 0]]",,-1.0,,,-1.0,0.0,0.0,,-1.0
"[[-1, 0, 1], [-1, 0, 0], [0, 0, 1]]",,-3.0,,,-3.0,-3.0,0.0,-1.0,
"[[-1, 0, 1], [1, -1, 0], [0, 0, 0]]",,-0.75,,,,1.25,-1.5,-1.0,0.0
"[[-1, 0, 1], [0, -1, 1], [0, 0, 0]]",,-5.0,,-6.0,,,-4.0,-10.0,0.0
"[[-1, 0, 1], [0, -1, 0], [1, 0, 0]]",,-3.0,,-2.0,,0.0,,0.0,0.0
"[[-1, 0, 1], [0, -1, 0], [0, 1, 0]]",,-2.0,,0.0,,0.25,0.75,,0.0
"[[-1, 0, 1], [0, -1, 0], [0, 0, 1]]",,-7.0,,-4.0,,0.5,-4.75,-9.75,
"[[-1, 0, 1], [1, 0, -1], [0, 0, 0]]",,-3.0,,,0.25,,1.5,1.0,-0.75
"[[-1, 0, 1], [0, 1, -1], [0, 0, 0]]",,-3.5,,-6.0,,,-1.0,-2.0,-1.75
"[[-1, 0, 1], [0, 0, -1], [1, 0, 0]]",,-10.0,,-5.0,0.0,,,-4.0,-6.0
"[[-1, 0, 1], [0, 0, -1], [0, 1, 0]]",,-1.5,,-2.0,-1.0,,0.25,,-1.75
"[[-1, 0, 1], [0, 0, -1], [0, 0, 1]]",,0.5,,-1.0,0.75,,2.0,0.75,
"[[-1, 0, 1], [1, 0, 0], [-1, 0, 0]]",,-0.5,,,0.25,1.0,,0.25,0.0
"[[-1, 0, 1], [0, 1, 0], [-1, 0, 0]]",,-1.75,,0.0,,1.25,,0.25,0.25
"[[-1, 0, 1], [0, 0, 1], [-1, 0, 0]]",,-3.0,,0.0,-8.0,,,-2.0,0.0
"[[-1, 0, 1], [0, 0, 0], [-1, 1, 0]]",,0.0,,0.0,0.25,-0.75,,,0.0
"[[-1, 0, 1], [0, 0, 0], [-1, 0, 1]]",,-1.75,,0.0,-8.75,1.0,,-1.5,
"[[-1, 0, 1], [1, 0, 0], [0, -1, 0]]",,-2.0,,,-1.0,0.25,-1.75,,0.0
"[[-1, 0, 1], [0, 1, 0], [0, -1, 0]]",,-3.0,,-5.0,,-10.0,-1.75,,-6.0
"[[-1, 0, 1], [0, 0, 1], [0, -1, 0]]",,-6.0,,-1.0,-3.0,,-2.0,,0.0
"[[-1, 0, 1], [0, 0, 0], [1, -1, 0]]",,-1.0,,-2.0,0.0,-3.0,,,-2.0
"[[-1, 0, 1], [0, 0, 0], [0, -1, 1]]",,-3.0,,-8.0,-3.75,0.0,-8.75,,
"[[-1, 0, 1], [1, 0, 0], [0, 0, -1]]",,0.5,,,0.0,-1.75,0.25,0.0,
"[[-1, 0, 1], [0, 1, 0], [0, 0, -1]]",,-9.75,,-12.0,,-10.75,-2.75,-13.0,
"[[-1, 0, 1], [0, 0, 1], [0, 0, -1]]",,-1.0,,0.0,0.0,,-1.0,-1.0,
"[[-1, 0, 1], [0, 0, 0], [1, 0, -1]]",,-2.0,,0.0,0.0,-3.0,,-3.0,
"[[-1, 0, 1], [0, 0, 0], [0, 1, -1]]",,-0.5,,0.0,0.0,0.0,0.25,,
"[[-1, -1, 0], [1, 1, 0], [0, 0, 0]]",,,0.0,,,-0.75,-3.25,-19.5,-5.5
"[[-1, -1, 0], [1, 0, 1], [0, 0, 0]]",,,0.0,,-2.0,,-3.0,-4.0,-1.0
"[[-1, -1, 0], [1, 0, 0], [1, 0, 0]]",,,0.0,,0.0,-1.0,,0.0,0.0
"[[-1, -1, 0], [1, 0, 0], [0, 1, 0]]",,,0.0,,-1.5,-0.5,0.25,,0.0
"[[-1, -1, 0], [1, 0, 0], [0, 0, 1]]",,,0.0,,-0.75,-0.5,-1.0,0.5,
"[[-1, 0, -1], [1, 1, 0], [0, 0, 0]]",,0.0,,,,0.5,-12.5,0.25,-2.0
"[[-1, 0, -1], [1, 0, 1], [0, 0, 0]]",,0.0,,,0.0,,-2.0,-8.0,-9.0
"[[-1, 0, -1], [1, 0, 0], [1, 0, 0]]",,0.0,,,0.5,0.0,,0.0,0.0
"[[-1, 0, -1], [1, 0, 0], [0, 1, 0]]",,0.0,,,0.0,-1.0,-1.0,,-2.0
"[[-1, 0, -1], [1, 0, 0], [0, 0, 1]]",,0.0,,,-0.5,0.25,0.0,-0.75,
"[[-1, 0, 0], [1, -1, 1], [0, 0, 0]]",,0.0,0.0,,,,-1.0,-2.0,0.0
"[[-1, 0, 0], [1, -1, 0], [1, 0, 0]]",,0.0,-0.75,,,0.0,,0.25,0.0
"[[-1, 0, 0], [1, -1, 0], [0, 1, 0]]",,-2.0,-1.0,,,0.0,0.75,,0.0
"[[-1, 0, 0], [1, -1, 0], [0, 0, 1]]",,1.25,-0.5,,,-1.5,-1.5,-0.5,
"[[-1, 0, 0], [1, 1, -1], [0, 0, 0]]",,-0.5,0.75,,,,0.25,-0.75,-1.5
"[[-1, 0, 0], [1, 0, -1], [1, 0, 0]]",,0.0,0.0,,-1.0,,,0.25,-1.0
"[[-1, 0, 0], [1, 0, -1], [0, 1, 0]]",,0.25,0.0,,0.0,,-1.0,,-0.25
"[[-1, 0, 0], [1, 0, -1], [0, 0, 1]]",,0.25,0.0,,-1.0,,0.25,1.25,
"[[-1, 0, 0], [1, 1, 0], [-1, 0, 0]]",,-9.5,-14.25,,,-1.5,,-2.5,-6.5
"[[-1, 0, 0], [1, 0, 1], [-1, 0, 0]]",,-3.0,-2.0,,-1.0,,,-2.0,-5.0
"[[-1, 0, 0], [1, 0, 0], [-1, 1, 0]]",,0.0,0.0,,0.75,0.5,,,0.0
"[[-1, 0, 0], [1, 0, 0], [-1, 0, 1]]",,-0.5,0.5,,-0.25,1.75,,-0.5,
"[[-1, 0, 0], [1, 1, 0], [0, -1, 0]]",,-4.5,-6.0,,,-1.5,-6.25,,-8.0
"[[-1, 0, 0], [1, 0, 1], [0, -1, 0]]",,-4.0,-2.0,,0.0,,0.0,,-4.0
"[[-1, 0, 0], [1, 0, 0], [1, -1, 0]]",,-1.0,-0.75,,0.25,-1.75,,,-1.0
"[[-1, 0, 0], [1, 0, 0], [0, -1, 1]]",,-1.0,1.25,,0.0,0.5,-2.5,,
"[[-1, 0, 0], [1, 1, 0], [0, 0, -1]]",,-1.0,-6.0,,,0.0,-1.75,-6.0,
"[[-1, 0, 0], [1, 0, 1], [0, 0, -1]]",,-8.0,0.0,,0.0,,-2.0,0.0,
"[[-1, 0, 0], [1, 0, 0], [1, 0, -1]]",,-2.0,0.0,,0.0,-2.0,,-2.0,
"[[-1, 0, 0], [1, 0, 0], [0, 1, -1]]",,0.0,0.0,,0.0,0.0,-2.0,,
"[[-1, -1, 0], [0, 1, 1], [0, 0, 0]]",,,0.0,-1.0,,,-1.0,-8.0,-6.0
"[[-1, -1, 0], [0, 1, 0], [1, 0, 0]]",,,0.0,-2.0,,-9.0,,-13.0,-7.0
"[[-1, -1, 0], [0, 1, 0], [0, 1, 0]]",,,0.0,-1.0,,-1.0,0.5,,0.0
"[[-1, -1, 0], [0, 1, 0], [0, 0, 1]]",,,0.0,-1.0,,-2.0,-0.5,-4.0,
"[[-1, 0, -1], [0, 1, 1], [0, 0, 0]]",,0.0,,-1.5,,,-21.0,-23.5,-11.0
"[[-1, 0, -1], [0, 1, 0], [1, 0, 0]]",,0.0,,-1.25,,-0.25,,1.25,-1.75
"[[-1, 0, -1], [0, 1, 0], [0, 1, 0]]",,0.0,,-7.0,,-6.0,-7.0,,-6.0
"[[-1, 0, -1], [0, 1, 0], [0, 0, 1]]",,0.0,,-1.0,,-1.0,0.0,-0.5,
"[[-1, 0, 0], [-1, 1, 1], [0, 0, 0]]",,-1.0,-1.0,,,,0.0,1.0,-1.75
"[[-1, 0, 0], [-1, 1, 0], [1, 0, 0]]",,-6.0,-2.0,,,-13.75,,-5.75,-6.75
"[[-1, 0, 0], [-1, 1, 0], [0, 1, 0]]",,-1.0,-4.0,,,-11.0,0.0,,-4.0
"[[-1, 0, 0], [-1, 1, 0], [0, 0, 1]]",,0.0,0.75,,,-3.0,0.0,-3.0,
"[[-1, 0, 0], [0, 1, -1], [1, 0, 0]]",,-3.0,-0.5,-6.5,,,,-5.75,-9.0
"[[-1, 0, 0], [0, 1, -1], [0, 1, 0]]",,-1.0,-4.0,-11.0,,,-4.0,,-7.0
"[[-1, 0, 0], [0, 1, -1], [0, 0, 1]]",,-0.5,-1.0,-5.5,,,0.5,-0.75,
"[[-1, 0, 0], [0, 1, 1], [-1, 0, 0]]",,-1.0,-2.0,0.0,,,,-4.0,-5.0
"[[-1, 0, 0], [0, 1, 0], [-1, 1, 0]]",,-1.25,-4.0,0.0,,-8.0,,,-5.75
"[[-1, 0, 0], [0, 1, 0], [-1, 0, 1]]",,0.75,-0.25,0.0,,0.0,,0.5,
"[[-1, 0, 0], [0, 1, 1], [0, -1, 0]]",,-7.0,-3.75,-0.75,,,-8.0,,-7.75
"[[-1, 0, 0], [0, 1, 0], [1, -1, 0]]",,-11.0,1.5,-4.0,,-9.0,,,-12.0
"[[-1, 0, 0], [0, 1, 0], [0, -1, 1]]",,-0.75,0.0,-1.0,,-1.75,-0.75,,
"[[-1, 0, 0], [0, 1, 1], [0, 0, -1]]",,-7.0,-7.25,-4.75,,,-9.0,-7.75,
"[[-1, 0, 0], [0, 1, 0], [1, 0, -1]]",,-8.0,-2.0,-4.75,,-9.0,,-4.0,
"[[-1, 0, 0], [0, 1, 0], [0, 1, -1]]",,-0.5,-4.0,-2.0,,-3.75,-1.75,,
"[[-1, -1, 0], [0, 0, 1], [1, 0, 0]]",,,0.0,-1.0,-1.0,,,0.0,-1.0
"[[-1, -1, 0], [0, 0, 1], [0, 1, 0]]",,,0.0,0.0,0.0,,-1.0,,0.0
"[[-1, -1, 0], [0, 0, 1], [0, 0, 1]]",,,0.0,-4.0,-2.0,,-5.0,-2.0,
"[[-1, 0, -1], [0, 0, 1], [1, 0, 0]]",,0.0,,0.0,0.25,,,-0.75,-1.25
"[[-1, 0, -1], [0, 0, 1], [0, 1, 0]]",,0.0,,0.0,-1.0,,0.0,,0.0
"[[-1, 0, -1], [0, 0, 1], [0, 0, 1]]",,0.0,,0.0,-1.0,,-2.0,0.0,
"[[-1, 0, 0], [-1, 0, 1], [1, 0, 0]]",,-3.0,0.25,,0.25,,,0.75,-1.0
"[[-1, 0, 0], [-1, 0, 1], [0, 1, 0]]",,0.0,0.0,,0.0,,0.0,,0.0
"[[-1, 0, 0], [-1, 0, 1], [0, 0, 1]]",,-1.0,0.25,,-6.75,,0.0,-3.0,
"[[-1, 0, 0], [0, -1, 1], [1, 0, 0]]",,0.0,1.0,-2.75,,,,-2.5,0.0
"[[-1, 0, 0], [0, -1, 1], [0, 1, 0]]",,-1.0,0.0,0.0,,,-1.0,,0.0
"[[-1, 0, 0], [0, -1, 1], [0, 0, 1]]",,-4.0,-1.75,-0.75,,,0.0,-3.0,
"[[-1, 0, 0], [0, 0, 1], [-1, 1, 0]]",,-1.0,0.0,0.0,-1.0,,,,-1.0
"[[-1, 0, 0], [0, 0, 1], [-1, 0, 1]]",,-9.0,-1.0,0.0,-6.0,,,-5.0,
"[[-1, 0, 0], [0, 0, 1], [1, -1, 0]]",,-1.0,0.25,0.0,-1.0,,,,-1.0
"[[-1, 0, 0], [0, 0, 1], [0, -1, 1]]",,-1.0,-0.75,-2.75,-2.0,,-2.0,,
"[[-1, 0, 0], [0, 0, 1], [1, 0, -1]]",,-1.0,0.25,0.25,0.0,,,-0.75,
"[[-1, 0, 0], [0, 0, 1], [0, 1, -1]]",,-1.0,-1.0,-1.0,0.0,,0.0,,
"[[-1, -1, 0], [0, 0, 0], [1, 1, 0]]",,,0.0,-4.0,-4.0,-1.0,,,0.0
"[[-1, -1, 0], [0, 0, 0], [1, 0, 1]]",,,0.0,-6.0,-1.0,-7.0,,-1.0,
"[[-1, 0, -1], [0, 0, 0], [1, 1, 0]]",,0.0,,-14.0,-2.0,-2.0,,,-1.0
"[[-1, 0, -1], [0, 0, 0], [1, 0, 1]]",,0.0,,-2.0,-6.5,-5.5,,1.75,
"[[-1, 0, 0], [-1, 0, 0], [1, 1, 0]]",,-3.0,-10.0,,-6.0,-6.0,,,-3.0
"[[-1, 0, 0], [-1, 0, 0], [1, 0, 1]]",,-2.0,-2.0,,-1.5,-3.5,,-1.75,
"[[-1, 0, 0], [0, -1, 0], [1, 1, 0]]",,-6.0,-5.0,-4.0,,-3.0,,,0.0
"[[-1, 0, 0], [0, -1, 0], [1, 0, 1]]",,-3.0,-3.75,-4.5,,-2.75,,0.75,
"[[-1, 0, 0], [0, 0, -1], [1, 1, 0]]",,-2.0,-2.0,-2.0,-2.0,,,,-1.0
"[[-1, 0, 0], [0, 0, -1], [1, 0, 1]]",,-8.0,-10.0,-9.0,-8.0,,,-2.25,
"[[-1, 0, 0], [0, 0, 0], [1, -1, 1]]",,-2.0,0.5,0.25,-1.0,-0.75,,,
"[[-1, 0, 0], [0, 0, 0], [1, 1, -1]]",,0.0,0.0,-2.0,0.0,0.0,,,
"[[-1, -1, 0], [0, 0, 0], [0, 1, 1]]",,,0.0,-2.0,-2.0,-1.5,-0.75,,
"[[-1, 0, -1], [0, 0, 0], [0, 1, 1]]",,0.0,,-4.0,-6.0,-5.0,-1.0,,
"[[-1, 0, 0], [-1, 0, 0], [0, 1, 1]]",,-2.0,-2.0,,-2.0,-6.0,0.0,,
"[[-1, 0, 0], [0, -1, 0], [0, 1, 1]]",,-2.0,-13.0,-11.0,,-7.0,-1.25,,
"[[-1, 0, 0], [0, 0, -1], [0, 1, 1]]",,-2.0,-7.0,-1.0,-4.25,,-0.75,,
"[[-1, 0, 0], [0, 0, 0], [-1, 1, 1]]",,0.0,-1.0,0.0,0.0,-0.75,,,
"[[1, -1, -1], [1, 0, 0], [0, 0, 0]]",,,,,-2.0,-3.0,-1.0,-5.0,-1.0
"[[1, -1, -1], [0, 1, 0], [0, 0, 0]]",,,,-15.5,,-12.0,-9.0,-13.5,-2.75
"[[1, -1, -1], [0, 0, 1], [0, 0, 0]]",,,,0.25,0.25,,-4.0,-0.75,-1.5
"[[1, -1, -1], [0, 0, 0], [1, 0, 0]]",,,,0.0,0.25,-1.0,,-3.0,-2.0
"[[1, -1, -1], [0, 0, 0], [0, 1, 0]]",,,,-1.0,-2.75,0.0,0.25,,0.5
"[[1, -1, -1], [0, 0, 0], [0, 0, 1]]",,,,-6.0,-2.0,-6.0,-8.0,-4.0,
"[[1, -1, 1], [-1, 0, 0], [0, 0, 0]]",,,,,-1.0,-0.75,0.25,-1.0,-0.75
"[[1, -1, 0], [-1, 1, 0], [0, 0, 0]]",,,-3.75,,,-5.0,-4.25,-7.0,0.25
"[[1, -1, 0], [-1, 0, 1], [0, 0, 0]]",,,0.25,,0.5,,0.25,0.0,0.25
"[[1, -1, 0], [-1, 0, 0], [1, 0, 0]]",,,0.25,,0.75,-4.0,,0.0,0.25
"[[1, -1, 0], [-1, 0, 0], [0, 1, 0]]",,,0.0,,-0.75,-1.0,-1.0,,0.75
"[[1, -1, 0], [-1, 0, 0], [0, 0, 1]]",,,-7.0,,-2.0,-9.0,-1.0,-5.0,
"[[1, -1, 1], [0, -1, 0], [0, 0, 0]]",,,,0.25,,0.25,0.75,0.0,2.25
"[[1, -1, 0], [1, -1, 0], [0, 0, 0]]",,,-8.0,,,-4.0,1.0,0.0,-6.75
"[[1, -1, 0], [0, -1, 1], [0, 0, 0]]",,,-1.0,1.25,,,0.75,0.0,2.0
"[[1, -1, 0], [0, -1, 0], [1, 0, 0]]",,,-27.5,-1.0,,-17.0,,0.0,-16.25
"[[1, -1, 0], [0, -1, 0], [0, 1, 0]]",,,-3.0,-0.5,,-0.25,0.25,,-0.25
"[[1, -1, 0], [0, -1, 0], [0, 0, 1]]",,,-1.0,-5.0,,-4.0,0.0,0.0,
"[[1, -1, 1], [0, 0, -1], [0, 0, 0]]",,,,-1.5,1.0,,0.25,-2.0,0.0
"[[1, -1, 0], [1, 0, -1], [0, 0, 0]]",,,-4.0,,-0.75,,0.25,-6.0,-2.0
"[[1, -1, 0], [0, 1, -1], [0, 0, 0]]",,,-5.0,-1.75,,,-4.0,-8.0,0.5
"[[1, -1, 0], [0, 0, -1], [1, 0, 0]]",,,-3.0,-1.0,-1.0,,,-6.0,-1.0
"[[1, -1, 0], [0, 0, -1], [0, 1, 0]]",,,0.0,-1.0,-1.0,,-0.5,,0.0
"[[1, -1, 0], [0, 0, -1], [0, 0, 1]]",,,-4.0,-3.0,-3.0,,-4.0,-4.0,
"[[1, -1, 1], [0, 0, 0], [-1, 0, 0]]",,,,-0.5,0.0,0.0,,-1.0,1.0
"[[1, -1, 0], [1, 0, 0], [-1, 0, 0]]",,,0.0,,0.75,0.0,,-1.0,0.0
"[[1, -1, 0], [0, 1, 0], [-1, 0, 0]]",,,-7.75,-7.75,,-9.0,,-6.0,-4.5
"[[1, -1, 0], [0, 0, 1], [-1, 0, 0]]",,,-1.0,-1.0,0.25,,,-1.0,0.25
"[[1, -1, 0], [0, 0, 0], [-1, 1, 0]]",,,-0.5,0.0,1.0,-1.0,,,0.25
"[[1, -1, 0], [0, 0, 0], [-1, 0, 1]]",,,-3.0,-3.0,0.0,-1.0,,-1.0,
"[[1, -1, 1], [0, 0, 0], [0, -1, 0]]",,,,-2.0,0.0,-2.0,-1.0,,-1.0
"[[1, -1, 0], [1, 0, 0], [0, -1, 0]]",,,-2.0,,0.0,-6.0,0.0,,-6.0
"[[1, -1, 0], [0, 1, 0], [0, -1, 0]]",,,-7.0,-9.5,,-9.0,-6.0,,-6.0
"[[1, -1, 0], [0, 0, 1], [0, -1, 0]]",,,-2.0,0.25,0.0,,0.0,,0.5
"[[1, -1, 0], [0, 0, 0], [1, -1, 0]]",,,-4.0,-1.25,0.0,-2.0,,,-0.5
"[[1, -1, 0], [0, 0, 0], [0, -1, 1]]",,,-6.0,-9.0,0.0,-8.0,-7.0,,
"[[1, -1, 1], [0, 0, 0], [0, 0, -1]]",,,,-2.5,0.5,-1.75,1.25,-1.0,
"[[1, -1, 0], [1, 0, 0], [0, 0, -1]]",,,-6.0,,-13.75,-4.0,-0.75,-2.0,
"[[1, -1, 0], [0, 1, 0], [0, 0, -1]]",,,-2.75,0.75,,-0.5,0.25,-1.5,
"[[1, -1, 0], [0, 0, 1], [0, 0, -1]]",,,-1.75,0.5,0.0,,-1.0,0.0,
"[[1, -1, 0], [0, 0, 0], [1, 0, -1]]",,,-2.0,-0.5,-2.75,-2.0,,-5.0,
"[[1, -1, 0], [0, 0, 0], [0, 1, -1]]",,,-1.0,0.5,-0.75,0.25,2.25,,
"[[0, -1, 1], [-1, 1, 0], [0, 0, 0]]",-6.0,,,,,-1.0,0.75,-8.0,-7.0
"[[0, -1, 1], [-1, 0, 1], [0, 0, 0]]",-2.0,,,,-8.25,,-2.0,-1.0,-1.0
"[[0, -1, 1], [-1, 0, 0], [1, 0, 0]]",-2.0,,,,0.0,-2.0,,-3.0,-1.0
"[[0, -1, 1], [-1, 0, 0], [0, 1, 0]]",-1.0,,,,-1.5,0.0,0.0,,-1.0
"[[0, -1, 1], [-1, 0, 0], [0, 0, 1]]",-2.0,,,,-3.0,-2.0,-4.0,-2.0,
"[[0, -1, 1], [1, -1, 0], [0, 0, 0]]",-1.0,,,,,0.5,0.25,0.0,-1.75
"[[0, -1, 1], [0, -1, 1], [0, 0, 0]]",-10.0,,,-2.25,,,-11.5,0.0,1.25
"[[0, -1, 1], [0, -1, 0], [1, 0, 0]]",-1.0,,,-1.0,,-1.0,,0.0,0.0
"[[0, -1, 1], [0, -1, 0], [0, 1, 0]]",0.25,,,0.0,,0.25,1.75,,0.5
"[[0, -1, 1], [0, -1, 0], [0, 0, 1]]",-6.75,,,-6.0,,0.0,-5.5,0.0,
"[[0, -1, 1], [1, 0, -1], [0, 0, 0]]",0.5,,,,0.75,,0.25,0.5,0.25
"[[0, -1, 1], [0, 1, -1], [0, 0, 0]]",-2.5,,,-5.5,,,-0.25,-5.75,-1.75
"[[0, -1, 1], [0, 0, -1], [1, 0, 0]]",-3.0,,,-1.0,-2.0,,,-3.0,-1.0
"[[0, -1, 1], [0, 0, -1], [0, 1, 0]]",1.25,,,-0.75,0.75,,0.0,,-0.25
"[[0, -1, 1], [0, 0, -1], [0, 0, 1]]",0.0,,,-1.0,0.75,,0.25,-1.0,
"[[0, -1, 1], [1, 0, 0], [-1, 0, 0]]",0.25,,,,0.5,0.0,,-1.5,0.25
"[[0, -1, 1], [0, 1, 0], [-1, 0, 0]]",-0.5,,,0.0,,-1.75,,-4.0,-1.0
"[[0, -1, 1], [0, 0, 1], [-1, 0, 0]]",-4.0,,,-1.75,-2.75,,,-5.0,-1.75
"[[0, -1, 1], [0, 0, 0], [-1, 1, 0]]",0.75,,,0.0,0.0,1.75,,,1.0
"[[0, -1, 1], [0, 0, 0], [-1, 0, 1]]",-4.0,,,-2.0,-2.0,-0.25,,-2.0,
"[[0, -1, 1], [1, 0, 0], [0, -1, 0]]",-1.0,,,,0.0,-0.75,0.5,,-3.0
"[[0, -1, 1], [0, 1, 0], [0, -1, 0]]",-7.0,,,-6.0,,-3.75,-3.0,,-5.0
"[[0, -1, 1], [0, 0, 1], [0, -1, 0]]",-3.0,,,-3.0,0.0,,-2.0,,-1.0
"[[0, -1, 1], [0, 0, 0], [1, -1, 0]]",-3.0,,,-8.0,0.0,-4.0,,,-3.0
"[[0, -1, 1], [0, 0, 0], [0, -1, 1]]",-4.0,,,-8.0,0.0,-0.75,-5.0,,
"[[0, -1, 1], [1, 0, 0], [0, 0, -1]]",-1.0,,,,0.75,-0.75,0.25,-1.0,
"[[0, -1, 1], [0, 1, 0], [0, 0, -1]]",-11.0,,,-18.5,,-6.5,0.75,-14.0,
"[[0, -1, 1], [0, 0, 1], [0, 0, -1]]",0.0,,,0.0,0.0,,-0.5,0.0,
"[[0, -1, 1], [0, 0, 0], [1, 0, -1]]",-2.0,,,-1.0,-1.0,-5.0,,-3.0,
"[[0, -1, 1], [0, 0, 0], [0, 1, -1]]",0.25,,,0.25,0.5,-0.5,1.5,,
"[[0, -1, -1], [1, 1, 0], [0, 0, 0]]",0.0,,,,,-2.0,-8.0,-2.0,-5.0
"[[0, -1, -1], [1, 0, 1], [0, 0, 0]]",0.0,,,,0.0,,-3.0,-2.0,-1.0
"[[0, -1, -1], [1, 0, 0], [1, 0, 0]]",0.0,,,,-5.0,0.0,,0.0,-1.0
"[[0, -1, -1], [1, 0, 0], [0, 1, 0]]",0.0,,,,0.0,-1.0,-1.0,,-1.0
"[[0, -1, -1], [1, 0, 0], [0, 0, 1]]",0.0,,,,0.0,-2.0,-1.0,-1.0,
"[[0, -1, 0], [1, -1, 1], [0, 0, 0]]",0.0,,0.0,,,,-2.0,0.0,0.0
"[[0, -1, 0], [1, -1, 0], [1, 0, 0]]",0.0,,-6.0,,,-5.0,,0.0,-4.0
"[[0, -1, 0], [1, -1, 0], [0, 1, 0]]",-0.5,,-1.0,,,-2.75,0.25,,-1.75
"[[0, -1, 0], [1, -1, 0], [0, 0, 1]]",-0.75,,-3.0,,,-0.75,0.25,0.0,
"[[0, -1, 0], [1, 1, -1], [0, 0, 0]]",0.0,,0.0,,,,-1.0,-1.0,0.0
"[[0, -1, 0], [1, 0, -1], [1, 0, 0]]",-1.0,,-1.0,,-6.0,,,-2.0,-2.0
"[[0, -1, 0], [1, 0, -1], [0, 1, 0]]",0.0,,-1.0,,-1.25,,0.25,,-0.75
"[[0, -1, 0], [1, 0, -1], [0, 0, 1]]",-0.75,,0.0,,0.5,,0.25,0.75,
"[[0, -1, 0], [1, 1, 0], [-1, 0, 0]]",-5.0,,-10.0,,,-0.25,,-8.75,-3.0
"[[0, -1, 0], [1, 0, 1], [-1, 0, 0]]",-3.0,,-3.0,,-1.0,,,-3.0,-10.0
"[[0, -1, 0], [1, 0, 0], [-1, 1, 0]]",-0.75,,0.0,,0.0,0.0,,,0.75
"[[0, -1, 0], [1, 0, 0], [-1, 0, 1]]",-0.5,,-1.0,,-1.5,-0.75,,-0.75,
"[[0, -1, 0], [1, 1, 0], [0, -1, 0]]",-8.0,,-5.0,,,-0.75,-3.0,,-6.0
"[[0, -1, 0], [1, 0, 1], [0, -1, 0]]",-2.0,,-3.0,,0.0,,0.0,,0.0
"[[0, -1, 0], [1, 0, 0], [1, -1, 0]]",-1.0,,-2.0,,0.0,-4.0,,,-4.0
"[[0, -1, 0], [1, 0, 0], [0, -1, 1]]",0.25,,-3.0,,0.0,0.0,-1.0,,
"[[0, -1, 0], [1, 1, 0], [0, 0, -1]]",-0.75,,-4.0,,,-0.5,-3.75,-6.0,
"[[0, -1, 0], [1, 0, 1], [0, 0, -1]]",0.0,,-5.0,,-1.0,,-2.0,-11.0,
"[[0, -1, 0], [1, 0, 0], [1, 0, -1]]",-1.0,,-3.0,,0.0,0.0,,-5.0,
"[[0, -1, 0], [1, 0, 0], [0, 1, -1]]",0.5,,0.0,,-2.0,0.25,0.25,,
"[[0, -1, -1], [0, 1, 1], [0, 0, 0]]",0.0,,,-1.75,,,-4.75,-5.0,-2.75
"[[0, -1, -1], [0, 1, 0], [1, 0, 0]]",0.0,,,-0.75,,-2.0,,-2.0,-1.0
"[[0, -1, -1], [0, 1, 0], [0, 1, 0]]",0.0,,,-1.5,,-3.0,-0.75,,-1.0
"[[0, -1, -1], [0, 1, 0], [0, 0, 1]]",0.0,,,-1.0,,-3.0,-3.0,-1.0,
"[[0, -1, 0], [-1, 1, 1], [0, 0, 0]]",-1.0,,-1.75,,,,-1.5,-3.75,-1.0
"[[0, -1, 0], [-1, 1, 0], [1, 0, 0]]",-5.0,,-0.5,,,-10.0,,-9.75,-4.75
"[[0, -1, 0], [-1, 1, 0], [0, 1, 0]]",-1.0,,-1.0,,,-1.75,-0.5,,0.0
"[[0, -1, 0], [-1, 1, 0], [0, 0, 1]]",-4.0,,-6.0,,,-13.0,-4.0,-5.0,
"[[0, -1, 0], [0, 1, -1], [1, 0, 0]]",-8.0,,-1.0,-6.0,,,,-7.0,-2.0
"[[0, -1, 0], [0, 1, -1], [0, 1, 0]]",-0.75,,-1.0,-1.75,,,0.0,,1.0
"[[0, -1, 0], [0, 1, -1], [0, 0, 1]]",-0.5,,-3.0,-4.0,,,-1.5,-1.0,
"[[0, -1, 0], [0, 1, 1], [-1, 0, 0]]",-3.0,,-0.5,-3.0,,,,-2.0,-3.75
"[[0, -1, 0], [0, 1, 0], [-1, 1, 0]]",0.5,,0.0,0.0,,-1.75,,,-1.0
"[[0, -1, 0], [0, 1, 0], [-1, 0, 1]]",-1.75,,-3.0,-7.0,,-2.0,,-5.0,
"[[0, -1, 0], [0, 1, 1], [0, -1, 0]]",-5.0,,-4.0,-2.0,,,-6.0,,-6.0
"[[0, -1, 0], [0, 1, 0], [1, -1, 0]]",0.0,,-5.0,-9.0,,-3.0,,,-4.0
"[[0, -1, 0], [0, 1, 0], [0, -1, 1]]",-2.5,,-3.0,-1.0,,-5.0,-4.75,,
"[[0, -1, 0], [0, 1, 1], [0, 0, -1]]",-12.0,,-1.5,0.75,,,-2.0,-5.0,
"[[0, -1, 0], [0, 1, 0], [1, 0, -1]]",-6.0,,-2.0,-5.0,,-4.0,,-5.0,
"[[0, -1, 0], [0, 1, 0], [0, 1, -1]]",0.25,,0.0,-1.75,,0.0,2.25,,
"[[0, -1, -1], [0, 0, 1], [1, 0, 0]]",0.0,,,0.0,-0.25,,,1.25,-1.75
"[[0, -1, -1], [0, 0, 1], [0, 1, 0]]",0.0,,,-0.25,0.0,,-0.75,,0.75
"[[0, -1, -1], [0, 0, 1], [0, 0, 1]]",0.0,,,-2.0,0.0,,0.0,-1.0,
"[[0, -1, 0], [-1, 0, 1], [1, 0, 0]]",0.0,,0.0,,0.25,,,-2.0,0.0
"[[0, -1, 0], [-1, 0, 1], [0, 1, 0]]",0.0,,0.5,,0.25,,0.0,,0.0
"[[0, -1, 0], [-1, 0, 1], [0, 0, 1]]",-2.0,,-3.0,,-3.0,,-6.0,-4.0,
"[[0, -1, 0], [0, -1, 1], [1, 0, 0]]",-1.0,,0.0,-2.0,,,,0.0,-0.5
"[[0, -1, 0], [0, -1, 1], [0, 1, 0]]",-1.0,,0.0,-1.75,,,0.0,,1.0
"[[0, -1, 0], [0, -1, 1], [0, 0, 1]]",-4.0,,-1.0,-8.0,,,-10.0,0.0,
"[[0, -1, 0], [0, 0, 1], [-1, 1, 0]]",0.0,,0.5,0.25,-0.75,,,,-0.5
"[[0, -1, 0], [0, 0, 1], [-1, 0, 1]]",-2.0,,-2.0,-5.0,-4.0,,,-2.0,
"[[0, -1, 0], [0, 0, 1], [1, -1, 0]]",-1.0,,0.0,-2.0,0.0,,,,-1.0
"[[0, -1, 0], [0, 0, 1], [0, -1, 1]]",-2.0,,-1.0,-2.0,0.0,,-7.0,,
"[[0, -1, 0], [0, 0, 1], [1, 0, -1]]",-2.0,,0.25,0.25,0.0,,,-4.0,
"[[0, -1, 0], [0, 0, 1], [0, 1, -1]]",0.0,,-0.75,2.5,0.25,,0.0,,
"[[0, -1, -1], [0, 0, 0], [1, 1, 0]]",0.0,,,0.0,-8.0,0.0,,,0.0
"[[0, -1, -1], [0, 0, 0], [1, 0, 1]]",0.0,,,-4.0,-2.0,-2.0,,0.0,
"[[0, -1, 0], [-1, 0, 0], [1, 1, 0]]",0.0,,-2.0,,-2.0,-4.0,,,-2.0
"[[0, -1, 0], [-1, 0, 0], [1, 0, 1]]",-3.0,,-6.0,,-7.0,-4.0,,-3.0,
"[[0, -1, 0], [0, -1, 0], [1, 1, 0]]",-5.0,,-4.25,-8.0,,-5.0,,,-4.0
"[[0, -1, 0], [0, -1, 0], [1, 0, 1]]",-2.0,,-1.0,-8.0,,-1.0,,0.0,
"[[0, -1, 0], [0, 0, -1], [1, 1, 0]]",-1.0,,-2.0,-1.0,-6.0,,,,0.0
"[[0, -1, 0], [0, 0, -1], [1, 0, 1]]",-5.0,,-3.0,-2.0,0.0,,,-1.0,
"[[0, -1, 0], [0, 0, 0], [1, -1, 1]]",0.0,,-1.0,0.0,0.0,-1.0,,,
"[[0, -1, 0], [0, 0, 0], [1, 1, -1]]",0.0,,-0.75,-2.0,0.25,0.0,,,
"[[0, -1, -1], [0, 0, 0], [0, 1, 1]]",0.0,,,-4.0,-4.0,-2.0,-1.0,,
"[[0, -1, 0], [-1, 0, 0], [0, 1, 1]]",-8.0,,-2.0,,-3.0,-6.0,-1.0,,
"[[0, -1, 0], [0, -1, 0], [0, 1, 1]]",-1.75,,-8.0,-6.0,,-3.75,-2.75,,
"[[0, -1, 0], [0, 0, -1], [0, 1, 1]]",-4.0,,-5.0,-6.0,-7.75,,-2.0,,
"[[0, -1, 0], [0, 0, 0], [-1, 1, 1]]",0.0,,0.0,-2.0,0.0,-1.75,,,
"[[1, 1, -1], [-1, 0, 0], [0, 0, 0]]",,,,,0.25,-1.0,-1.0,0.25,0.0
"[[1, 0, -1], [-1, 1, 0], [0, 0, 0]]",,-1.0,,,,-2.0,-3.0,-2.0,1.0
"[[1, 0, -1], [-1, 0, 1], [0, 0, 0]]",,1.75,,,0.5,,-0.75,0.25,1.25
"[[1, 0, -1], [-1, 0, 0], [1, 0, 0]]",,0.0,,,0.0,0.0,,0.25,0.75
"[[1, 0, -1], [-1, 0, 0], [0, 1, 0]]",,-1.0,,,-1.0,-2.0,-1.75,,1.0
"[[1, 0, -1], [-1, 0, 0], [0, 0, 1]]",,-3.0,,,0.0,-3.0,-4.0,-2.0,
"[[1, 1, -1], [0, -1, 0], [0, 0, 0]]",,,,1.25,,-2.0,0.0,-1.75,-0.5
"[[1, 0, -1], [1, -1, 0], [0, 0, 0]]",,-9.0,,,,-6.0,0.0,-8.0,-10.0
"[[1, 0, -1], [0, -1, 1], [0, 0, 0]]",,0.0,,0.5,,,0.0,1.0,0.0
"[[1, 0, -1], [0, -1, 0], [1, 0, 0]]",,-20.0,,2.25,,-13.0,,-8.75,-5.75
"[[1, 0, -1], [0, -1, 0], [0, 1, 0]]",,-3.0,,-1.0,,0.0,0.0,,0.25
"[[1, 0, -1], [0, -1, 0], [0, 0, 1]]",,-4.0,,0.0,,0.0,0.0,-1.0,
"[[1, 1, -1], [0, 0, -1], [0, 0, 0]]",,,,0.0,-1.0,,-1.0,0.0,0.0
"[[1, 0, -1], [1, 0, -1], [0, 0, 0]]",,-3.0,,,-2.0,,-1.0,-3.0,0.0
"[[1, 0, -1], [0, 1, -1], [0, 0, 0]]",,-1.0,,-3.0,,,-2.0,0.0,0.0
"[[1, 0, -1], [0, 0, -1], [1, 0, 0]]",,-3.0,,-1.0,-3.0,,,0.0,0.0
"[[1, 0, -1], [0, 0, -1], [0, 1, 0]]",,-1.0,,0.0,0.0,,-3.0,,0.0
"[[1, 0, -1], [0, 0, -1], [0, 0, 1]]",,-11.0,,-3.0,-1.0,,-3.0,-1.0,
"[[1, 1, -1], [0, 0, 0], [-1, 0, 0]]",,,,0.0,0.0,-1.0,,0.0,0.0
"[[1, 0, -1], [1, 0, 0], [-1, 0, 0]]",,-1.0,,,0.0,-1.0,,-2.0,0.0
"[[1, 0, -1], [0, 1, 0], [-1, 0, 0]]",,-3.0,,-1.5,,-7.0,,-2.0,-1.25
"[[1, 0, -1], [0, 0, 1], [-1, 0, 0]]",,0.0,,0.25,0.0,,,0.0,0.75
"[[1, 0, -1], [0, 0, 0], [-1, 1, 0]]",,-0.75,,-2.0,0.0,0.0,,,0.0
"[[1, 0, -1], [0, 0, 0], [-1, 0, 1]]",,-1.0,,-3.0,0.0,-4.0,,-8.0,
"[[1, 1, -1], [0, 0, 0], [0, -1, 0]]",,,,0.25,-2.0,-1.0,-1.0,,-1.0
"[[1, 0, -1], [1, 0, 0], [0, -1, 0]]",,-1.0,,,-4.0,-4.0,-3.0,,-6.0
"[[1, 0, -1], [0, 1, 0], [0, -1, 0]]",,-3.0,,-5.0,,-2.0,-8.0,,-1.5
"[[1, 0, -1], [0, 0, 1], [0, -1, 0]]",,-1.75,,0.25,0.5,,-3.0,,0.25
"[[1, 0, -1], [0, 0, 0], [1, -1, 0]]",,-7.75,,-1.25,-5.0,-3.0,,,-5.0
"[[1, 0, -1], [0, 0, 0], [0, -1, 1]]",,-1.0,,-1.0,-1.0,-2.0,-1.0,,
"[[1, 1, -1], [0, 0, 0], [0, 0, -1]]",,,,0.25,0.75,0.0,0.0,0.25,
"[[1, 0, -1], [1, 0, 0], [0, 0, -1]]",,-1.0,,,0.0,0.0,0.0,-6.0,
"[[1, 0, -1], [0, 1, 0], [0, 0, -1]]",,-0.5,,-0.25,,0.0,0.5,-1.0,
"[[1, 0, -1], [0, 0, 1], [0, 0, -1]]",,1.5,,0.5,0.75,,0.5,0.75,
"[[1, 0, -1], [0, 0, 0], [1, 0, -1]]",,-1.75,,2.25,-11.75,0.0,,-2.25,
"[[1, 0, -1], [0, 0, 0], [0, 1, -1]]",,0.75,,1.0,0.5,0.0,0.25,,
"[[0, 1, -1], [-1, 1, 0], [0, 0, 0]]",-5.25,,,,,-13.75,-8.0,1.25,-9.0
"[[0, 1, -1], [-1, 0, 1], [0, 0, 0]]",0.75,,,,0.25,,0.0,0.25,-0.25
"[[0, 1, -1], [-1, 0, 0], [1, 0, 0]]",0.0,,,,0.0,0.25,,0.75,-0.75
"[[0, 1, -1], [-1, 0, 0], [0, 1, 0]]",-2.0,,,,0.0,-5.0,0.0,,-2.0
"[[0, 1, -1], [-1, 0, 0], [0, 0, 1]]",0.25,,,,0.5,0.25,0.0,0.25,
"[[0, 1, -1], [1, -1, 0], [0, 0, 0]]",0.5,,,,,0.0,0.0,-0.75,0.0
"[[0, 1, -1], [0, -1, 1], [0, 0, 0]]",0.5,,,1.5,,,0.0,0.25,0.25
"[[0, 1, -1], [0, -1, 0], [1, 0, 0]]",0.25,,,2.25,,-1.25,,-0.25,0.0
"[[0, 1, -1], [0, -1, 0], [0, 1, 0]]",0.0,,,-1.0,,0.0,0.0,,0.0
"[[0, 1, -1], [0, -1, 0], [0, 0, 1]]",-2.5,,,0.75,,-0.75,0.0,0.5,
"[[0, 1, -1], [1, 0, -1], [0, 0, 0]]",-0.75,,,,-0.5,,-0.5,0.5,0.0
"[[0, 1, -1], [0, 1, -1], [0, 0, 0]]",-1.25,,,-3.75,,,0.0,-0.75,0.0
"[[0, 1, -1], [0, 0, -1], [1, 0, 0]]",0.25,,,-1.0,0.5,,,-1.0,0.0
"[[0, 1, -1], [0, 0, -1], [0, 1, 0]]",0.0,,,-2.0,0.0,,0.0,,0.0
"[[0, 1, -1], [0, 0, -1], [0, 0, 1]]",-3.5,,,-1.75,-1.0,,-1.0,-2.75,
"[[0, 1, -1], [1, 0, 0], [-1, 0, 0]]",0.0,,,,0.0,0.25,,0.0,0.0
"[[0, 1, -1], [0, 1, 0], [-1, 0, 0]]",-2.75,,,-13.0,,-1.75,,-1.75,-9.0
"[[0, 1, -1], [0, 0, 1], [-1, 0, 0]]",0.0,,,-1.0,0.0,,,0.0,-1.0
"[[0, 1, -1], [0, 0, 0], [-1, 1, 0]]",-3.0,,,-2.0,0.0,0.0,,,-4.0
"[[0, 1, -1], [0, 0, 0], [-1, 0, 1]]",-0.75,,,-1.0,0.0,-1.0,,-1.0,
"[[0, 1, -1], [1, 0, 0], [0, -1, 0]]",0.0,,,,-1.0,1.0,0.0,,0.0
"[[0, 1, -1], [0, 1, 0], [0, -1, 0]]",0.5,,,-0.75,,-1.0,0.25,,-0.75
"[[0, 1, -1], [0, 0, 1], [0, -1, 0]]",-0.25,,,0.25,0.5,,-1.0,,0.25
"[[0, 1, -1], [0, 0, 0], [1, -1, 0]]",0.75,,,1.75,0.25,0.25,,,-1.0
"[[0, 1, -1], [0, 0, 0], [0, -1, 1]]",0.25,,,-1.0,0.5,0.0,0.25,,
"[[0, 1, -1], [1, 0, 0], [0, 0, -1]]",-1.0,,,,0.0,0.0,-1.0,-1.0,
"[[0, 1, -1], [0, 1, 0], [0, 0, -1]]",-12.0,,,-17.25,,0.0,-13.0,-2.5,
"[[0, 1, -1], [0, 0, 1], [0, 0, -1]]",-1.0,,,0.0,0.25,,-1.0,-0.5,
"[[0, 1, -1], [0, 0, 0], [1, 0, -1]]",0.0,,,-0.75,0.5,0.0,,-0.75,
"[[0, 1, -1], [0, 0, 0], [0, 1, -1]]",-4.0,,,-8.0,0.0,0.0,-4.0,,
"[[0, 0, -1], [1, -1, 1], [0, 0, 0]]",0.0,0.0,,,,,0.0,0.0,-1.0
"[[0, 0, -1], [1, -1, 0], [1, 0, 0]]",2.25,-4.0,,,,-2.0,,-2.0,-2.0
"[[0, 0, -1], [1, -1, 0], [0, 1, 0]]",0.0,-1.0,,,,-1.0,0.0,,-1.0
"[[0, 0, -1], [1, -1, 0], [0, 0, 1]]",0.25,0.0,,,,-0.75,0.0,-1.0,
"[[0, 0, -1], [1, 1, -1], [0, 0, 0]]",-1.0,-1.0,,,,,-1.0,0.25,0.0
"[[0, 0, -1], [1, 0, -1], [1, 0, 0]]",0.0,0.0,,,-2.75,,,-2.0,0.0
"[[0, 0, -1], [1, 0, -1], [0, 1, 0]]",0.0,0.0,,,0.0,,0.0,,0.0
"[[0, 0, -1], [1, 0, -1], [0, 0, 1]]",1.25,-1.0,,,-0.75,,-0.75,0.75,
"[[0, 0, -1], [1, 1, 0], [-1, 0, 0]]",-6.0,-10.0,,,,-1.75,,-2.75,-13.0
"[[0, 0, -1], [1, 0, 1], [-1, 0, 0]]",-6.0,-5.0,,,0.0,,,-4.0,-3.0
"[[0, 0, -1], [1, 0, 0], [-1, 1, 0]]",0.0,0.0,,,0.0,-1.0,,,0.0
"[[0, 0, -1], [1, 0, 0], [-1, 0, 1]]",0.0,0.0,,,0.0,-0.75,,0.0,
"[[0, 0, -1], [1, 1, 0], [0, -1, 0]]",-7.0,-10.0,,,,-0.5,-4.0,,-8.0
"[[0, 0, -1], [1, 0, 1], [0, -1, 0]]",-5.0,-7.0,,,-2.0,,-4.0,,-4.0
"[[0, 0, -1], [1, 0, 0], [1, -1, 0]]",0.25,-1.0,,,-7.75,-1.5,,,-2.0
"[[0, 0, -1], [1, 0, 0], [0, -1, 1]]",0.0,-3.0,,,0.0,-0.75,-1.75,,
"[[0, 0, -1], [1, 1, 0], [0, 0, -1]]",-7.0,-3.0,,,,0.0,-5.0,-5.0,
"[[0, 0, -1], [1, 0, 1], [0, 0, -1]]",-2.0,-5.0,,,0.0,,-2.0,-1.0,
"[[0, 0, -1], [1, 0, 0], [1, 0, -1]]",-1.0,-5.0,,,-6.0,0.0,,-5.0,
"[[0, 0, -1], [1, 0, 0], [0, 1, -1]]",0.0,0.0,,,0.0,0.0,0.0,,
"[[0, 0, -1], [-1, 1, 1], [0, 0, 0]]",-3.0,-0.75,,,,,-0.25,-4.25,-0.75
"[[0, 0, -1], [-1, 1, 0], [1, 0, 0]]",0.0,-1.75,,,,-2.5,,-0.75,-1.25
"[[0, 0, -1], [-1, 1, 0], [0, 1, 0]]",-6.0,-0.75,,,,-6.0,-8.25,,-5.0
"[[0, 0, -1], [-1, 1, 0], [0, 0, 1]]",-0.5,-4.0,,,,-8.0,-4.0,-1.0,
"[[0, 0, -1], [0, 1, -1], [1, 0, 0]]",0.0,-4.0,,-0.75,,,,-0.75,0.0
"[[0, 0, -1], [0, 1, -1], [0, 1, 0]]",0.0,0.0,,-7.0,,,-3.0,,0.0
"[[0, 0, -1], [0, 1, -1], [0, 0, 1]]",-3.75,-7.0,,-6.5,,,-11.25,-3.5,
"[[0, 0, -1], [0, 1, 1], [-1, 0, 0]]",-7.0,-8.0,,-3.5,,,,-22.0,-6.75
"[[0, 0, -1], [0, 1, 0], [-1, 1, 0]]",-6.0,-0.25,,-2.75,,-5.0,,,-7.0
"[[0, 0, -1], [0, 1, 0], [-1, 0, 1]]",0.0,-4.0,,-3.0,,-4.0,,-3.75,
"[[0, 0, -1], [0, 1, 1], [0, -1, 0]]",-2.0,-4.0,,-1.0,,,-3.0,,-6.0
"[[0, 0, -1], [0, 1, 0], [1, -1, 0]]",1.0,-5.0,,0.0,,0.25,,,0.0
"[[0, 0, -1], [0, 1, 0], [0, -1, 1]]",-0.5,-4.0,,-5.0,,-1.5,-1.75,,
"[[0, 0, -1], [0, 1, 1], [0, 0, -1]]",-7.0,-10.5,,-0.5,,,-6.0,-1.0,
"[[0, 0, -1], [0, 1, 0], [1, 0, -1]]",0.0,-1.0,,0.25,,0.0,,-1.0,
"[[0, 0, -1], [0, 1, 0], [0, 1, -1]]",-6.0,-0.75,,-1.75,,0.0,-4.75,,
"[[0, 0, -1], [-1, 0, 1], [1, 0, 0]]",0.0,-0.5,,,-0.5,,,0.5,0.5
"[[0, 0, -1], [-1, 0, 1], [0, 1, 0]]",0.0,0.75,,,-1.0,,0.0,,-0.75
"[[0, 0, -1], [-1, 0, 1], [0, 0, 1]]",0.0,0.0,,,0.5,,-1.0,-1.75,
"[[0, 0, -1], [0, -1, 1], [1, 0, 0]]",0.5,-0.75,,-0.5,,,,1.0,0.75
"[[0, 0, -1], [0, -1, 1], [0, 1, 0]]",0.0,0.25,,0.25,,,0.0,,0.75
"[[0, 0, -1], [0, -1, 1], [0, 0, 1]]",-0.75,0.0,,-2.5,,,0.0,1.0,
"[[0, 0, -1], [0, 0, 1], [-1, 1, 0]]",0.0,0.0,,0.25,0.0,,,,-3.0
"[[0, 0, -1], [0, 0, 1], [-1, 0, 1]]",0.0,-1.0,,0.0,0.0,,,0.0,
"[[0, 0, -1], [0, 0, 1], [1, -1, 0]]",-0.25,-0.75,,0.5,-0.75,,,,-1.5
"[[0, 0, -1], [0, 0, 1], [0, -1, 1]]",-0.25,-1.0,,0.0,0.0,,-1.0,,
"[[0, 0, -1], [0, 0, 1], [1, 0, -1]]",0.25,-1.75,,1.25,0.25,,,-2.0,
"[[0, 0, -1], [0, 0, 1], [0, 1, -1]]",0.0,0.0,,0.0,0.0,,-2.75,,
"[[0, 0, -1], [-1, 0, 0], [1, 1, 0]]",-2.0,-2.5,,,-4.0,-2.0,,,0.0
"[[0, 0, -1], [-1, 0, 0], [1, 0, 1]]",-7.0,-2.0,,,-8.0,-7.0,,-1.0,
"[[0, 0, -1], [0, -1, 0], [1, 1, 0]]",-10.0,-12.5,,-6.75,,-4.0,,,-2.0
"[[0, 0, -1], [0, -1, 0], [1, 0, 1]]",-2.0,-4.0,,-3.25,,-2.5,,-2.0,
"[[0, 0, -1], [0, 0, -1], [1, 1, 0]]",-3.0,-7.0,,-2.0,-3.0,,,,0.0
"[[0, 0, -1], [0, 0, -1], [1, 0, 1]]",-4.75,-4.0,,-5.0,-2.75,,,-2.5,
"[[0, 0, -1], [0, 0, 0], [1, -1, 1]]",1.5,-4.0,,-1.0,0.25,-3.75,,,
"[[0, 0, -1], [0, 0, 0], [1, 1, -1]]",-1.0,0.0,,-1.0,0.25,0.0,,,
"[[0, 0, -1], [-1, 0, 0], [0, 1, 1]]",-2.0,0.0,,,-3.0,-2.0,0.0,,
"[[0, 0, -1], [0, -1, 0], [0, 1, 1]]",-6.0,-8.0,,-5.0,,-2.0,0.0,,
"[[0, 0, -1], [0, 0, -1], [0, 1, 1]]",-4.0,-1.0,,-2.0,-3.0,,-2.0,,
"[[0, 0, -1], [0, 0, 0], [-1, 1, 1]]",-1.0,-1.0,,-1.0,0.0,-1.0,,,
"[[1, 1, 0], [-1, -1, 0], [0, 0, 0]]",,,2.75,,,0.0,-11.0,-7.75,-8.75
"[[1, 0, 1], [-1, -1, 0], [0, 0, 0]]",,1.75,,,,0.0,-15.5,-17.0,-9.5
"[[1, 0, 0], [-1, -1, 1], [0, 0, 0]]",,0.5,1.0,,,,-4.0,-1.75,0.0
"[[1, 0, 0], [-1, -1, 0], [1, 0, 0]]",,0.25,2.0,,,0.0,,1.0,-0.25
"[[1, 0, 0], [-1, -1, 0], [0, 1, 0]]",,-0.75,-0.75,,,0.0,0.0,,0.0
"[[1, 0, 0], [-1, -1, 0], [0, 0, 1]]",,-2.0,-2.0,,,0.0,-2.0,-1.0,
"[[1, 1, 0], [-1, 0, -1], [0, 0, 0]]",,,0.0,,0.0,,-3.0,-1.0,-1.0
"[[1, 0, 1], [-1, 0, -1], [0, 0, 0]]",,0.25,,,0.0,,-1.75,-8.0,-4.75
"[[1, 0, 0], [-1, 1, -1], [0, 0, 0]]",,-0.75,0.0,,,,-3.75,-3.0,-2.0
"[[1, 0, 0], [-1, 0, -1], [1, 0, 0]]",,-1.0,-2.0,,0.0,,,0.0,-2.0
"[[1, 0, 0], [-1, 0, -1], [0, 1, 0]]",,-1.0,-1.0,,0.0,,-0.75,,-2.0
"[[1, 0, 0], [-1, 0, -1], [0, 0, 1]]",,-2.0,-1.0,,0.0,,-3.0,-1.0,
"[[1, 1, 0], [-1, 0, 0], [-1, 0, 0]]",,,-3.0,,-3.0,-1.0,,-2.0,-4.0
"[[1, 0, 1], [-1, 0, 0], [-1, 0, 0]]",,0.5,,,-3.0,-1.0,,-7.0,-0.25
"[[1, 0, 0], [-1, 1, 0], [-1, 0, 0]]",,-3.75,-2.0,,,-5.0,,-10.0,-0.25
"[[1, 0, 0], [-1, 0, 1], [-1, 0, 0]]",,-1.5,0.0,,-1.0,,,-1.0,0.25
"[[1, 0, 0], [-1, 0, 0], [-1, 1, 0]]",,1.25,-0.75,,0.25,-3.0,,,-1.0
"[[1, 0, 0], [-1, 0, 0], [-1, 0, 1]]",,-13.0,-6.0,,-3.0,-5.0,,-9.0,
"[[1, 1, 0], [-1, 0, 0], [0, -1, 0]]",,,-1.0,,-5.75,-6.0,-3.0,,-0.75
"[[1, 0, 1], [-1, 0, 0], [0, -1, 0]]",,-3.0,,,-2.0,-4.0,-2.0,,-7.0
"[[1, 0, 0], [-1, 1, 0], [0, -1, 0]]",,-6.0,-5.0,,,-14.0,-9.0,,-2.75
"[[1, 0, 0], [-1, 0, 1], [0, -1, 0]]",,-2.0,-0.5,,-0.75,,-1.0,,-0.25
"[[1, 0, 0], [-1, 0, 0], [1, -1, 0]]",,-0.75,0.0,,0.25,-1.0,,,0.25
"[[1, 0, 0], [-1, 0, 0], [0, -1, 1]]",,-3.0,-2.0,,-1.0,-3.0,-5.0,,
"[[1, 1, 0], [-1, 0, 0], [0, 0, -1]]",,,0.0,,-2.0,-2.0,-4.0,-2.0,
"[[1, 0, 1], [-1, 0, 0], [0, 0, -1]]",,-0.5,,,-4.0,0.25,0.25,-1.0,
"[[1, 0, 0], [-1, 1, 0], [0, 0, -1]]",,0.0,1.25,,,-1.75,-2.5,-1.0,
"[[1, 0, 0], [-1, 0, 1], [0, 0, -1]]",,0.25,1.5,,0.0,,-1.0,-1.0,
"[[1, 0, 0], [-1, 0, 0], [1, 0, -1]]",,-0.75,0.0,,0.75,0.0,,-0.75,
"[[1, 0, 0], [-1, 0, 0], [0, 1, -1]]",,1.0,-1.75,,-1.0,-3.0,-1.5,,
"[[0, 1, 1], [-1, -1, 0], [0, 0, 0]]",-1.0,,,,,0.0,-5.0,-9.0,-8.0
"[[0, 1, 0], [-1, -1, 1], [0, 0, 0]]",0.75,,0.5,,,,-1.0,-0.25,0.0
"[[0, 1, 0], [-1, -1, 0], [1, 0, 0]]",0.0,,-0.25,,,0.0,,-0.25,0.25
"[[0, 1, 0], [-1, -1, 0], [0, 1, 0]]",0.0,,-1.0,,,0.0,0.0,,-1.0
"[[0, 1, 0], [-1, -1, 0], [0, 0, 1]]",-0.5,,0.75,,,0.0,-1.0,-2.0,
"[[0, 1, 1], [-1, 0, -1], [0, 0, 0]]",0.0,,,,0.0,,0.0,-2.0,-3.0
"[[0, 1, 0], [-1, 1, -1], [0, 0, 0]]",-1.75,,-6.0,,,,-5.0,-2.0,-2.0
"[[0, 1, 0], [-1, 0, -1], [1, 0, 0]]",-1.0,,0.0,,0.0,,,-2.0,0.0
"[[0, 1, 0], [-1, 0, -1], [0, 1, 0]]",-7.0,,-2.0,,0.0,,-2.0,,-4.0
"[[0, 1, 0], [-1, 0, -1], [0, 0, 1]]",-2.0,,-1.75,,0.0,,-2.0,-3.0,
"[[0, 1, 1], [-1, 0, 0], [-1, 0, 0]]",0.0,,,,-1.0,-2.0,,-1.0,0.0
"[[0, 1, 0], [-1, 1, 0], [-1, 0, 0]]",0.0,,0.0,,,-11.0,,-2.0,-1.0
"[[0, 1, 0], [-1, 0, 1], [-1, 0, 0]]",0.0,,-1.0,,-1.0,,,0.0,0.0
"[[0, 1, 0], [-1, 0, 0], [-1, 1, 0]]",0.0,,-5.0,,0.0,-6.0,,,-3.0
"[[0, 1, 0], [-1, 0, 0], [-1, 0, 1]]",0.0,,-1.0,,0.0,-2.0,,-1.0,
"[[0, 1, 1], [-1, 0, 0], [0, -1, 0]]",-1.0,,,,-2.0,-1.0,0.0,,-2.0
"[[0, 1, 0], [-1, 1, 0], [0, -1, 0]]",-1.75,,0.25,,,-1.75,-4.0,,-2.0
"[[0, 1, 0], [-1, 0, 1], [0, -1, 0]]",1.75,,0.25,,-1.0,,0.0,,-0.75
"[[0, 1, 0], [-1, 0, 0], [1, -1, 0]]",0.0,,0.5,,0.0,-1.5,,,0.0
"[[0, 1, 0], [-1, 0, 0], [0, -1, 1]]",0.25,,-1.0,,-1.0,-0.75,-2.0,,
"[[0, 1, 1], [-1, 0, 0], [0, 0, -1]]",-1.0,,,,-2.0,-3.0,-3.0,-2.0,
"[[0, 1, 0], [-1, 1, 0], [0, 0, -1]]",-2.5,,-4.0,,,-9.0,-5.0,-2.25,
"[[0, 1, 0], [-1, 0, 1], [0, 0, -1]]",0.0,,-2.0,,0.0,,0.0,0.5,
"[[0, 1, 0], [-1, 0, 0], [1, 0, -1]]",-1.0,,0.25,,-2.0,-1.0,,-0.75,
"[[0, 1, 0], [-1, 0, 0], [0, 1, -1]]",-4.0,,-6.0,,0.0,-8.0,-8.0,,
"[[0, 0, 1], [-1, -1, 1], [0, 0, 0]]",-3.0,-7.0,,,,,-3.75,-5.0,-2.5
"[[0, 0, 1], [-1, -1, 0], [1, 0, 0]]",-1.0,0.0,,,,0.0,,-1.0,0.0
"[[0, 0, 1], [-1, -1, 0], [0, 1, 0]]",0.0,-1.75,,,,0.0,0.5,,0.0
"[[0, 0, 1], [-1, -1, 0], [0, 0, 1]]",-7.0,-4.0,,,,0.0,-10.0,-9.0,
"[[0, 0, 1], [-1, 1, -1], [0, 0, 0]]",0.0,-3.0,,,,,-1.0,-6.0,-2.5
"[[0, 0, 1], [-1, 0, -1], [1, 0, 0]]",-5.0,-1.0,,,0.0,,,-1.0,-3.0
"[[0, 0, 1], [-1, 0, -1], [0, 1, 0]]",-1.0,-0.75,,,0.0,,-1.0,,0.0
"[[0, 0, 1], [-1, 0, -1], [0, 0, 1]]",0.0,0.0,,,0.0,,0.0,-3.0,
"[[0, 0, 1], [-1, 1, 0], [-1, 0, 0]]",0.0,-1.0,,,,-3.0,,-1.0,-0.75
"[[0, 0, 1], [-1, 0, 1], [-1, 0, 0]]",0.0,-2.0,,,-5.0,,,-9.0,0.0
"[[0, 0, 1], [-1, 0, 0], [-1, 1, 0]]",0.0,0.5,,,-1.0,0.5,,,-1.75
"[[0, 0, 1], [-1, 0, 0], [-1, 0, 1]]",0.0,0.0,,,-4.0,-2.0,,-2.0,
"[[0, 0, 1], [-1, 1, 0], [0, -1, 0]]",-1.0,-4.0,,,,-5.0,-2.0,,-3.0
"[[0, 0, 1], [-1, 0, 1], [0, -1, 0]]",-3.0,-1.0,,,-4.0,,0.0,,-2.0
"[[0, 0, 1], [-1, 0, 0], [1, -1, 0]]",-3.0,-8.0,,,-1.0,-5.0,,,-4.0
"[[0, 0, 1], [-1, 0, 0], [0, -1, 1]]",-5.0,-2.0,,,-8.0,-1.0,-2.0,,
"[[0, 0, 1], [-1, 1, 0], [0, 0, -1]]",-3.0,-6.75,,,,-2.0,-1.0,-4.0,
"[[0, 0, 1], [-1, 0, 1], [0, 0, -1]]",0.0,0.0,,,-0.5,,0.25,-1.0,
"[[0, 0, 1], [-1, 0, 0], [1, 0, -1]]",-1.0,-3.0,,,-1.0,-3.0,,-2.0,
"[[0, 0, 1], [-1, 0, 0], [0, 1, -1]]",-1.0,0.5,,,0.25,0.0,-0.75,,
"[[0, 0, 0], [-1, 1, -1], [1, 0, 0]]",-6.75,-7.0,-4.0,,,,,-4.25,-6.0
"[[0, 0, 0], [-1, 1, -1], [0, 1, 0]]",-2.0,-1.75,-2.0,,,,-4.0,,-3.75
"[[0, 0, 0], [-1, 1, -1], [0, 0, 1]]",-3.75,-9.0,-8.25,,,,-10.0,-4.75,
"[[0, 0, 0], [-1, 1, 1], [-1, 0, 0]]",0.0,0.5,0.0,,,,,0.0,-1.0
"[[0, 0, 0], [-1, 1, 0], [-1, 1, 0]]",0.0,-0.75,-8.0,,,-7.75,,,-4.5
"[[0, 0, 0], [-1, 1, 0], [-1, 0, 1]]",0.0,-4.0,-8.0,,,-4.0,,-13.0,
"[[0, 0, 0], [-1, 1, 1], [0, -1, 0]]",0.25,-3.75,-0.5,,,,-1.0,,-1.0
"[[0, 0, 0], [-1, 1, 0], [1, -1, 0]]",-2.75,-5.75,-0.75,,,-0.75,,,-6.5
"[[0, 0, 0], [-1, 1, 0], [0, -1, 1]]",-1.75,-3.0,-3.75,,,-4.0,-5.0,,
"[[0, 0, 0], [-1, 1, 1], [0, 0, -1]]",-1.0,-0.5,-1.0,,,,0.75,-1.25,
"[[0, 0, 0], [-1, 1, 0], [1, 0, -1]]",-7.0,-3.0,-0.5,,,-4.0,,-5.75,
"[[0, 0, 0], [-1, 1, 0], [0, 1, -1]]",-10.0,-2.0,-11.75,,,-9.0,-3.75,,
"[[0, 0, 0], [-1, -1, 1], [1, 0, 0]]",-0.25,-3.0,-1.0,,,,,1.25,2.0
"[[0, 0, 0], [-1, -1, 1], [0, 1, 0]]",-1.0,-0.5,-1.0,,,,0.0,,1.0
"[[0, 0, 0], [-1, -1, 1], [0, 0, 1]]",-1.75,-6.0,-0.75,,,,-3.0,-5.0,
"[[0, 0, 0], [-1, 0, 1], [-1, 1, 0]]",0.0,0.5,0.0,,-1.0,,,,1.0
"[[0, 0, 0], [-1, 0, 1], [-1, 0, 1]]",0.0,-4.0,0.0,,-1.0,,,0.0,
"[[0, 0, 0], [-1, 0, 1], [1, -1, 0]]",-1.5,-1.75,0.0,,0.0,,,,-0.75
"[[0, 0, 0], [-1, 0, 1], [0, -1, 1]]",-4.5,-1.0,-0.5,,-2.0,,-1.0,,
"[[0, 0, 0], [-1, 0, 1], [1, 0, -1]]",0.25,-0.75,1.25,,0.75,,,0.0,
"[[0, 0, 0], [-1, 0, 1], [0, 1, -1]]",0.0,1.0,0.25,,0.0,,-1.0,,
"[[0, 0, 0], [-1, -1, 0], [1, 1, 0]]",-2.0,-10.0,-6.75,,,0.0,,,0.0
"[[0, 0, 0], [-1, -1, 0], [1, 0, 1]]",-2.0,-6.0,-0.5,,,0.0,,0.5,
"[[0, 0, 0], [-1, 0, -1], [1, 1, 0]]",-2.0,-1.0,-1.0,,0.0,,,,0.0
"[[0, 0, 0], [-1, 0, -1], [1, 0, 1]]",-9.75,-10.0,-5.75,,0.0,,,-2.0,
"[[0, 0, 0], [-1, 0, 0], [1, -1, 1]]",-1.0,-1.0,-1.0,,0.0,0.25,,,
"[[0, 0, 0], [-1, 0, 0], [1, 1, -1]]",-1.0,-2.0,0.5,,0.25,-1.0,,,
"[[0, 0, 0], [-1, -1, 0], [0, 1, 1]]",-3.0,-14.0,-1.0,,,0.0,-1.0,,
"[[0, 0, 0], [-1, 0, -1], [0, 1, 1]]",-3.0,-2.0,-2.0,,0.0,,-1.0,,
"[[0, 0, 0], [-1, 0, 0], [-1, 1, 1]]",0.0,-1.0,-1.0,,-1.0,-1.0,,,
"[[1, 1, 0], [0, -1, -1], [0, 0, 0]]",,,-1.0,0.0,,,-7.0,-2.0,-6.0
"[[1, 0, 1], [0, -1, -1], [0, 0, 0]]",,-1.0,,0.0,,,-3.75,-5.0,-5.0
"[[1, 0, 0], [1, -1, -1], [0, 0, 0]]",,-12.0,-11.0,,,,-2.25,-14.0,-14.5
"[[1, 0, 0], [0, -1, -1], [1, 0, 0]]",,-7.0,-7.0,0.0,,,,-8.0,-2.0
"[[1, 0, 0], [0, -1, -1], [0, 1, 0]]",,-1.25,-3.0,0.0,,,0.25,,-1.0
"[[1, 0, 0], [0, -1, -1], [0, 0, 1]]",,-2.0,-3.0,0.0,,,-1.0,-1.0,
"[[1, 1, 0], [0, -1, 0], [-1, 0, 0]]",,,0.0,-11.0,,-12.0,,-9.0,-6.0
"[[1, 0, 1], [0, -1, 0], [-1, 0, 0]]",,-1.0,,-19.75,,-17.25,,-14.0,-17.0
"[[1, 0, 0], [1, -1, 0], [-1, 0, 0]]",,1.25,0.0,,,-2.0,,0.0,-1.75
"[[1, 0, 0], [0, -1, 1], [-1, 0, 0]]",,-0.5,0.0,-4.75,,,,-1.0,-1.5
"[[1, 0, 0], [0, -1, 0], [-1, 1, 0]]",,1.0,0.0,0.0,,-0.5,,,0.0
"[[1, 0, 0], [0, -1, 0], [-1, 0, 1]]",,-1.0,0.0,-1.0,,-1.0,,-4.0,
"[[1, 1, 0], [0, -1, 0], [0, -1, 0]]",,,-7.25,-14.25,,-25.0,-9.0,,-6.75
"[[1, 0, 1], [0, -1, 0], [0, -1, 0]]",,0.0,,-4.0,,-6.0,-4.0,,-3.0
"[[1, 0, 0], [1, -1, 0], [0, -1, 0]]",,0.0,-6.0,,,-9.0,-1.0,,-4.0
"[[1, 0, 0], [0, -1, 1], [0, -1, 0]]",,0.0,0.0,-3.75,,,0.0,,-3.75
"[[1, 0, 0], [0, -1, 0], [1, -1, 0]]",,0.0,-7.5,-0.5,,-11.0,,,-17.0
"[[1, 0, 0], [0, -1, 0], [0, -1, 1]]",,0.0,0.0,0.0,,-1.0,0.0,,
"[[1, 1, 0], [0, -1, 0], [0, 0, -1]]",,,0.75,-4.5,,-8.0,-8.0,-5.75,
"[[1, 0, 1], [0, -1, 0], [0, 0, -1]]",,1.75,,-19.5,,-10.0,-3.0,-6.0,
"[[1, 0, 0], [1, -1, 0], [0, 0, -1]]",,-14.0,-5.0,,,-12.75,-1.5,-9.0,
"[[1, 0, 0], [0, -1, 1], [0, 0, -1]]",,2.75,-1.0,-3.25,,,-0.25,-0.5,
"[[1, 0, 0], [0, -1, 0], [1, 0, -1]]",,-4.0,-4.25,-0.25,,-7.0,,-4.0,
"[[1, 0, 0], [0, -1, 0], [0, 1, -1]]",,2.75,-0.25,1.0,,-2.75,0.25,,
"[[0, 1, 1], [0, -1, -1], [0, 0, 0]]",0.5,,,0.0,,,-5.5,-11.5,-7.0
"[[0, 1, 0], [1, -1, -1], [0, 0, 0]]",2.75,,-0.25,,,,-0.75,-3.5,-2.0
"[[0, 1, 0], [0, -1, -1], [1, 0, 0]]",-3.0,,-1.5,0.0,,,,0.75,-1.0
"[[0, 1, 0], [0, -1, -1], [0, 1, 0]]",0.0,,0.0,0.0,,,-1.0,,0.0
"[[0, 1, 0], [0, -1, -1], [0, 0, 1]]",0.25,,0.0,0.0,,,-0.5,1.25,
"[[0, 1, 1], [0, -1, 0], [-1, 0, 0]]",0.25,,,-1.0,,-0.75,,-1.0,-5.0
"[[0, 1, 0], [1, -1, 0], [-1, 0, 0]]",0.5,,0.0,,,1.0,,-2.0,0.0
"[[0, 1, 0], [0, -1, 1], [-1, 0, 0]]",0.0,,0.0,-1.0,,,,-1.0,0.0
"[[0, 1, 0], [0, -1, 0], [-1, 1, 0]]",0.0,,0.0,0.0,,-1.0,,,-2.0
"[[0, 1, 0], [0, -1, 0], [-1, 0, 1]]",0.5,,0.0,0.0,,0.25,,0.5,
"[[0, 1, 1], [0, -1, 0], [0, -1, 0]]",-0.5,,,-1.0,,-2.5,-1.75,,-10.0
"[[0, 1, 0], [1, -1, 0], [0, -1, 0]]",2.25,,0.25,,,0.25,-2.0,,-1.0
"[[0, 1, 0], [0, -1, 1], [0, -1, 0]]",-0.75,,0.75,-7.5,,,-2.0,,0.0
"[[0, 1, 0], [0, -1, 0], [1, -1, 0]]",1.0,,-1.75,-1.0,,-1.75,,,-2.0
"[[0, 1, 0], [0, -1, 0], [0, -1, 1]]",1.75,,0.0,-0.75,,0.0,0.0,,
"[[0, 1, 1], [0, -1, 0], [0, 0, -1]]",0.0,,,-11.0,,-9.0,-7.0,-5.0,
"[[0, 1, 0], [1, -1, 0], [0, 0, -1]]",0.0,,0.0,,,-2.0,-2.0,0.0,
"[[0, 1, 0], [0, -1, 1], [0, 0, -1]]",0.0,,0.0,-0.75,,,-1.0,0.0,
"[[0, 1, 0], [0, -1, 0], [1, 0, -1]]",0.0,,-0.75,-2.0,,0.0,,-1.0,
"[[0, 1, 0], [0, -1, 0], [0, 1, -1]]",0.0,,0.0,-1.0,,-1.0,-1.0,,
"[[0, 0, 1], [1, -1, -1], [0, 0, 0]]",0.5,0.0,,,,,1.25,-1.0,-2.0
"[[0, 0, 1], [0, -1, -1], [1, 0, 0]]",0.0,-2.0,,0.0,,,,-1.0,0.0
"[[0, 0, 1], [0, -1, -1], [0, 1, 0]]",0.0,1.0,,0.0,,,0.0,,-1.0
"[[0, 0, 1], [0, -1, -1], [0, 0, 1]]",2.25,0.25,,0.0,,,1.0,-0.5,
"[[0, 0, 1], [1, -1, 0], [-1, 0, 0]]",-1.5,0.75,,,,2.5,,0.75,-2.0
"[[0, 0, 1], [0, -1, 1], [-1, 0, 0]]",-9.0,-2.75,,-10.5,,,,-10.0,0.0
"[[0, 0, 1], [0, -1, 0], [-1, 1, 0]]",1.75,-2.25,,-1.0,,-0.75,,,-0.75
"[[0, 0, 1], [0, -1, 0], [-1, 0, 1]]",-5.5,-2.0,,-7.0,,-0.25,,-5.0,
"[[0, 0, 1], [1, -1, 0], [0, -1, 0]]",-0.75,0.0,,,,-1.5,-2.0,,-1.0
"[[0, 0, 1], [0, -1, 1], [0, -1, 0]]",-6.0,0.0,,-8.0,,,-10.0,,-2.0
"[[0, 0, 1], [0, -1, 0], [1, -1, 0]]",0.0,0.0,,0.0,,-3.0,,,-1.0
"[[0, 0, 1], [0, -1, 0], [0, -1, 1]]",-11.25,0.0,,-22.0,,-1.25,-11.0,,
"[[0, 0, 1], [1, -1, 0], [0, 0, -1]]",0.0,-0.25,,,,-0.75,-0.75,-2.0,
"[[0, 0, 1], [0, -1, 1], [0, 0, -1]]",0.0,1.5,,-2.0,,,0.75,-1.0,
"[[0, 0, 1], [0, -1, 0], [1, 0, -1]]",0.0,0.0,,-2.0,,-3.0,,-2.0,
"[[0, 0, 1], [0, -1, 0], [0, 1, -1]]",0.0,0.75,,0.0,,0.5,1.0,,
"[[0, 0, 0], [1, -1, -1], [1, 0, 0]]",-1.0,-4.0,-6.75,,,,,-3.75,-5.0
"[[0, 0, 0], [1, -1, -1], [0, 1, 0]]",0.0,-2.0,-1.0,,,,0.75,,-0.25
"[[0, 0, 0], [1, -1, -1], [0, 0, 1]]",-2.0,-1.5,-4.0,,,,1.25,0.25,
"[[0, 0, 0], [1, -1, 1], [-1, 0, 0]]",-1.0,0.0,0.0,,,,,0.0,0.0
"[[0, 0, 0], [1, -1, 0], [-1, 1, 0]]",0.25,1.75,0.0,,,0.0,,,0.5
"[[0, 0, 0], [1, -1, 0], [-1, 0, 1]]",-0.5,0.75,0.0,,,1.0,,0.5,
"[[0, 0, 0], [1, -1, 1], [0, -1, 0]]",-1.0,0.0,0.0,,,,0.0,,0.0
"[[0, 0, 0], [1, -1, 0], [1, -1, 0]]",0.75,0.0,-3.0,,,-4.75,,,-3.0
"[[0, 0, 0], [1, -1, 0], [0, -1, 1]]",0.5,0.0,0.0,,,1.0,-0.75,,
"[[0, 0, 0], [1, -1, 1], [0, 0, -1]]",0.0,-2.0,-1.0,,,,0.0,0.0,
"[[0, 0, 0], [1, -1, 0], [1, 0, -1]]",0.0,-5.0,-7.0,,,-2.0,,-7.0,
"[[0, 0, 0], [1, -1, 0], [0, 1, -1]]",0.0,-0.75,0.0,,,-0.25,0.0,,
"[[0, 0, 0], [0, -1, 1], [-1, 1, 0]]",-1.0,0.25,0.0,-0.75,,,,,0.25
"[[0, 0, 0], [0, -1, 1], [-1, 0, 1]]",-5.0,-5.0,0.0,-9.0,,,,-7.0,
"[[0, 0, 0], [0, -1, 1], [1, -1, 0]]",0.0,0.0,0.5,1.5,,,,,0.5
"[[0, 0, 0], [0, -1, 1], [0, -1, 1]]",-2.0,0.0,1.0,-9.0,,,-3.0,,
"[[0, 0, 0], [0, -1, 1], [1, 0, -1]]",0.0,1.0,-0.5,1.0,,,,0.25,
"[[0, 0, 0], [0, -1, 1], [0, 1, -1]]",0.0,1.25,0.25,0.75,,,0.25,,
"[[0, 0, 0], [0, -1, -1], [1, 1, 0]]",-8.0,-2.0,0.0,0.0,,,,,-1.0
"[[0, 0, 0], [0, -1, -1], [1, 0, 1]]",-6.5,-11.0,-6.0,0.0,,,,-1.0,
"[[0, 0, 0], [0, -1, 0], [1, -1, 1]]",0.0,0.0,0.0,0.0,,0.75,,,
"[[0, 0, 0], [0, -1, 0], [1, 1, -1]]",0.0,-0.75,0.5,0.75,,0.0,,,
"[[0, 0, 0], [0, -1, -1], [0, 1, 1]]",-10.25,-8.75,-7.0,0.0,,,1.0,,
"[[0, 0, 0], [0, -1, 0], [-1, 1, 1]]",0.25,-2.0,0.0,0.0,,1.25,,,
"[[1, 1, 0], [0, 0, -1], [-1, 0, 0]]",,,-1.0,-8.0,-7.0,,,-7.0,-2.0
"[[1, 0, 1], [0, 0, -1], [-1, 0, 0]]",,-2.0,,-3.75,-5.75,,,-2.0,-2.0
"[[1, 0, 0], [1, 0, -1], [-1, 0, 0]]",,-0.5,0.0,,-1.75,,,0.0,-0.75
"[[1, 0, 0], [0, 1, -1], [-1, 0, 0]]",,-2.0,-2.0,-4.0,,,,-3.0,-1.75
"[[1, 0, 0], [0, 0, -1], [-1, 1, 0]]",,-1.5,-3.0,-0.75,0.25,,,,-1.75
"[[1, 0, 0], [0, 0, -1], [-1, 0, 1]]",,-5.0,-3.0,-3.0,-2.0,,,-5.0,
"[[1, 1, 0], [0, 0, -1], [0, -1, 0]]",,,-1.0,-7.0,-7.0,,-1.0,,0.0
"[[1, 0, 1], [0, 0, -1], [0, -1, 0]]",,-1.0,,-5.0,-2.0,,-4.0,,-9.0
"[[1, 0, 0], [1, 0, -1], [0, -1, 0]]",,-1.0,-1.0,,0.0,,0.0,,0.0
"[[1, 0, 0], [0, 1, -1], [0, -1, 0]]",,-4.0,-5.0,-4.0,,,-6.0,,-7.0
"[[1, 0, 0], [0, 0, -1], [1, -1, 0]]",,-2.0,-4.0,-1.0,-3.0,,,,-2.0
"[[1, 0, 0], [0, 0, -1], [0, -1, 1]]",,-2.0,-4.0,-2.0,-1.0,,-8.0,,
"[[1, 1, 0], [0, 0, -1], [0, 0, -1]]",,,0.0,-4.0,-3.0,,-4.0,-5.0,
"[[1, 0, 1], [0, 0, -1], [0, 0, -1]]",,0.75,,-3.0,-1.0,,-3.0,-5.0,
"[[1, 0, 0], [1, 0, -1], [0, 0, -1]]",,-2.0,0.0,,-1.0,,0.0,-3.0,
"[[1, 0, 0], [0, 1, -1], [0, 0, -1]]",,-0.5,0.0,-2.0,,,0.0,-3.0,
"[[1, 0, 0], [0, 0, -1], [1, 0, -1]]",,-6.0,0.0,-1.0,-1.0,,,-5.0,
"[[1, 0, 0], [0, 0, -1], [0, 1, -1]]",,0.5,0.0,0.0,0.0,,-0.25,,
"[[0, 1, 1], [0, 0, -1], [-1, 0, 0]]",0.0,,,-3.0,-3.0,,,0.0,-3.0
"[[0, 1, 0], [1, 0, -1], [-1, 0, 0]]",0.5,,0.0,,0.25,,,0.5,0.0
"[[0, 1, 0], [0, 1, -1], [-1, 0, 0]]",-2.0,,-6.0,-4.0,,,,-1.75,-2.0
"[[0, 1, 0], [0, 0, -1], [-1, 1, 0]]",0.0,,-3.0,-5.0,-1.0,,,,-3.0
"[[0, 1, 0], [0, 0, -1], [-1, 0, 1]]",-0.75,,-3.0,-2.0,0.25,,,-1.0,
"[[0, 1, 1], [0, 0, -1], [0, -1, 0]]",-0.75,,,-8.0,-4.75,,-7.75,,-4.0
"[[0, 1, 0], [1, 0, -1], [0, -1, 0]]",0.0,,0.0,,0.25,,0.5,,0.0
"[[0, 1, 0], [0, 1, -1], [0, -1, 0]]",-0.5,,-1.5,-2.0,,,-1.75,,-2.0
"[[0, 1, 0], [0, 0, -1], [1, -1, 0]]",0.75,,-0.75,0.0,0.5,,,,-1.0
"[[0, 1, 0], [0, 0, -1], [0, -1, 1]]",1.5,,1.0,-1.5,0.25,,0.0,,
"[[0, 1, 1], [0, 0, -1], [0, 0, -1]]",0.0,,,-2.0,-2.0,,-5.0,-4.0,
"[[0, 1, 0], [1, 0, -1], [0, 0, -1]]",0.0,,0.0,,0.0,,0.0,0.0,
"[[0, 1, 0], [0, 1, -1], [0, 0, -1]]",-3.0,,0.0,-2.0,,,-4.0,-2.0,
"[[0, 1, 0], [0, 0, -1], [1, 0, -1]]",0.0,,0.0,-1.0,-1.0,,,-3.0,
"[[0, 1, 0], [0, 0, -1], [0, 1, -1]]",0.0,,0.0,-2.0,-2.0,,-2.0,,
"[[0, 0, 1], [1, 0, -1], [-1, 0, 0]]",1.25,0.75,,,0.5,,,0.75,0.5
"[[0, 0, 1], [0, 1, -1], [-1, 0, 0]]",-0.75,-0.25,,-1.75,,,,-2.0,-1.5
"[[0, 0, 1], [0, 0, -1], [-1, 1, 0]]",-0.25,1.0,,-3.0,-1.0,,,,-1.75
"[[0, 0, 1], [0, 0, -1], [-1, 0, 1]]",0.5,0.25,,-1.0,0.0,,,0.0,
"[[0, 0, 1], [1, 0, -1], [0, -1, 0]]",0.25,-1.0,,,-2.0,,-0.75,,-2.0
"[[0, 0, 1], [0, 1, -1], [0, -1, 0]]",-1.75,-9.0,,-15.0,,,0.0,,-6.0
"[[0, 0, 1], [0, 0, -1], [1, -1, 0]]",-2.0,-5.0,,-4.0,-3.0,,,,-5.0
"[[0, 0, 1], [0, 0, -1], [0, -1, 1]]",-0.75,-1.75,,-2.0,0.25,,0.0,,
"[[0, 0, 1], [1, 0, -1], [0, 0, -1]]",1.0,-1.75,,,-4.0,,0.0,0.0,
"[[0, 0, 1], [0, 1, -1], [0, 0, -1]]",-2.0,-6.5,,-3.75,,,-1.0,-6.0,
"[[0, 0, 1], [0, 0, -1], [1, 0, -1]]",-2.0,-2.0,,0.0,0.0,,,-1.0,
"[[0, 0, 1], [0, 0, -1], [0, 1, -1]]",0.5,0.5,,0.0,0.5,,0.25,,
"[[0, 0, 0], [1, 1, -1], [-1, 0, 0]]",0.0,0.25,-1.0,,,,,0.25,0.0
"[[0, 0, 0], [1, 0, -1], [-1, 1, 0]]",-0.5,1.5,0.0,,0.25,,,,0.5
"[[0, 0, 0], [1, 0, -1], [-1, 0, 1]]",0.5,0.0,0.0,,0.75,,,0.5,
"[[0, 0, 0], [1, 1, -1], [0, -1, 0]]",-1.0,-1.0,-4.0,,,,0.0,,-2.0
"[[0, 0, 0], [1, 0, -1], [1, -1, 0]]",-1.0,-5.0,-5.75,,-7.0,,,,-6.0
"[[0, 0, 0], [1, 0, -1], [0, -1, 1]]",0.25,0.75,-1.75,,0.0,,0.25,,
"[[0, 0, 0], [1, 1, -1], [0, 0, -1]]",-1.0,-1.25,0.0,,,,0.0,0.0,
"[[0, 0, 0], [1, 0, -1], [1, 0, -1]]",-1.0,-12.0,0.0,,-1.0,,,-6.0,
"[[0, 0, 0], [1, 0, -1], [0, 1, -1]]",0.25,0.5,0.0,,0.0,,-0.75,,
"[[0, 0, 0], [0, 1, -1], [-1, 1, 0]]",-7.0,-0.25,-9.0,-2.0,,,,,-5.0
"[[0, 0, 0], [0, 1, -1], [-1, 0, 1]]",-0.5,-2.75,-3.75,-8.0,,,,-3.25,
"[[0, 0, 0], [0, 1, -1], [1, -1, 0]]",-2.0,-2.0,-2.0,-2.75,,,,,-5.0
"[[0, 0, 0], [0, 1, -1], [0, -1, 1]]",0.75,-3.5,-1.25,1.0,,,-8.25,,
"[[0, 0, 0], [0, 1, -1], [1, 0, -1]]",-3.0,-6.0,0.0,-2.0,,,,-5.0,
"[[0, 0, 0], [0, 1, -1], [0, 1, -1]]",-4.75,-2.0,0.0,-4.75,,,-4.0,,
"[[0, 0, 0], [0, 0, -1], [1, -1, 1]]",-0.5,-3.0,0.25,-3.0,0.25,,,,
"[[0, 0, 0], [0, 0, -1], [1, 1, -1]]",-2.0,-1.0,0.0,-1.0,0.0,,,,
"[[0, 0, 0], [0, 0, -1], [-1, 1, 1]]",-0.75,-1.0,-1.0,-2.0,0.75,,,,
"[[1, 1, 0], [0, 0, 0], [-1, -1, 0]]",,,-1.0,-3.0,-4.0,-7.0,,,0.0
"[[1, 0, 1], [0, 0, 0], [-1, -1, 0]]",,-1.0,,-3.0,-3.0,-4.0,,,0.0
"[[1, 0, 0], [1, 0, 0], [-1, -1, 0]]",,-1.0,0.0,,0.0,0.0,,,0.0
"[[1, 0, 0], [0, 1, 0], [-1, -1, 0]]",,-10.0,-9.0,-3.0,,-5.0,,,0.0
"[[1, 0, 0], [0, 0, 1], [-1, -1, 0]]",,0.0,-1.0,-2.0,-1.0,,,,0.0
"[[1, 0, 0], [0, 0, 0], [-1, -1, 1]]",,-3.0,-7.0,-6.0,-1.0,-3.0,,,
"[[1, 1, 0], [0, 0, 0], [-1, 0, -1]]",,,-1.0,-5.0,-2.0,-1.0,,0.0,
"[[1, 0, 1], [0, 0, 0], [-1, 0, -1]]",,2.0,,0.0,-3.75,-5.0,,0.0,
"[[1, 0, 0], [1, 0, 0], [-1, 0, -1]]",,-0.75,0.0,,0.75,0.25,,0.0,
"[[1, 0, 0], [0, 1, 0], [-1, 0, -1]]",,-0.75,1.25,-1.0,,0.25,,0.0,
"[[1, 0, 0], [0, 0, 1], [-1, 0, -1]]",,0.5,0.25,0.75,-1.0,,,0.0,
"[[1, 0, 0], [0, 0, 0], [-1, 1, -1]]",,1.25,0.25,0.5,-1.75,-0.5,,,
"[[0, 1, 1], [0, 0, 0], [-1, -1, 0]]",0.0,,,-4.0,-6.75,-1.5,,,0.0
"[[0, 1, 0], [1, 0, 0], [-1, -1, 0]]",0.0,,0.0,,-1.0,0.0,,,0.0
"[[0, 1, 0], [0, 1, 0], [-1, -1, 0]]",0.25,,0.25,0.0,,0.0,,,0.0
"[[0, 1, 0], [0, 0, 1], [-1, -1, 0]]",-2.0,,-1.0,0.0,0.0,,,,0.0
"[[0, 1, 0], [0, 0, 0], [-1, -1, 1]]",0.0,,-0.75,-1.0,-1.75,0.0,,,
"[[0, 1, 1], [0, 0, 0], [-1, 0, -1]]",-1.0,,,-1.0,-3.0,-1.0,,0.0,
"[[0, 1, 0], [1, 0, 0], [-1, 0, -1]]",-1.0,,-1.0,,-1.0,0.0,,0.0,
"[[0, 1, 0], [0, 1, 0], [-1, 0, -1]]",-16.0,,-16.0,-11.0,,-15.0,,0.0,
"[[0, 1, 0], [0, 0, 1], [-1, 0, -1]]",0.0,,-2.0,-2.0,0.0,,,0.0,
"[[0, 1, 0], [0, 0, 0], [-1, 1, -1]]",-4.0,,-4.0,-2.0,-1.0,-1.0,,,
"[[0, 0, 1], [1, 0, 0], [-1, -1, 0]]",-0.75,-0.75,,,-3.0,0.25,,,0.0
"[[0, 0, 1], [0, 1, 0], [-1, -1, 0]]",-0.5,-0.75,,-2.0,,-1.0,,,0.0
"[[0, 0, 1], [0, 0, 1], [-1, -1, 0]]",-8.0,0.0,,-1.0,-2.0,,,,0.0
"[[0, 0, 1], [0, 0, 0], [-1, -1, 1]]",-10.0,-9.0,,-9.0,-17.0,-4.75,,,
"[[0, 0, 1], [1, 0, 0], [-1, 0, -1]]",0.5,0.0,,,0.0,-0.25,,0.0,
"[[0, 0, 1], [0, 1, 0], [-1, 0, -1]]",-2.0,0.75,,-0.5,,-1.25,,0.0,
"[[0, 0, 1], [0, 0, 1], [-1, 0, -1]]",-1.0,0.0,,-1.0,-1.0,,,0.0,
"[[0, 0, 1], [0, 0, 0], [-1, 1, -1]]",0.75,0.25,,-0.25,-3.0,-1.0,,,
"[[0, 0, 0], [1, 1, 0], [-1, -1, 0]]",0.0,-4.75,0.0,,,0.0,,,0.0
"[[0, 0, 0], [1, 0, 1], [-1, -1, 0]]",-4.0,-4.0,-5.0,,-1.0,,,,0.0
"[[0, 0, 0], [1, 0, 0], [-1, -1, 1]]",1.25,-0.5,-0.75,,-2.0,-1.0,,,
"[[0, 0, 0], [1, 1, 0], [-1, 0, -1]]",-2.75,-2.75,-4.0,,,-0.75,,0.0,
"[[0, 0, 0], [1, 0, 1], [-1, 0, -1]]",-4.0,-6.0,-11.0,,0.0,,,0.0,
"[[0, 0, 0], [1, 0, 0], [-1, 1, -1]]",0.25,-1.25,-1.0,,0.75,-1.0,,,
"[[0, 0, 0], [0, 1, 1], [-1, -1, 0]]",-3.0,-3.0,0.0,-1.0,,,,,0.0
"[[0, 0, 0], [0, 1, 0], [-1, -1, 1]]",0.0,-4.0,-0.5,-2.0,,0.25,,,
"[[0, 0, 0], [0, 1, 1], [-1, 0, -1]]",-5.0,-10.0,-7.75,-1.0,,,,0.0,
"[[0, 0, 0], [0, 1, 0], [-1, 1, -1]]",-7.0,2.25,-6.5,-2.75,,-1.5,,,
"[[0, 0, 0], [0, 0, 1], [-1, -1, 1]]",-3.0,0.0,0.0,-2.0,0.0,,,,
"[[0, 0, 0], [0, 0, 1], [-1, 1, -1]]",-1.0,-0.5,-2.0,0.5,0.75,,,,
"[[1, 1, 0], [0, 0, 0], [0, -1, -1]]",,,0.5,-3.75,-2.0,-3.0,0.0,,
"[[1, 0, 1], [0, 0, 0], [0, -1, -1]]",,0.0,,-3.0,-5.0,-1.0,0.0,,
"[[1, 0, 0], [1, 0, 0], [0, -1, -1]]",,-2.0,-1.0,,-2.0,-2.0,0.0,,
"[[1, 0, 0], [0, 1, 0], [0, -1, -1]]",,0.5,-0.5,-2.0,,-2.0,0.0,,
"[[1, 0, 0], [0, 0, 1], [0, -1, -1]]",,-0.25,-1.0,-0.75,-1.0,,0.0,,
"[[1, 0, 0], [0, 0, 0], [1, -1, -1]]",,-1.75,-1.75,-1.0,-1.0,-1.0,,,
"[[0, 1, 1], [0, 0, 0], [0, -1, -1]]",-1.0,,,-3.0,-7.0,-3.0,0.0,,
"[[0, 1, 0], [1, 0, 0], [0, -1, -1]]",0.0,,0.0,,-2.0,-1.0,0.0,,
"[[0, 1, 0], [0, 1, 0], [0, -1, -1]]",0.0,,-0.75,-0.75,,-1.0,0.0,,
"[[0, 1, 0], [0, 0, 1], [0, -1, -1]]",0.25,,0.0,-0.75,0.0,,0.0,,
"[[0, 1, 0], [0, 0, 0], [1, -1, -1]]",0.0,,0.75,0.25,-1.75,-1.0,,,
"[[0, 0, 1], [1, 0, 0], [0, -1, -1]]",-1.0,0.0,,,-1.0,-2.0,0.0,,
"[[0, 0, 1], [0, 1, 0], [0, -1, -1]]",-8.0,-1.0,,-4.0,,-5.0,0.0,,
"[[0, 0, 1], [0, 0, 1], [0, -1, -1]]",-2.0,-2.0,,-1.0,0.0,,0.0,,
"[[0, 0, 1], [0, 0, 0], [1, -1, -1]]",-5.0,-5.0,,-4.0,-2.0,-4.0,,,
"[[0, 0, 0], [1, 1, 0], [0, -1, -1]]",-8.0,-11.0,-1.0,,,-1.0,0.0,,
"[[0, 0, 0], [1, 0, 1], [0, -1, -1]]",-3.0,-6.0,-5.0,,0.0,,0.0,,
"[[0, 0, 0], [1, 0, 0], [1, -1, -1]]",-1.0,-1.0,-2.0,,-3.0,-4.0,,,
"[[0, 0, 0], [0, 1, 1], [0, -1, -1]]",-3.75,-4.0,-8.5,-1.5,,,0.0,,
"[[0, 0, 0], [0, 1, 0], [1, -1, -1]]",-8.5,-8.75,0.0,-12.75,,-8.0,,,
"[[0, 0, 0], [0, 0, 1], [1, -1, -1]]",-1.0,-1.75,-1.0,-1.0,0.5,,,,
"[[-1, 1, -1], [1, -1, 0], [0, 0, 0]]",,,,,,0.0,2.5,0.0,1.0
"[[-1, 1, -1], [1, 0, -1], [0, 0, 0]]",,,,,0.0,,1.0,3.0,0.5
"[[-1, 1, -1], [1, 0, 0], [-1, 0, 0]]",,,,,3.0,2.0,,3.0,0.0
"[[-1, 1, -1], [1, 0, 0], [0, -1, 0]]",,,,,1.5,3.0,0.0,,2.0
"[[-1, 1, -1], [1, 0, 0], [0, 0, -1]]",,,,,0.0,5.0,0.0,1.0,
"[[-1, 1, -1], [-1, 1, 0], [0, 0, 0]]",,,,,,2.5,4.0,22.0,2.0
"[[-1, 1, -1], [0, 1, -1], [0, 0, 0]]",,,,4.0,,,1.5,20.0,5.0
"[[-1, 1, -1], [0, 1, 0], [-1, 0, 0]]",,,,5.0,,3.0,,30.0,2.5
"[[-1, 1, -1], [0, 1, 0], [0, -1, 0]]",,,,5.5,,6.0,8.5,,2.0
"[[-1, 1, -1], [0, 1, 0], [0, 0, -1]]",,,,5.0,,3.0,3.0,24.0,
"[[-1, 1, -1], [-1, 0, 1], [0, 0, 0]]",,,,,1.5,,0.5,0.0,1.5
"[[-1, 1, -1], [0, -1, 1], [0, 0, 0]]",,,,0.0,,,0.5,0.0,2.5
"[[-1, 1, -1], [0, 0, 1], [-1, 0, 0]]",,,,0.0,2.0,,,0.0,0.0
"[[-1, 1, -1], [0, 0, 1], [0, -1, 0]]",,,,0.0,4.0,,0.5,,1.0
"[[-1, 1, -1], [0, 0, 1], [0, 0, -1]]",,,,0.0,6.0,,1.0,0.0,
"[[-1, 1, -1], [-1, 0, 0], [1, 0, 0]]",,,,,2.0,1.5,,5.0,1.5
"[[-1, 1, -1], [0, -1, 0], [1, 0, 0]]",,,,4.0,,3.5,,2.0,7.0
"[[-1, 1, -1], [0, 0, -1], [1, 0, 0]]",,,,2.5,0.5,,,5.0,1.0
"[[-1, 1, -1], [0, 0, 0], [1, -1, 0]]",,,,1.5,5.0,2.5,,,4.5
"[[-1, 1, -1], [0, 0, 0], [1, 0, -1]]",,,,0.0,3.0,0.5,,0.0,
"[[-1, 1, -1], [-1, 0, 0], [0, 1, 0]]",,,,,20.0,0.0,6.0,,1.0
"[[-1, 1, -1], [0, -1, 0], [0, 1, 0]]",,,,0.0,,0.0,3.0,,0.0
"[[-1, 1, -1], [0, 0, -1], [0, 1, 0]]",,,,0.0,16.0,,1.0,,2.0
"[[-1, 1, -1], [0, 0, 0], [-1, 1, 0]]",,,,1.0,16.0,0.0,,,2.0
"[[-1, 1, -1], [0, 0, 0], [0, 1, -1]]",,,,0.0,20.0,2.0,0.0,,
"[[-1, 1, -1], [-1, 0, 0], [0, 0, 1]]",,,,,2.5,0.5,1.0,3.0,
"[[-1, 1, -1], [0, -1, 0], [0, 0, 1]]",,,,3.0,,1.5,8.0,2.0,
"[[-1, 1, -1], [0, 0, -1], [0, 0, 1]]",,,,1.0,4.0,,2.0,8.0,
"[[-1, 1, -1], [0, 0, 0], [-1, 0, 1]]",,,,0.0,6.0,0.0,,1.0,
"[[-1, 1, -1], [0, 0, 0], [0, -1, 1]]",,,,1.0,4.0,2.0,2.0,,
"[[-1, 1, 1], [-1, -1, 0], [0, 0, 0]]",,,,,,0.0,0.0,0.0,1.0
"[[-1, 1, 1], [-1, 0, -1], [0, 0, 0]]",,,,,2.0,,0.0,3.0,0.0
"[[-1, 1, 1], [-1, 0, 0], [0, -1, 0]]",,,,,1.0,1.0,2.0,,0.0
"[[-1, 1, 1], [-1, 0, 0], [0, 0, -1]]",,,,,6.0,0.0,2.0,2.0,
"[[-1, 1, 0], [-1, 1, -1], [0, 0, 0]]",,,4.0,,,,3.0,10.0,2.5
"[[-1, 1, 0], [-1, 1, 0], [0, -1, 0]]",,,5.0,,,1.0,6.5,,1.0
"[[-1, 1, 0], [-1, 1, 0], [0, 0, -1]]",,,1.0,,,2.0,6.0,22.0,
"[[-1, 1, 0], [-1, -1, 1], [0, 0, 0]]",,,3.0,,,,0.5,0.0,3.5
"[[-1, 1, 0], [-1, 0, 1], [0, -1, 0]]",,,1.0,,2.5,,5.0,,4.5
"[[-1, 1, 0], [-1, 0, 1], [0, 0, -1]]",,,0.0,,1.0,,0.0,1.0,
"[[-1, 1, 0], [-1, -1, 0], [1, 0, 0]]",,,0.0,,,1.0,,4.0,0.5
"[[-1, 1, 0], [-1, 0, -1], [1, 0, 0]]",,,2.0,,5.5,,,2.0,1.5
"[[-1, 1, 0], [-1, 0, 0], [1, -1, 0]]",,,1.0,,4.0,0.5,,,1.0
"[[-1, 1, 0], [-1, 0, 0], [1, 0, -1]]",,,5.0,,1.0,1.0,,1.0,
"[[-1, 1, 0], [-1, -1, 0], [0, 1, 0]]",,,0.0,,,0.0,1.0,,0.0
"[[-1, 1, 0], [-1, 0, -1], [0, 1, 0]]",,,1.0,,18.0,,2.0,,4.0
"[[-1, 1, 0], [-1, 0, 0], [0, 1, -1]]",,,1.0,,12.0,0.0,1.0,,
"[[-1, 1, 0], [-1, -1, 0], [0, 0, 1]]",,,2.0,,,4.5,1.5,1.0,
"[[-1, 1, 0], [-1, 0, -1], [0, 0, 1]]",,,0.0,,3.5,,1.0,0.0,
"[[-1, 1, 0], [-1, 0, 0], [0, -1, 1]]",,,4.0,,2.5,0.5,2.0,,
"[[-1, 1, 1], [0, -1, -1], [0, 0, 0]]",,,,7.0,,,0.0,0.0,2.0
"[[-1, 1, 1], [0, -1, 0], [-1, 0, 0]]",,,,1.0,,0.0,,0.0,5.0
"[[-1, 1, 1], [0, -1, 0], [0, -1, 0]]",,,,2.0,,1.0,0.0,,12.0
"[[-1, 1, 0], [1, -1, -1], [0, 0, 0]]",,,2.5,,,,0.5,0.0,9.5
"[[-1, 1, 0], [1, -1, 0], [-1, 0, 0]]",,,1.0,,,0.0,,0.0,2.5
"[[-1, 1, 0], [1, -1, 0], [0, -1, 0]]",,,2.0,,,0.0,3.5,,5.0
"[[-1, 1, 0], [0, -1, 1], [-1, 0, 0]]",,,2.0,0.0,,,,0.0,1.0
"[[-1, 1, 0], [0, -1, 1], [0, -1, 0]]",,,6.0,0.0,,,2.0,,2.0
"[[-1, 1, 0], [0, -1, -1], [1, 0, 0]]",,,0.0,1.0,,,,3.0,4.5
"[[-1, 1, 0], [0, -1, 0], [1, -1, 0]]",,,0.0,1.5,,2.0,,,6.5
"[[-1, 1, 0], [0, -1, -1], [0, 1, 0]]",,,0.0,0.0,,,0.0,,1.0
"[[-1, 1, 0], [0, -1, 0], [-1, 1, 0]]",,,0.0,0.0,,0.0,,,0.0
"[[-1, 1, 0], [0, -1, -1], [0, 0, 1]]",,,1.0,11.5,,,1.0,3.0,
"[[-1, 1, 0], [0, -1, 0], [-1, 0, 1]]",,,5.0,0.5,,2.0,,0.0,
"[[-1, 1, 0], [0, -1, 0], [0, -1, 1]]",,,10.0,5.5,,3.0,4.0,,
"[[-1, 1, 1], [0, 0, -1], [-1, 0, 0]]",,,,0.5,1.0,,,2.0,1.0
"[[-1, 1, 1], [0, 0, -1], [0, -1, 0]]",,,,3.0,3.0,,1.0,,0.5
"[[-1, 1, 1], [0, 0, -1], [0, 0, -1]]",,,,0.0,4.0,,0.0,2.0,
"[[-1, 1, 0], [1, 0, -1], [-1, 0, 0]]",,,0.0,,4.0,,,3.0,2.0
"[[-1, 1, 0], [1, 0, -1], [0, -1, 0]]",,,1.5,,1.5,,0.5,,0.5
"[[-1, 1, 0], [1, 0, -1], [0, 0, -1]]",,,0.0,,1.0,,0.0,0.0,
"[[-1, 1, 0], [0, 1, -1], [-1, 0, 0]]",,,4.0,3.5,,,,20.0,1.5
"[[-1, 1, 0], [0, 1, -1], [0, -1, 0]]",,,3.0,4.0,,,5.5,,4.0
"[[-1, 1, 0], [0, 1, -1], [0, 0, -1]]",,,5.0,0.0,,,1.0,24.0,
"[[-1, 1, 0], [0, 0, -1], [1, -1, 0]]",,,4.0,0.5,3.0,,,,1.0
"[[-1, 1, 0], [0, 0, -1], [1, 0, -1]]",,,2.0,0.0,3.0,,,0.0,
"[[-1, 1, 0], [0, 0, -1], [-1, 1, 0]]",,,2.0,2.0,18.0,,,,1.0
"[[-1, 1, 0], [0, 0, -1], [0, 1, -1]]",,,2.0,0.0,2.0,,1.0,,
"[[-1, 1, 0], [0, 0, -1], [-1, 0, 1]]",,,6.0,1.0,1.5,,,1.0,
"[[-1, 1, 0], [0, 0, -1], [0, -1, 1]]",,,1.0,3.5,5.0,,2.0,,
"[[-1, 1, 1], [0, 0, 0], [-1, -1, 0]]",,,,0.0,0.0,0.0,,,3.0
"[[-1, 1, 1], [0, 0, 0], [-1, 0, -1]]",,,,0.0,2.0,0.0,,0.0,
"[[-1, 1, 0], [1, 0, 0], [-1, -1, 0]]",,,1.0,,2.0,2.0,,,2.5
"[[-1, 1, 0], [1, 0, 0], [-1, 0, -1]]",,,0.0,,2.0,1.0,,4.0,
"[[-1, 1, 0], [0, 1, 0], [-1, -1, 0]]",,,0.0,7.0,,0.0,,,0.5
"[[-1, 1, 0], [0, 1, 0], [-1, 0, -1]]",,,1.0,2.0,,1.0,,40.0,
"[[-1, 1, 0], [0, 0, 1], [-1, -1, 0]]",,,1.0,0.0,1.0,,,,2.0
"[[-1, 1, 0], [0, 0, 1], [-1, 0, -1]]",,,0.0,2.0,0.0,,,0.0,
"[[-1, 1, 0], [0, 0, 0], [-1, 1, -1]]",,,2.0,1.0,28.0,1.0,,,
"[[-1, 1, 0], [0, 0, 0], [-1, -1, 1]]",,,0.0,2.5,0.5,0.0,,,
"[[-1, 1, 1], [0, 0, 0], [0, -1, -1]]",,,,0.0,2.0,0.0,5.0,,
"[[-1, 1, 0], [1, 0, 0], [0, -1, -1]]",,,0.0,,0.0,0.0,0.0,,
"[[-1, 1, 0], [0, 1, 0], [0, -1, -1]]",,,1.0,1.0,,3.5,2.0,,
"[[-1, 1, 0], [0, 0, 1], [0, -1, -1]]",,,0.0,1.0,4.0,,0.5,,
"[[-1, 1, 0], [0, 0, 0], [1, -1, -1]]",,,1.0,0.0,2.5,1.0,,,
"[[-1, -1, 1], [1, -1, 0], [0, 0, 0]]",,,,,,1.0,0.0,0.5,5.0
"[[-1, -1, 1], [1, 0, -1], [0, 0, 0]]",,,,,7.0,,1.0,1.5,2.0
"[[-1, -1, 1], [1, 0, 0], [-1, 0, 0]]",,,,,3.0,3.0,,1.5,3.0
"[[-1, -1, 1], [1, 0, 0], [0, -1, 0]]",,,,,2.0,4.0,1.0,,4.0
"[[-1, -1, 1], [1, 0, 0], [0, 0, -1]]",,,,,2.0,3.0,1.0,0.5,
"[[-1, -1, 1], [-1, 1, 0], [0, 0, 0]]",,,,,,3.0,22.0,3.0,3.0
"[[-1, -1, 1], [0, 1, -1], [0, 0, 0]]",,,,6.0,,,18.0,3.5,4.0
"[[-1, -1, 1], [0, 1, 0], [-1, 0, 0]]",,,,10.0,,5.0,,3.0,2.5
"[[-1, -1, 1], [0, 1, 0], [0, -1, 0]]",,,,7.5,,4.0,20.0,,1.5
"[[-1, -1, 1], [0, 1, 0], [0, 0, -1]]",,,,7.5,,4.0,36.0,2.5,
"[[-1, -1, 1], [-1, 0, 1], [0, 0, 0]]",,,,,6.0,,5.0,1.0,20.0
"[[-1, -1, 1], [0, -1, 1], [0, 0, 0]]",,,,2.0,,,2.0,2.0,40.0
"[[-1, -1, 1], [0, 0, 1], [-1, 0, 0]]",,,,4.0,1.0,,,2.0,18.0
"[[-1, -1, 1], [0, 0, 1], [0, -1, 0]]",,,,1.0,2.0,,4.0,,12.0
"[[-1, -1, 1], [0, 0, 1], [0, 0, -1]]",,,,2.0,9.0,,3.0,0.0,
"[[-1, -1, 1], [-1, 0, 0], [1, 0, 0]]",,,,,10.0,4.0,,4.0,3.0
"[[-1, -1, 1], [0, -1, 0], [1, 0, 0]]",,,,0.0,,0.0,,7.0,3.0
"[[-1, -1, 1], [0, 0, -1], [1, 0, 0]]",,,,1.0,18.0,,,3.0,3.0
"[[-1, -1, 1], [0, 0, 0], [1, -1, 0]]",,,,1.0,14.0,2.0,,,1.0
"[[-1, -1, 1], [0, 0, 0], [1, 0, -1]]",,,,1.0,20.0,3.0,,2.0,
"[[-1, -1, 1], [-1, 0, 0], [0, 1, 0]]",,,,,2.0,1.0,5.0,,3.0
"[[-1, -1, 1], [0, -1, 0], [0, 1, 0]]",,,,1.5,,4.0,1.0,,5.5
"[[-1, -1, 1], [0, 0, -1], [0, 1, 0]]",,,,4.0,3.5,,2.0,,2.0
"[[-1, -1, 1], [0, 0, 0], [-1, 1, 0]]",,,,1.0,3.5,1.0,,,1.0
"[[-1, -1, 1], [0, 0, 0], [0, 1, -1]]",,,,1.5,2.0,0.0,0.0,,
"[[-1, -1, 1], [-1, 0, 0], [0, 0, 1]]",,,,,4.0,6.0,2.0,1.0,
"[[-1, -1, 1], [0, -1, 0], [0, 0, 1]]",,,,3.0,,16.0,7.0,2.0,
"[[-1, -1, 1], [0, 0, -1], [0, 0, 1]]",,,,2.0,4.0,,2.0,3.0,
"[[-1, -1, 1], [0, 0, 0], [-1, 0, 1]]",,,,1.5,1.0,14.0,,1.0,
"[[-1, -1, 1], [0, 0, 0], [0, -1, 1]]",,,,0.0,4.5,18.0,2.0,,
"[[-1, 0, 1], [-1, 1, -1], [0, 0, 0]]",,2.0,,,,,10.0,5.0,1.0
"[[-1, 0, 1], [-1, 1, 0], [0, -1, 0]]",,1.0,,,,1.0,20.0,,5.0
"[[-1, 0, 1], [-1, 1, 0], [0, 0, -1]]",,0.0,,,,5.0,30.0,5.0,
"[[-1, 0, 1], [-1, -1, 1], [0, 0, 0]]",,0.0,,,,,3.0,1.0,28.0
"[[-1, 0, 1], [-1, 0, 1], [0, -1, 0]]",,3.0,,,2.0,,3.0,,8.0
"[[-1, 0, 1], [-1, 0, 1], [0, 0, -1]]",,0.0,,,0.0,,3.0,0.0,
"[[-1, 0, 1], [-1, -1, 0], [1, 0, 0]]",,0.0,,,,0.0,,2.0,10.0
"[[-1, 0, 1], [-1, 0, -1], [1, 0, 0]]",,1.0,,,26.0,,,3.0,5.0
"[[-1, 0, 1], [-1, 0, 0], [1, -1, 0]]",,3.0,,,8.0,3.0,,,3.0
"[[-1, 0, 1], [-1, 0, 0], [1, 0, -1]]",,2.0,,,6.0,1.0,,2.0,
"[[-1, 0, 1], [-1, -1, 0], [0, 1, 0]]",,0.0,,,,0.0,2.0,,2.0
"[[-1, 0, 1], [-1, 0, -1], [0, 1, 0]]",,0.0,,,3.0,,2.0,,0.0
"[[-1, 0, 1], [-1, 0, 0], [0, 1, -1]]",,0.0,,,1.0,0.0,4.0,,
"[[-1, 0, 1], [-1, -1, 0], [0, 0, 1]]",,0.0,,,,22.0,6.0,1.0,
"[[-1, 0, 1], [-1, 0, -1], [0, 0, 1]]",,0.0,,,1.0,,2.0,2.0,
"[[-1, 0, 1], [-1, 0, 0], [0, -1, 1]]",,1.0,,,2.0,24.0,5.0,,
"[[-1, 0, 1], [1, -1, -1], [0, 0, 0]]",,1.5,,,,,0.0,0.5,4.0
"[[-1, 0, 1], [1, -1, 0], [-1, 0, 0]]",,1.0,,,,2.0,,2.0,13.0
"[[-1, 0, 1], [1, -1, 0], [0, -1, 0]]",,1.0,,,,5.0,0.0,,2.5
"[[-1, 0, 1], [0, -1, 1], [-1, 0, 0]]",,5.0,,8.0,,,,2.0,34.0
"[[-1, 0, 1], [0, -1, 1], [0, -1, 0]]",,4.0,,2.0,,,2.0,,34.0
"[[-1, 0, 1], [0, -1, -1], [1, 0, 0]]",,0.0,,0.0,,,,2.0,1.0
"[[-1, 0, 1], [0, -1, 0], [1, -1, 0]]",,0.0,,0.0,,2.0,,,0.0
"[[-1, 0, 1], [0, -1, -1], [0, 1, 0]]",,0.0,,0.5,,,1.0,,1.0
"[[-1, 0, 1], [0, -1, 0], [-1, 1, 0]]",,0.0,,4.0,,1.0,,,4.5
"[[-1, 0, 1], [0, -1, -1], [0, 0, 1]]",,3.0,,12.0,,,1.0,0.5,
"[[-1, 0, 1], [0, -1, 0], [-1, 0, 1]]",,1.5,,6.5,,26.0,,1.5,
"[[-1, 0, 1], [0, -1, 0], [0, -1, 1]]",,4.5,,3.0,,42.0,1.0,,
"[[-1, 0, 1], [1, 0, -1], [-1, 0, 0]]",,2.5,,,2.0,,,7.5,2.5
"[[-1, 0, 1], [1, 0, -1], [0, -1, 0]]",,5.5,,,2.5,,1.0,,2.5
"[[-1, 0, 1], [1, 0, -1], [0, 0, -1]]",,0.0,,,6.0,,2.0,2.5,
"[[-1, 0, 1], [0, 1, -1], [-1, 0, 0]]",,1.0,,1.0,,,,5.0,1.5
"[[-1, 0, 1], [0, 1, -1], [0, -1, 0]]",,1.0,,9.0,,,20.0,,2.5
"[[-1, 0, 1], [0, 1, -1], [0, 0, -1]]",,7.0,,3.5,,,22.0,5.0,
"[[-1, 0, 1], [0, 0, -1], [1, -1, 0]]",,1.0,,2.0,20.0,,,,4.0
"[[-1, 0, 1], [0, 0, -1], [1, 0, -1]]",,2.0,,2.0,16.0,,,1.0,
"[[-1, 0, 1], [0, 0, -1], [-1, 1, 0]]",,1.0,,1.5,5.0,,,,0.0
"[[-1, 0, 1], [0, 0, -1], [0, 1, -1]]",,0.0,,0.5,6.5,,2.0,,
"[[-1, 0, 1], [0, 0, -1], [-1, 0, 1]]",,0.5,,9.0,2.5,,,0.5,
"[[-1, 0, 1], [0, 0, -1], [0, -1, 1]]",,3.5,,5.0,12.5,,4.0,,
"[[-1, 0, 1], [1, 0, 0], [-1, -1, 0]]",,0.0,,,2.5,1.0,,,4.0
"[[-1, 0, 1], [1, 0, 0], [-1, 0, -1]]",,0.0,,,0.5,0.0,,2.5,
"[[-1, 0, 1], [0, 1, 0], [-1, -1, 0]]",,0.0,,7.0,,3.0,,,2.5
"[[-1, 0, 1], [0, 1, 0], [-1, 0, -1]]",,5.0,,6.5,,2.0,,0.5,
"[[-1, 0, 1], [0, 0, 1], [-1, -1, 0]]",,3.0,,1.0,0.0,,,,22.0
"[[-1, 0, 1], [0, 0, 1], [-1, 0, -1]]",,0.0,,2.0,1.0,,,0.0,
"[[-1, 0, 1], [0, 0, 0], [-1, 1, -1]]",,0.0,,1.0,3.0,0.0,,,
"[[-1, 0, 1], [0, 0, 0], [-1, -1, 1]]",,6.0,,2.5,1.0,36.0,,,
"[[-1, 0, 1], [1, 0, 0], [0, -1, -1]]",,0.0,,,0.0,2.0,1.0,,
"[[-1, 0, 1], [0, 1, 0], [0, -1, -1]]",,3.0,,4.0,,7.0,30.0,,
"[[-1, 0, 1], [0, 0, 1], [0, -1, -1]]",,0.0,,0.0,5.0,,1.0,,
"[[-1, 0, 1], [0, 0, 0], [1, -1, -1]]",,1.0,,3.0,14.0,3.0,,,
"[[-1, -1, 0], [1, 1, -1], [0, 0, 0]]",,,3.5,,,,7.0,0.5,2.0
"[[-1, -1, 0], [1, 1, 0], [-1, 0, 0]]",,,5.5,,,28.0,,3.0,2.0
"[[-1, -1, 0], [1, 1, 0], [0, -1, 0]]",,,8.0,,,34.0,6.0,,3.0
"[[-1, -1, 0], [1, 1, 0], [0, 0, -1]]",,,5.5,,,16.0,4.0,2.0,
"[[-1, -1, 0], [1, -1, 1], [0, 0, 0]]",,,4.0,,,,0.0,0.0,0.0
"[[-1, -1, 0], [1, 0, 1], [-1, 0, 0]]",,,9.0,,4.0,,,2.0,0.0
"[[-1, -1, 0], [1, 0, 1], [0, -1, 0]]",,,0.0,,12.0,,0.0,,0.0
"[[-1, -1, 0], [1, 0, 1], [0, 0, -1]]",,,2.0,,18.0,,1.0,0.0,
"[[-1, -1, 0], [1, -1, 0], [1, 0, 0]]",,,0.0,,,0.0,,0.0,2.0
"[[-1, -1, 0], [1, 0, -1], [1, 0, 0]]",,,0.0,,6.0,,,2.0,0.0
"[[-1, -1, 0], [1, 0, 0], [1, -1, 0]]",,,0.0,,4.0,2.0,,,0.0
"[[-1, -1, 0], [1, 0, 0], [1, 0, -1]]",,,1.0,,5.0,1.0,,0.0,
"[[-1, -1, 0], [1, -1, 0], [0, 1, 0]]",,,1.0,,,0.0,2.0,,7.0
"[[-1, -1, 0], [1, 0, -1], [0, 1, 0]]",,,1.0,,0.5,,2.0,,1.0
"[[-1, -1, 0], [1, 0, 0], [-1, 1, 0]]",,,2.5,,1.5,1.0,,,1.0
"[[-1, -1, 0], [1, 0, 0], [0, 1, -1]]",,,1.5,,2.0,1.0,0.0,,
"[[-1, -1, 0], [1, -1, 0], [0, 0, 1]]",,,1.0,,,2.0,2.0,5.0,
"[[-1, -1, 0], [1, 0, -1], [0, 0, 1]]",,,2.5,,1.0,,1.0,2.0,
"[[-1, -1, 0], [1, 0, 0], [-1, 0, 1]]",,,8.0,,0.5,2.0,,0.5,
"[[-1, -1, 0], [1, 0, 0], [0, -1, 1]]",,,3.0,,2.5,0.0,0.0,,
"[[-1, 0, -1], [1, 1, -1], [0, 0, 0]]",,4.0,,,,,0.0,3.0,1.0
"[[-1, 0, -1], [1, 1, 0], [-1, 0, 0]]",,12.5,,,,42.0,,2.0,5.5
"[[-1, 0, -1], [1, 1, 0], [0, -1, 0]]",,2.5,,,,16.0,2.0,,3.0
"[[-1, 0, -1], [1, 1, 0], [0, 0, -1]]",,2.0,,,,22.0,1.0,1.0,
"[[-1, 0, -1], [1, -1, 1], [0, 0, 0]]",,0.0,,,,,0.0,0.0,0.0
"[[-1, 0, -1], [1, 0, 1], [-1, 0, 0]]",,2.0,,,20.0,,,1.0,1.0
"[[-1, 0, -1], [1, 0, 1], [0, -1, 0]]",,2.0,,,24.0,,1.0,,1.0
"[[-1, 0, -1], [1, 0, 1], [0, 0, -1]]",,3.0,,,14.0,,0.0,2.0,
"[[-1, 0, -1], [1, -1, 0], [1, 0, 0]]",,2.0,,,,0.0,,1.0,9.5
"[[-1, 0, -1], [1, 0, -1], [1, 0, 0]]",,0.0,,,0.0,,,2.0,0.0
"[[-1, 0, -1], [1, 0, 0], [1, -1, 0]]",,1.5,,,3.0,1.0,,,0.0
"[[-1, 0, -1], [1, 0, 0], [1, 0, -1]]",,0.0,,,1.0,1.0,,0.0,
"[[-1, 0, -1], [1, -1, 0], [0, 1, 0]]",,0.0,,,,0.0,1.0,,3.0
"[[-1, 0, -1], [1, 0, -1], [0, 1, 0]]",,1.0,,,1.0,,0.0,,1.0
"[[-1, 0, -1], [1, 0, 0], [-1, 1, 0]]",,3.0,,,0.0,0.0,,,0.0
"[[-1, 0, -1], [1, 0, 0], [0, 1, -1]]",,0.0,,,2.0,1.0,0.0,,
"[[-1, 0, -1], [1, -1, 0], [0, 0, 1]]",,2.0,,,,0.0,5.0,1.0,
"[[-1, 0, -1], [1, 0, -1], [0, 0, 1]]",,4.5,,,0.0,,0.5,0.0,
"[[-1, 0, -1], [1, 0, 0], [-1, 0, 1]]",,0.5,,,3.0,0.0,,0.0,
"[[-1, 0, -1], [1, 0, 0], [0, -1, 1]]",,3.5,,,2.5,0.0,0.5,,
"[[-1, 0, 0], [1, -1, 1], [-1, 0, 0]]",,0.0,5.0,,,,,0.0,1.0
"[[-1, 0, 0], [1, -1, 1], [0, -1, 0]]",,0.0,2.0,,,,0.0,,2.0
"[[-1, 0, 0], [1, -1, -1], [1, 0, 0]]",,1.0,0.0,,,,,1.0,3.0
"[[-1, 0, 0], [1, -1, 0], [1, -1, 0]]",,0.5,0.0,,,0.0,,,4.5
"[[-1, 0, 0], [1, -1, -1], [0, 1, 0]]",,0.0,1.0,,,,0.0,,0.0
"[[-1, 0, 0], [1, -1, 0], [-1, 1, 0]]",,0.0,0.5,,,0.0,,,4.5
"[[-1, 0, 0], [1, -1, -1], [0, 0, 1]]",,6.0,2.0,,,,12.5,5.0,
"[[-1, 0, 0], [1, -1, 0], [-1, 0, 1]]",,0.5,9.0,,,3.0,,2.5,
"[[-1, 0, 0], [1, -1, 0], [0, -1, 1]]",,1.5,5.0,,,0.0,2.0,,
"[[-1, 0, 0], [1, 1, -1], [-1, 0, 0]]",,4.0,2.0,,,,,9.5,5.0
"[[-1, 0, 0], [1, 1, -1], [0, -1, 0]]",,3.0,2.0,,,,5.0,,2.0
"[[-1, 0, 0], [1, 1, -1], [0, 0, -1]]",,0.0,7.5,,,,1.0,1.5,
"[[-1, 0, 0], [1, 0, -1], [1, -1, 0]]",,0.5,6.0,,3.0,,,,1.0
"[[-1, 0, 0], [1, 0, -1], [1, 0, -1]]",,0.0,4.0,,2.0,,,0.0,
"[[-1, 0, 0], [1, 0, -1], [-1, 1, 0]]",,2.0,1.5,,3.0,,,,0.5
"[[-1, 0, 0], [1, 0, -1], [0, 1, -1]]",,1.0,1.5,,4.5,,0.0,,
"[[-1, 0, 0], [1, 0, -1], [-1, 0, 1]]",,3.0,6.5,,1.5,,,0.5,
"[[-1, 0, 0], [1, 0, -1], [0, -1, 1]]",,1.0,4.0,,1.0,,0.5,,
"[[-1, 0, 0], [1, 1, 0], [-1, -1, 0]]",,12.5,1.5,,,10.0,,,6.0
"[[-1, 0, 0], [1, 1, 0], [-1, 0, -1]]",,5.0,3.0,,,16.0,,11.5,
"[[-1, 0, 0], [1, 0, 1], [-1, -1, 0]]",,0.0,3.0,,14.0,,,,4.0
"[[-1, 0, 0], [1, 0, 1], [-1, 0, -1]]",,0.0,2.0,,16.0,,,1.0,
"[[-1, 0, 0], [1, 0, 0], [-1, 1, -1]]",,0.0,1.5,,5.5,1.0,,,
"[[-1, 0, 0], [1, 0, 0], [-1, -1, 1]]",,3.5,4.5,,9.0,6.0,,,
"[[-1, 0, 0], [1, 1, 0], [0, -1, -1]]",,2.0,3.0,,,36.0,0.0,,
"[[-1, 0, 0], [1, 0, 1], [0, -1, -1]]",,1.0,1.0,,10.0,,0.0,,
"[[-1, 0, 0], [1, 0, 0], [1, -1, -1]]",,0.0,3.0,,2.0,1.0,,,
"[[-1, -1, 0], [-1, 1, 1], [0, 0, 0]]",,,5.0,,,,0.0,0.0,0.0
"[[-1, -1, 0], [0, 1, 1], [-1, 0, 0]]",,,3.0,10.0,,,,0.0,2.0
"[[-1, -1, 0], [0, 1, 1], [0, -1, 0]]",,,5.0,26.0,,,4.0,,4.0
"[[-1, -1, 0], [0, 1, 1], [0, 0, -1]]",,,3.0,32.0,,,3.0,2.0,
"[[-1, -1, 0], [-1, 1, 0], [1, 0, 0]]",,,8.0,,,1.0,,17.0,0.0
"[[-1, -1, 0], [0, 1, -1], [1, 0, 0]]",,,30.0,5.0,,,,5.0,5.0
"[[-1, -1, 0], [0, 1, 0], [1, -1, 0]]",,,38.0,4.0,,0.0,,,3.0
"[[-1, -1, 0], [0, 1, 0], [1, 0, -1]]",,,30.0,1.0,,3.0,,1.0,
"[[-1, -1, 0], [-1, 1, 0], [0, 1, 0]]",,,2.0,,,0.0,4.0,,0.0
"[[-1, -1, 0], [0, 1, -1], [0, 1, 0]]",,,2.0,5.0,,,3.0,,2.0
"[[-1, -1, 0], [0, 1, 0], [-1, 1, 0]]",,,2.5,5.0,,3.0,,,0.0
"[[-1, -1, 0], [0, 1, 0], [0, 1, -1]]",,,4.5,2.0,,0.0,1.0,,
"[[-1, -1, 0], [-1, 1, 0], [0, 0, 1]]",,,1.0,,,3.0,7.0,0.0,
"[[-1, -1, 0], [0, 1, -1], [0, 0, 1]]",,,8.0,1.5,,,2.0,0.0,
"[[-1, -1, 0], [0, 1, 0], [-1, 0, 1]]",,,2.5,7.0,,6.0,,0.0,
"[[-1, -1, 0], [0, 1, 0], [0, -1, 1]]",,,6.5,2.5,,5.0,1.0,,
"[[-1, 0, -1], [-1, 1, 1], [0, 0, 0]]",,2.5,,,,,1.5,7.0,0.0
"[[-1, 0, -1], [0, 1, 1], [-1, 0, 0]]",,7.0,,42.0,,,,2.0,1.0
"[[-1, 0, -1], [0, 1, 1], [0, -1, 0]]",,4.5,,42.0,,,3.5,,3.0
"[[-1, 0, -1], [0, 1, 1], [0, 0, -1]]",,11.5,,18.0,,,5.5,16.0,
"[[-1, 0, -1], [-1, 1, 0], [1, 0, 0]]",,14.0,,,,3.5,,8.0,6.5
"[[-1, 0, -1], [0, 1, -1], [1, 0, 0]]",,0.5,,0.0,,,,3.0,7.5
"[[-1, 0, -1], [0, 1, 0], [1, -1, 0]]",,12.5,,2.0,,5.5,,,2.0
"[[-1, 0, -1], [0, 1, 0], [1, 0, -1]]",,3.5,,3.0,,5.5,,2.0,
"[[-1, 0, -1], [-1, 1, 0], [0, 1, 0]]",,38.0,,,,3.0,5.0,,2.0
"[[-1, 0, -1], [0, 1, -1], [0, 1, 0]]",,10.0,,0.0,,,0.0,,4.0
"[[-1, 0, -1], [0, 1, 0], [-1, 1, 0]]",,22.0,,0.0,,1.0,,,1.0
"[[-1, 0, -1], [0, 1, 0], [0, 1, -1]]",,20.0,,1.0,,4.0,4.0,,
"[[-1, 0, -1], [-1, 1, 0], [0, 0, 1]]",,2.5,,,,0.0,4.0,2.0,
"[[-1, 0, -1], [0, 1, -1], [0, 0, 1]]",,12.0,,0.5,,,4.0,3.0,
"[[-1, 0, -1], [0, 1, 0], [-1, 0, 1]]",,3.0,,5.5,,2.0,,2.0,
"[[-1, 0, -1], [0, 1, 0], [0, -1, 1]]",,4.0,,2.0,,4.0,1.0,,
"[[-1, 0, 0], [-1, 1, 1], [0, -1, 0]]",,3.0,5.0,,,,7.5,,0.0
"[[-1, 0, 0], [-1, 1, 1], [0, 0, -1]]",,1.0,8.0,,,,2.0,3.0,
"[[-1, 0, 0], [-1, 1, -1], [1, 0, 0]]",,8.5,36.0,,,,,12.0,7.5
"[[-1, 0, 0], [-1, 1, 0], [1, -1, 0]]",,6.0,22.0,,,6.0,,,6.5
"[[-1, 0, 0], [-1, 1, 0], [1, 0, -1]]",,7.5,28.0,,,7.0,,6.0,
"[[-1, 0, 0], [-1, 1, -1], [0, 1, 0]]",,28.0,2.0,,,,11.0,,0.0
"[[-1, 0, 0], [-1, 1, 0], [0, 1, -1]]",,24.0,2.0,,,0.0,1.0,,
"[[-1, 0, 0], [-1, 1, -1], [0, 0, 1]]",,3.0,1.0,,,,19.5,4.0,
"[[-1, 0, 0], [-1, 1, 0], [0, -1, 1]]",,1.5,5.0,,,1.0,8.5,,
"[[-1, 0, 0], [0, 1, -1], [1, -1, 0]]",,3.0,24.0,1.0,,,,,5.5
"[[-1, 0, 0], [0, 1, -1], [1, 0, -1]]",,2.0,28.0,2.0,,,,3.0,
"[[-1, 0, 0], [0, 1, -1], [-1, 1, 0]]",,28.0,2.5,1.0,,,,,1.0
"[[-1, 0, 0], [0, 1, -1], [0, 1, -1]]",,20.0,5.0,1.0,,,3.0,,
"[[-1, 0, 0], [0, 1, -1], [-1, 0, 1]]",,3.5,1.5,7.0,,,,1.0,
"[[-1, 0, 0], [0, 1, -1], [0, -1, 1]]",,4.5,3.5,1.5,,,11.0,,
"[[-1, 0, 0], [0, 1, 1], [-1, -1, 0]]",,1.0,0.0,24.0,,,,,3.0
"[[-1, 0, 0], [0, 1, 1], [-1, 0, -1]]",,3.0,1.0,22.0,,,,8.0,
"[[-1, 0, 0], [0, 1, 0], [-1, 1, -1]]",,20.0,3.0,3.5,,3.0,,,
"[[-1, 0, 0], [0, 1, 0], [-1, -1, 1]]",,0.5,2.0,6.5,,0.0,,,
"[[-1, 0, 0], [0, 1, 1], [0, -1, -1]]",,3.0,4.0,40.0,,,5.5,,
"[[-1, 0, 0], [0, 1, 0], [1, -1, -1]]",,2.0,34.0,8.0,,11.5,,,
"[[-1, -1, 0], [-1, 0, 1], [1, 0, 0]]",,,2.0,,0.0,,,1.0,7.0
"[[-1, -1, 0], [0, -1, 1], [1, 0, 0]]",,,2.0,0.0,,,,0.0,0.0
"[[-1, -1, 0], [0, 0, 1], [1, -1, 0]]",,,2.0,1.0,1.0,,,,1.0
"[[-1, -1, 0], [0, 0, 1], [1, 0, -1]]",,,1.0,1.0,2.0,,,0.0,
"[[-1, -1, 0], [-1, 0, 1], [0, 1, 0]]",,,0.0,,0.0,,0.0,,2.0
"[[-1, -1, 0], [0, -1, 1], [0, 1, 0]]",,,2.0,0.0,,,2.0,,4.0
"[[-1, -1, 0], [0, 0, 1], [-1, 1, 0]]",,,0.0,2.0,2.0,,,,0.0
"[[-1, -1, 0], [0, 0, 1], [0, 1, -1]]",,,0.0,1.0,0.0,,0.0,,
"[[-1, -1, 0], [-1, 0, 1], [0, 0, 1]]",,,10.0,,0.0,,0.0,1.0,
"[[-1, -1, 0], [0, -1, 1], [0, 0, 1]]",,,24.0,1.0,,,0.0,3.0,
"[[-1, -1, 0], [0, 0, 1], [-1, 0, 1]]",,,22.0,4.0,2.0,,,0.0,
"[[-1, -1, 0], [0, 0, 1], [0, -1, 1]]",,,16.0,1.0,3.0,,1.0,,
"[[-1, 0, -1], [-1, 0, 1], [1, 0, 0]]",,1.0,,,0.5,,,1.0,1.5
"[[-1, 0, -1], [0, -1, 1], [1, 0, 0]]",,4.0,,0.0,,,,0.0,2.0
"[[-1, 0, -1], [0, 0, 1], [1, -1, 0]]",,2.5,,1.0,4.5,,,,1.0
"[[-1, 0, -1], [0, 0, 1], [1, 0, -1]]",,1.5,,0.0,5.0,,,0.0,
"[[-1, 0, -1], [-1, 0, 1], [0, 1, 0]]",,0.0,,,0.0,,0.0,,0.0
"[[-1, 0, -1], [0, -1, 1], [0, 1, 0]]",,0.0,,0.0,,,1.0,,1.0
"[[-1, 0, -1], [0, 0, 1], [-1, 1, 0]]",,0.0,,0.0,0.0,,,,0.0
"[[-1, 0, -1], [0, 0, 1], [0, 1, -1]]",,4.0,,1.0,1.0,,0.0,,
"[[-1, 0, -1], [-1, 0, 1], [0, 0, 1]]",,1.5,,,0.0,,0.5,0.0,
"[[-1, 0, -1], [0, -1, 1], [0, 0, 1]]",,1.0,,0.0,,,4.0,2.0,
"[[-1, 0, -1], [0, 0, 1], [-1, 0, 1]]",,0.0,,3.0,1.0,,,0.0,
"[[-1, 0, -1], [0, 0, 1], [0, -1, 1]]",,1.5,,2.0,1.0,,2.0,,
"[[-1, 0, 0], [-1, -1, 1], [1, 0, 0]]",,1.5,1.0,,,,,5.0,8.0
"[[-1, 0, 0], [-1, 0, 1], [1, -1, 0]]",,1.5,1.0,,7.0,,,,1.0
"[[-1, 0, 0], [-1, 0, 1], [1, 0, -1]]",,1.0,0.0,,4.5,,,0.0,
"[[-1, 0, 0], [-1, -1, 1], [0, 1, 0]]",,0.0,0.0,,,,0.0,,4.0
"[[-1, 0, 0], [-1, 0, 1], [0, 1, -1]]",,0.0,0.0,,1.0,,0.0,,
"[[-1, 0, 0], [-1, -1, 1], [0, 0, 1]]",,2.0,22.0,,,,6.5,2.0,
"[[-1, 0, 0], [-1, 0, 1], [0, -1, 1]]",,3.5,14.0,,3.0,,4.0,,
"[[-1, 0, 0], [0, -1, 1], [1, -1, 0]]",,0.0,2.0,0.0,,,,,6.0
"[[-1, 0, 0], [0, -1, 1], [-1, 1, 0]]",,0.0,1.0,0.0,,,,,5.0
"[[-1, 0, 0], [0, -1, 1], [-1, 0, 1]]",,1.0,28.0,2.0,,,,1.0,
"[[-1, 0, 0], [0, -1, 1], [0, -1, 1]]",,2.0,14.0,2.0,,,2.0,,
"[[-1, 0, 0], [0, 0, 1], [-1, 1, -1]]",,3.0,0.0,2.0,2.0,,,,
"[[-1, 0, 0], [0, 0, 1], [-1, -1, 1]]",,1.0,12.0,6.0,2.0,,,,
"[[-1, 0, 0], [0, 0, 1], [1, -1, -1]]",,0.5,1.0,1.0,4.5,,,,
"[[-1, -1, 0], [-1, 0, 0], [1, 1, 0]]",,,1.0,,5.0,1.0,,,14.0
"[[-1, -1, 0], [0, -1, 0], [1, 1, 0]]",,,4.0,1.0,,0.0,,,24.0
"[[-1, -1, 0], [0, 0, -1], [1, 1, 0]]",,,1.0,1.0,1.0,,,,8.0
"[[-1, -1, 0], [0, 0, 0], [1, 1, -1]]",,,2.0,0.0,1.0,0.0,,,
"[[-1, -1, 0], [-1, 0, 0], [1, 0, 1]]",,,7.0,,4.0,3.0,,6.0,
"[[-1, -1, 0], [0, -1, 0], [1, 0, 1]]",,,5.0,1.0,,3.0,,10.0,
"[[-1, -1, 0], [0, 0, -1], [1, 0, 1]]",,,6.0,0.0,0.0,,,22.0,
"[[-1, -1, 0], [0, 0, 0], [1, -1, 1]]",,,0.0,0.0,2.0,1.0,,,
"[[-1, 0, -1], [-1, 0, 0], [1, 1, 0]]",,1.0,,,4.0,0.0,,,32.0
"[[-1, 0, -1], [0, -1, 0], [1, 1, 0]]",,0.0,,2.0,,1.0,,,42.0
"[[-1, 0, -1], [0, 0, -1], [1, 1, 0]]",,5.0,,0.0,0.0,,,,12.0
"[[-1, 0, -1], [0, 0, 0], [1, 1, -1]]",,3.0,,0.0,0.0,0.0,,,
"[[-1, 0, -1], [-1, 0, 0], [1, 0, 1]]",,4.0,,,0.0,3.0,,20.0,
"[[-1, 0, -1], [0, -1, 0], [1, 0, 1]]",,3.0,,4.0,,5.0,,24.0,
"[[-1, 0, -1], [0, 0, -1], [1, 0, 1]]",,7.5,,2.5,2.0,,,36.0,
"[[-1, 0, -1], [0, 0, 0], [1, -1, 1]]",,8.0,,1.0,3.0,1.0,,,
"[[-1, 0, 0], [-1, -1, 0], [1, 1, 0]]",,2.0,1.0,,,2.0,,,28.0
"[[-1, 0, 0], [-1, 0, -1], [1, 1, 0]]",,5.0,2.0,,2.0,,,,22.0
"[[-1, 0, 0], [-1, 0, 0], [1, 1, -1]]",,2.0,0.0,,10.0,0.0,,,
"[[-1, 0, 0], [-1, -1, 0], [1, 0, 1]]",,1.5,4.0,,,5.0,,16.0,
"[[-1, 0, 0], [-1, 0, -1], [1, 0, 1]]",,1.0,4.0,,11.5,,,32.0,
"[[-1, 0, 0], [-1, 0, 0], [1, -1, 1]]",,1.0,2.0,,1.0,3.0,,,
"[[-1, 0, 0], [0, -1, -1], [1, 1, 0]]",,1.0,1.0,4.0,,,,,18.0
"[[-1, 0, 0], [0, -1, -1], [1, 0, 1]]",,4.5,1.0,5.5,,,,34.0,
"[[-1, 0, 0], [0, -1, 0], [1, -1, 1]]",,5.0,1.0,1.0,,6.0,,,
"[[-1, 0, 0], [0, 0, -1], [1, 1, -1]]",,2.0,2.0,0.0,1.0,,,,
"[[-1, 0, 0], [0, 0, -1], [1, -1, 1]]",,4.0,2.0,2.0,11.5,,,,
"[[-1, -1, 0], [-1, 0, 0], [0, 1, 1]]",,,4.0,,1.0,2.0,16.0,,
"[[-1, -1, 0], [0, -1, 0], [0, 1, 1]]",,,4.0,1.0,,3.0,18.0,,
"[[-1, -1, 0], [0, 0, -1], [0, 1, 1]]",,,1.5,1.0,0.0,,18.0,,
"[[-1, -1, 0], [0, 0, 0], [-1, 1, 1]]",,,2.0,0.5,0.0,4.0,,,
"[[-1, 0, -1], [-1, 0, 0], [0, 1, 1]]",,1.0,,,2.0,2.0,12.0,,
"[[-1, 0, -1], [0, -1, 0], [0, 1, 1]]",,1.0,,3.0,,0.0,38.0,,
"[[-1, 0, -1], [0, 0, -1], [0, 1, 1]]",,6.0,,3.0,1.0,,32.0,,
"[[-1, 0, -1], [0, 0, 0], [-1, 1, 1]]",,0.0,,0.0,3.0,0.0,,,
"[[-1, 0, 0], [-1, -1, 0], [0, 1, 1]]",,0.0,3.0,,,0.0,20.0,,
"[[-1, 0, 0], [-1, 0, -1], [0, 1, 1]]",,4.0,2.0,,3.0,,12.0,,
"[[-1, 0, 0], [0, -1, -1], [0, 1, 1]]",,1.0,4.0,7.0,,,30.0,,
"[[-1, 0, 0], [0, -1, 0], [-1, 1, 1]]",,0.0,4.5,2.0,,2.0,,,
"[[-1, 0, 0], [0, 0, -1], [-1, 1, 1]]",,4.0,0.5,2.0,0.0,,,,
"[[1, -1, -1], [1, -1, 0], [0, 0, 0]]",,,,,,1.0,30.0,3.0,2.0
"[[1, -1, -1], [1, 0, -1], [0, 0, 0]]",,,,,2.0,,24.0,0.0,3.0
"[[1, -1, -1], [1, 0, 0], [-1, 0, 0]]",,,,,2.0,0.0,,0.0,1.0
"[[1, -1, -1], [1, 0, 0], [0, -1, 0]]",,,,,10.0,3.0,4.0,,1.0
"[[1, -1, -1], [1, 0, 0], [0, 0, -1]]",,,,,2.0,2.0,22.0,1.0,
"[[1, -1, -1], [-1, 1, 0], [0, 0, 0]]",,,,,,6.0,4.0,6.0,32.0
"[[1, -1, -1], [0, 1, -1], [0, 0, 0]]",,,,2.0,,,7.0,3.0,28.0
"[[1, -1, -1], [0, 1, 0], [-1, 0, 0]]",,,,8.0,,9.5,,5.5,32.0
"[[1, -1, -1], [0, 1, 0], [0, -1, 0]]",,,,11.0,,8.0,7.5,,22.0
"[[1, -1, -1], [0, 1, 0], [0, 0, -1]]",,,,9.0,,9.5,5.0,2.5,
"[[1, -1, -1], [-1, 0, 1], [0, 0, 0]]",,,,,10.0,,3.0,4.0,1.0
"[[1, -1, -1], [0, -1, 1], [0, 0, 0]]",,,,2.0,,,7.5,1.0,0.0
"[[1, -1, -1], [0, 0, 1], [-1, 0, 0]]",,,,2.0,3.5,,,1.0,4.0
"[[1, -1, -1], [0, 0, 1], [0, -1, 0]]",,,,2.0,8.5,,1.5,,2.0
"[[1, -1, -1], [0, 0, 1], [0, 0, -1]]",,,,2.0,4.0,,5.5,2.0,
"[[1, -1, -1], [-1, 0, 0], [1, 0, 0]]",,,,,2.0,0.5,,0.0,1.0
"[[1, -1, -1], [0, -1, 0], [1, 0, 0]]",,,,70.0,,5.0,,14.0,11.0
"[[1, -1, -1], [0, 0, -1], [1, 0, 0]]",,,,10.0,4.0,,,1.0,0.0
"[[1, -1, -1], [0, 0, 0], [1, -1, 0]]",,,,16.0,7.0,0.5,,,3.0
"[[1, -1, -1], [0, 0, 0], [1, 0, -1]]",,,,22.0,2.5,1.0,,0.0,
"[[1, -1, -1], [-1, 0, 0], [0, 1, 0]]",,,,,6.5,1.5,5.0,,3.0
"[[1, -1, -1], [0, -1, 0], [0, 1, 0]]",,,,3.0,,1.5,8.0,,5.0
"[[1, -1, -1], [0, 0, -1], [0, 1, 0]]",,,,1.0,0.0,,0.0,,5.0
"[[1, -1, -1], [0, 0, 0], [-1, 1, 0]]",,,,0.0,5.5,0.5,,,2.0
"[[1, -1, -1], [0, 0, 0], [0, 1, -1]]",,,,3.0,0.0,5.5,0.5,,
"[[1, -1, -1], [-1, 0, 0], [0, 0, 1]]",,,,,18.0,1.0,1.0,4.0,
"[[1, -1, -1], [0, -1, 0], [0, 0, 1]]",,,,3.0,,0.0,4.0,5.0,
"[[1, -1, -1], [0, 0, -1], [0, 0, 1]]",,,,3.0,30.0,,3.0,5.0,
"[[1, -1, -1], [0, 0, 0], [-1, 0, 1]]",,,,3.0,18.0,1.0,,1.0,
"[[1, -1, -1], [0, 0, 0], [0, -1, 1]]",,,,5.0,18.0,3.0,3.0,,
"[[1, -1, 1], [-1, -1, 0], [0, 0, 0]]",,,,,,8.5,0.0,4.0,3.0
"[[1, -1, 1], [-1, 0, -1], [0, 0, 0]]",,,,,5.0,,1.0,1.5,1.0
"[[1, -1, 1], [-1, 0, 0], [-1, 0, 0]]",,,,,2.0,1.5,,3.5,2.0
"[[1, -1, 1], [-1, 0, 0], [0, -1, 0]]",,,,,4.0,2.0,0.0,,2.0
"[[1, -1, 1], [-1, 0, 0], [0, 0, -1]]",,,,,4.5,1.5,2.0,0.5,
"[[1, -1, 0], [-1, 1, -1], [0, 0, 0]]",,,2.5,,,,2.0,5.5,4.0
"[[1, -1, 0], [-1, 1, 0], [-1, 0, 0]]",,,3.0,,,0.5,,3.5,28.0
"[[1, -1, 0], [-1, 1, 0], [0, -1, 0]]",,,4.0,,,2.0,6.5,,36.0
"[[1, -1, 0], [-1, 1, 0], [0, 0, -1]]",,,2.0,,,3.0,3.5,1.5,
"[[1, -1, 0], [-1, -1, 1], [0, 0, 0]]",,,1.0,,,,1.0,5.0,1.0
"[[1, -1, 0], [-1, 0, 1], [-1, 0, 0]]",,,2.0,,1.0,,,1.0,4.0
"[[1, -1, 0], [-1, 0, 1], [0, -1, 0]]",,,1.0,,0.5,,0.5,,4.0
"[[1, -1, 0], [-1, 0, 1], [0, 0, -1]]",,,0.0,,1.0,,2.5,1.0,
"[[1, -1, 0], [-1, -1, 0], [1, 0, 0]]",,,0.0,,,1.5,,8.5,4.0
"[[1, -1, 0], [-1, 0, -1], [1, 0, 0]]",,,0.0,,6.0,,,2.0,4.0
"[[1, -1, 0], [-1, 0, 0], [1, -1, 0]]",,,0.0,,3.0,1.5,,,2.0
"[[1, -1, 0], [-1, 0, 0], [1, 0, -1]]",,,0.0,,2.0,3.5,,2.0,
"[[1, -1, 0], [-1, -1, 0], [0, 1, 0]]",,,4.0,,,3.5,9.5,,4.0
"[[1, -1, 0], [-1, 0, -1], [0, 1, 0]]",,,0.0,,1.5,,0.0,,3.0
"[[1, -1, 0], [-1, 0, 0], [-1, 1, 0]]",,,2.0,,4.0,2.0,,,5.0
"[[1, -1, 0], [-1, 0, 0], [0, 1, -1]]",,,1.5,,2.0,4.5,1.0,,
"[[1, -1, 0], [-1, -1, 0], [0, 0, 1]]",,,5.0,,,2.0,2.0,1.0,
"[[1, -1, 0], [-1, 0, -1], [0, 0, 1]]",,,2.0,,20.0,,0.0,6.0,
"[[1, -1, 0], [-1, 0, 0], [-1, 0, 1]]",,,7.0,,14.0,4.0,,2.0,
"[[1, -1, 0], [-1, 0, 0], [0, -1, 1]]",,,6.0,,22.0,1.0,4.0,,
"[[1, -1, 1], [0, -1, -1], [0, 0, 0]]",,,,6.5,,,1.0,2.0,0.0
"[[1, -1, 1], [0, -1, 0], [-1, 0, 0]]",,,,5.5,,9.0,,9.5,4.0
"[[1, -1, 1], [0, -1, 0], [0, 0, -1]]",,,,3.5,,2.5,4.0,11.5,
"[[1, -1, 0], [1, -1, -1], [0, 0, 0]]",,,9.0,,,,12.0,13.5,4.0
"[[1, -1, 0], [1, -1, 0], [-1, 0, 0]]",,,5.5,,,0.0,,6.0,0.0
"[[1, -1, 0], [1, -1, 0], [0, 0, -1]]",,,3.5,,,1.0,52.0,4.5,
"[[1, -1, 0], [0, -1, 1], [-1, 0, 0]]",,,5.0,0.0,,,,1.0,0.0
"[[1, -1, 0], [0, -1, 1], [0, 0, -1]]",,,5.0,4.0,,,6.0,14.5,
"[[1, -1, 0], [0, -1, -1], [1, 0, 0]]",,,3.0,42.0,,,,6.0,3.0
"[[1, -1, 0], [0, -1, 0], [1, 0, -1]]",,,2.0,46.0,,3.0,,9.0,
"[[1, -1, 0], [0, -1, -1], [0, 1, 0]]",,,4.0,3.0,,,3.0,,1.0
"[[1, -1, 0], [0, -1, 0], [-1, 1, 0]]",,,7.0,1.0,,3.0,,,0.0
"[[1, -1, 0], [0, -1, 0], [0, 1, -1]]",,,13.0,8.0,,4.0,4.0,,
"[[1, -1, 0], [0, -1, -1], [0, 0, 1]]",,,0.0,2.0,,,2.0,7.0,
"[[1, -1, 0], [0, -1, 0], [-1, 0, 1]]",,,0.0,0.0,,2.0,,0.0,
"[[1, -1, 1], [0, 0, -1], [-1, 0, 0]]",,,,1.0,1.5,,,1.5,4.0
"[[1, -1, 1], [0, 0, -1], [0, -1, 0]]",,,,0.0,4.0,,3.0,,1.0
"[[1, -1, 1], [0, 0, -1], [0, 0, -1]]",,,,9.0,3.5,,1.0,2.5,
"[[1, -1, 0], [1, 0, -1], [-1, 0, 0]]",,,0.0,,0.0,,,2.5,1.0
"[[1, -1, 0], [1, 0, -1], [0, -1, 0]]",,,0.0,,3.0,,16.0,,3.0
"[[1, -1, 0], [1, 0, -1], [0, 0, -1]]",,,1.0,,0.0,,16.0,2.0,
"[[1, -1, 0], [0, 1, -1], [-1, 0, 0]]",,,2.0,4.0,,,,2.0,20.0
"[[1, -1, 0], [0, 1, -1], [0, -1, 0]]",,,6.0,3.0,,,7.0,,22.0
"[[1, -1, 0], [0, 1, -1], [0, 0, -1]]",,,5.5,1.0,,,2.0,2.0,
"[[1, -1, 0], [0, 0, -1], [1, -1, 0]]",,,0.0,18.0,0.0,,,,1.0
"[[1, -1, 0], [0, 0, -1], [1, 0, -1]]",,,4.0,10.0,3.0,,,0.0,
"[[1, -1, 0], [0, 0, -1], [-1, 1, 0]]",,,2.0,0.5,0.5,,,,4.0
"[[1, -1, 0], [0, 0, -1], [0, 1, -1]]",,,2.5,0.0,0.5,,0.0,,
"[[1, -1, 0], [0, 0, -1], [-1, 0, 1]]",,,1.0,2.0,26.0,,,2.0,
"[[1, -1, 0], [0, 0, -1], [0, -1, 1]]",,,2.0,1.0,22.0,,1.0,,
"[[1, -1, 1], [0, 0, 0], [-1, -1, 0]]",,,,0.0,6.0,0.0,,,3.0
"[[1, -1, 1], [0, 0, 0], [-1, 0, -1]]",,,,4.0,1.5,1.5,,7.0,
"[[1, -1, 0], [1, 0, 0], [-1, -1, 0]]",,,0.0,,1.0,0.0,,,3.0
"[[1, -1, 0], [1, 0, 0], [-1, 0, -1]]",,,0.5,,1.0,2.0,,1.5,
"[[1, -1, 0], [0, 1, 0], [-1, -1, 0]]",,,4.0,1.0,,3.0,,,30.0
"[[1, -1, 0], [0, 1, 0], [-1, 0, -1]]",,,0.5,3.0,,9.0,,3.0,
"[[1, -1, 0], [0, 0, 1], [-1, -1, 0]]",,,2.0,0.0,3.0,,,,4.0
"[[1, -1, 0], [0, 0, 1], [-1, 0, -1]]",,,1.5,0.0,2.0,,,3.5,
"[[1, -1, 0], [0, 0, 0], [-1, 1, -1]]",,,5.5,1.0,2.5,1.5,,,
"[[1, -1, 0], [0, 0, 0], [-1, -1, 1]]",,,2.0,1.0,14.0,6.0,,,
"[[1, -1, 1], [0, 0, 0], [0, -1, -1]]",,,,0.0,2.0,0.0,1.0,,
"[[1, -1, 0], [1, 0, 0], [0, -1, -1]]",,,0.0,,4.0,1.0,14.0,,
"[[1, -1, 0], [0, 1, 0], [0, -1, -1]]",,,3.0,2.0,,4.0,11.0,,
"[[1, -1, 0], [0, 0, 1], [0, -1, -1]]",,,0.0,0.0,1.0,,3.5,,
"[[1, -1, 0], [0, 0, 0], [1, -1, -1]]",,,2.0,2.0,7.0,1.5,,,
"[[0, -1, 1], [-1, 1, -1], [0, 0, 0]]",4.0,,,,,,14.0,4.5,2.0
"[[0, -1, 1], [-1, 1, 0], [-1, 0, 0]]",4.0,,,,,1.0,,1.5,3.0
"[[0, -1, 1], [-1, 1, 0], [0, -1, 0]]",5.0,,,,,4.0,8.0,,12.0
"[[0, -1, 1], [-1, 1, 0], [0, 0, -1]]",5.5,,,,,3.0,34.0,5.0,
"[[0, -1, 1], [-1, -1, 1], [0, 0, 0]]",2.0,,,,,,1.0,8.5,32.0
"[[0, -1, 1], [-1, 0, 1], [-1, 0, 0]]",3.0,,,,2.0,,,1.0,10.0
"[[0, -1, 1], [-1, 0, 1], [0, -1, 0]]",2.0,,,,2.0,,6.0,,2.0
"[[0, -1, 1], [-1, 0, 1], [0, 0, -1]]",1.0,,,,1.0,,0.0,3.0,
"[[0, -1, 1], [-1, -1, 0], [1, 0, 0]]",0.0,,,,,1.0,,0.0,3.0
"[[0, -1, 1], [-1, 0, -1], [1, 0, 0]]",2.0,,,,6.0,,,1.0,2.0
"[[0, -1, 1], [-1, 0, 0], [1, -1, 0]]",0.0,,,,22.0,2.0,,,2.0
"[[0, -1, 1], [-1, 0, 0], [1, 0, -1]]",1.0,,,,2.0,1.0,,2.0,
"[[0, -1, 1], [-1, -1, 0], [0, 1, 0]]",0.5,,,,,5.0,2.0,,2.0
"[[0, -1, 1], [-1, 0, -1], [0, 1, 0]]",0.5,,,,3.5,,2.0,,1.0
"[[0, -1, 1], [-1, 0, 0], [-1, 1, 0]]",4.5,,,,0.5,0.0,,,0.0
"[[0, -1, 1], [-1, 0, 0], [0, 1, -1]]",1.5,,,,0.5,0.5,3.0,,
"[[0, -1, 1], [-1, -1, 0], [0, 0, 1]]",0.0,,,,,18.0,1.0,2.0,
"[[0, -1, 1], [-1, 0, -1], [0, 0, 1]]",0.0,,,,5.0,,3.0,1.0,
"[[0, -1, 1], [-1, 0, 0], [-1, 0, 1]]",2.0,,,,4.0,10.0,,0.0,
"[[0, -1, 1], [-1, 0, 0], [0, -1, 1]]",3.0,,,,3.0,14.0,1.0,,
"[[0, -1, 1], [1, -1, -1], [0, 0, 0]]",2.0,,,,,,1.0,6.0,1.0
"[[0, -1, 1], [1, -1, 0], [-1, 0, 0]]",2.5,,,,,4.0,,9.5,2.5
"[[0, -1, 1], [1, -1, 0], [0, 0, -1]]",6.5,,,,,0.0,2.0,2.5,
"[[0, -1, 1], [0, -1, 1], [-1, 0, 0]]",8.0,,,1.0,,,,5.0,32.0
"[[0, -1, 1], [0, -1, 1], [0, 0, -1]]",3.0,,,0.0,,,0.0,10.0,
"[[0, -1, 1], [0, -1, -1], [1, 0, 0]]",0.0,,,2.0,,,,3.0,1.0
"[[0, -1, 1], [0, -1, 0], [1, 0, -1]]",1.0,,,3.0,,0.0,,0.0,
"[[0, -1, 1], [0, -1, -1], [0, 1, 0]]",2.5,,,2.5,,,0.0,,6.0
"[[0, -1, 1], [0, -1, 0], [-1, 1, 0]]",3.5,,,4.0,,5.0,,,7.0
"[[0, -1, 1], [0, -1, 0], [0, 1, -1]]",2.5,,,0.0,,4.5,0.0,,
"[[0, -1, 1], [0, -1, -1], [0, 0, 1]]",0.0,,,1.0,,,0.0,3.5,
"[[0, -1, 1], [0, -1, 0], [-1, 0, 1]]",0.0,,,1.0,,24.0,,4.0,
"[[0, -1, 1], [1, 0, -1], [-1, 0, 0]]",0.0,,,,0.5,,,3.0,1.5
"[[0, -1, 1], [1, 0, -1], [0, -1, 0]]",0.0,,,,0.5,,4.0,,1.5
"[[0, -1, 1], [1, 0, -1], [0, 0, -1]]",3.0,,,,1.5,,3.0,1.5,
"[[0, -1, 1], [0, 1, -1], [-1, 0, 0]]",10.0,,,2.0,,,,4.5,4.0
"[[0, -1, 1], [0, 1, -1], [0, -1, 0]]",8.0,,,5.0,,,26.0,,10.0
"[[0, -1, 1], [0, 1, -1], [0, 0, -1]]",8.0,,,6.0,,,38.0,4.5,
"[[0, -1, 1], [0, 0, -1], [1, -1, 0]]",3.0,,,6.0,6.0,,,,2.0
"[[0, -1, 1], [0, 0, -1], [1, 0, -1]]",0.0,,,3.0,14.0,,,0.0,
"[[0, -1, 1], [0, 0, -1], [-1, 1, 0]]",4.0,,,7.5,1.0,,,,0.5
"[[0, -1, 1], [0, 0, -1], [0, 1, -1]]",1.5,,,3.5,6.5,,0.0,,
"[[0, -1, 1], [0, 0, -1], [-1, 0, 1]]",4.0,,,4.0,2.0,,,1.0,
"[[0, -1, 1], [0, 0, -1], [0, -1, 1]]",2.0,,,1.0,10.0,,3.0,,
"[[0, -1, 1], [1, 0, 0], [-1, -1, 0]]",0.0,,,,6.5,1.0,,,2.5
"[[0, -1, 1], [1, 0, 0], [-1, 0, -1]]",1.5,,,,0.5,0.0,,0.5,
"[[0, -1, 1], [0, 1, 0], [-1, -1, 0]]",1.0,,,1.0,,5.0,,,7.5
"[[0, -1, 1], [0, 1, 0], [-1, 0, -1]]",1.0,,,4.0,,2.0,,2.0,
"[[0, -1, 1], [0, 0, 1], [-1, -1, 0]]",2.0,,,0.0,2.0,,,,16.0
"[[0, -1, 1], [0, 0, 1], [-1, 0, -1]]",1.0,,,3.0,0.0,,,1.0,
"[[0, -1, 1], [0, 0, 0], [-1, 1, -1]]",4.0,,,2.5,2.0,1.5,,,
"[[0, -1, 1], [0, 0, 0], [-1, -1, 1]]",1.0,,,0.0,10.0,14.0,,,
"[[0, -1, 1], [1, 0, 0], [0, -1, -1]]",1.0,,,,2.0,1.0,7.0,,
"[[0, -1, 1], [0, 1, 0], [0, -1, -1]]",1.0,,,2.0,,6.0,36.0,,
"[[0, -1, 1], [0, 0, 1], [0, -1, -1]]",0.0,,,2.0,2.0,,3.0,,
"[[0, -1, 1], [0, 0, 0], [1, -1, -1]]",2.0,,,4.0,6.0,2.0,,,
"[[0, -1, -1], [1, 1, -1], [0, 0, 0]]",3.0,,,,,,0.0,0.0,5.0
"[[0, -1, -1], [1, 1, 0], [-1, 0, 0]]",9.0,,,,,50.0,,1.0,1.0
"[[0, -1, -1], [1, 1, 0], [0, -1, 0]]",8.0,,,,,20.0,5.0,,5.0
"[[0, -1, -1], [1, 1, 0], [0, 0, -1]]",6.0,,,,,16.0,1.0,1.0,
"[[0, -1, -1], [1, -1, 1], [0, 0, 0]]",0.0,,,,,,0.0,0.0,0.0
"[[0, -1, -1], [1, 0, 1], [-1, 0, 0]]",3.0,,,,18.0,,,0.0,3.0
"[[0, -1, -1], [1, 0, 1], [0, -1, 0]]",2.0,,,,16.0,,1.0,,0.0
"[[0, -1, -1], [1, 0, 1], [0, 0, -1]]",1.0,,,,14.0,,2.0,1.0,
"[[0, -1, -1], [1, -1, 0], [1, 0, 0]]",26.0,,,,,1.0,,4.0,2.0
"[[0, -1, -1], [1, 0, -1], [1, 0, 0]]",2.0,,,,0.0,,,2.0,4.0
"[[0, -1, -1], [1, 0, 0], [1, -1, 0]]",10.0,,,,3.0,1.0,,,1.0
"[[0, -1, -1], [1, 0, 0], [1, 0, -1]]",10.0,,,,0.0,10.0,,2.0,
"[[0, -1, -1], [1, -1, 0], [0, 1, 0]]",1.0,,,,,0.0,4.0,,0.0
"[[0, -1, -1], [1, 0, -1], [0, 1, 0]]",1.0,,,,0.0,,3.0,,0.0
"[[0, -1, -1], [1, 0, 0], [-1, 1, 0]]",0.0,,,,1.0,1.0,,,0.0
"[[0, -1, -1], [1, 0, 0], [0, 1, -1]]",1.0,,,,0.0,0.0,1.0,,
"[[0, -1, -1], [1, -1, 0], [0, 0, 1]]",0.0,,,,,0.0,3.0,0.0,
"[[0, -1, -1], [1, 0, -1], [0, 0, 1]]",2.0,,,,1.0,,5.0,1.0,
"[[0, -1, -1], [1, 0, 0], [-1, 0, 1]]",0.0,,,,2.0,3.0,,0.0,
"[[0, -1, -1], [1, 0, 0], [0, -1, 1]]",2.0,,,,4.0,1.0,1.0,,
"[[0, -1, 0], [1, -1, 1], [-1, 0, 0]]",0.0,,1.0,,,,,0.0,4.0
"[[0, -1, 0], [1, -1, 1], [0, 0, -1]]",6.0,,0.0,,,,1.0,0.0,
"[[0, -1, 0], [1, -1, -1], [1, 0, 0]]",24.0,,0.0,,,,,5.0,3.0
"[[0, -1, 0], [1, -1, 0], [1, 0, -1]]",20.0,,2.0,,,1.0,,4.0,
"[[0, -1, 0], [1, -1, -1], [0, 1, 0]]",6.5,,0.5,,,,2.0,,3.5
"[[0, -1, 0], [1, -1, 0], [-1, 1, 0]]",0.5,,7.5,,,0.0,,,2.0
"[[0, -1, 0], [1, -1, 0], [0, 1, -1]]",8.5,,1.0,,,0.0,5.0,,
"[[0, -1, 0], [1, -1, -1], [0, 0, 1]]",2.0,,1.0,,,,2.0,7.0,
"[[0, -1, 0], [1, -1, 0], [-1, 0, 1]]",0.0,,7.5,,,1.0,,2.5,
"[[0, -1, 0], [1, 1, -1], [-1, 0, 0]]",3.0,,2.5,,,,,0.5,9.5
"[[0, -1, 0], [1, 1, -1], [0, -1, 0]]",2.0,,1.5,,,,3.0,,5.0
"[[0, -1, 0], [1, 1, -1], [0, 0, -1]]",2.0,,1.5,,,,4.0,3.0,
"[[0, -1, 0], [1, 0, -1], [1, -1, 0]]",16.0,,4.0,,4.0,,,,1.0
"[[0, -1, 0], [1, 0, -1], [1, 0, -1]]",20.0,,2.0,,1.0,,,0.0,
"[[0, -1, 0], [1, 0, -1], [-1, 1, 0]]",0.5,,4.0,,0.0,,,,0.5
"[[0, -1, 0], [1, 0, -1], [0, 1, -1]]",1.0,,1.5,,1.5,,1.0,,
"[[0, -1, 0], [1, 0, -1], [-1, 0, 1]]",2.0,,1.0,,3.0,,,0.5,
"[[0, -1, 0], [1, 0, -1], [0, -1, 1]]",0.0,,3.0,,2.0,,0.0,,
"[[0, -1, 0], [1, 1, 0], [-1, -1, 0]]",2.0,,1.0,,,22.0,,,6.0
"[[0, -1, 0], [1, 1, 0], [-1, 0, -1]]",2.0,,2.0,,,10.0,,4.0,
"[[0, -1, 0], [1, 0, 1], [-1, -1, 0]]",0.0,,0.0,,16.0,,,,3.0
"[[0, -1, 0], [1, 0, 1], [-1, 0, -1]]",2.0,,1.0,,22.0,,,4.0,
"[[0, -1, 0], [1, 0, 0], [-1, 1, -1]]",1.0,,5.0,,3.0,2.0,,,
"[[0, -1, 0], [1, 0, 0], [-1, -1, 1]]",3.0,,1.0,,9.0,0.0,,,
"[[0, -1, 0], [1, 1, 0], [0, -1, -1]]",1.0,,2.0,,,30.0,4.0,,
"[[0, -1, 0], [1, 0, 1], [0, -1, -1]]",0.0,,3.0,,24.0,,2.0,,
"[[0, -1, 0], [1, 0, 0], [1, -1, -1]]",14.0,,3.0,,5.0,4.0,,,
"[[0, -1, -1], [-1, 1, 1], [0, 0, 0]]",7.0,,,,,,0.5,1.0,7.0
"[[0, -1, -1], [0, 1, 1], [-1, 0, 0]]",5.0,,,20.0,,,,2.5,2.0
"[[0, -1, -1], [0, 1, 1], [0, -1, 0]]",13.0,,,10.0,,,0.0,,5.0
"[[0, -1, -1], [0, 1, 1], [0, 0, -1]]",6.0,,,34.0,,,2.0,1.5,
"[[0, -1, -1], [-1, 1, 0], [1, 0, 0]]",2.5,,,,,1.5,,1.0,5.0
"[[0, -1, -1], [0, 1, -1], [1, 0, 0]]",3.0,,,4.0,,,,0.0,7.0
"[[0, -1, -1], [0, 1, 0], [1, -1, 0]]",13.5,,,1.0,,1.5,,,5.0
"[[0, -1, -1], [0, 1, 0], [1, 0, -1]]",0.0,,,4.0,,2.5,,0.0,
"[[0, -1, -1], [-1, 1, 0], [0, 1, 0]]",6.5,,,,,4.5,2.0,,1.0
"[[0, -1, -1], [0, 1, -1], [0, 1, 0]]",2.0,,,0.0,,,3.0,,3.0
"[[0, -1, -1], [0, 1, 0], [-1, 1, 0]]",8.5,,,1.0,,1.5,,,1.0
"[[0, -1, -1], [0, 1, 0], [0, 1, -1]]",0.0,,,1.0,,2.0,0.0,,
"[[0, -1, -1], [-1, 1, 0], [0, 0, 1]]",14.0,,,,,2.0,2.0,3.0,
"[[0, -1, -1], [0, 1, -1], [0, 0, 1]]",22.0,,,4.0,,,8.0,1.0,
"[[0, -1, -1], [0, 1, 0], [-1, 0, 1]]",12.0,,,4.0,,2.0,,1.0,
"[[0, -1, -1], [0, 1, 0], [0, -1, 1]]",20.0,,,1.0,,3.0,0.0,,
"[[0, -1, 0], [-1, 1, 1], [-1, 0, 0]]",6.0,,2.0,,,,,1.5,7.0
"[[0, -1, 0], [-1, 1, 1], [0, -1, 0]]",1.0,,10.0,,,,3.0,,2.0
"[[0, -1, 0], [-1, 1, 1], [0, 0, -1]]",5.5,,1.0,,,,2.5,1.0,
"[[0, -1, 0], [-1, 1, -1], [1, 0, 0]]",5.0,,28.0,,,,,3.0,3.0
"[[0, -1, 0], [-1, 1, 0], [1, -1, 0]]",6.0,,36.0,,,3.0,,,3.0
"[[0, -1, 0], [-1, 1, 0], [1, 0, -1]]",0.5,,18.0,,,2.0,,2.0,
"[[0, -1, 0], [-1, 1, -1], [0, 1, 0]]",7.0,,3.5,,,,3.0,,4.0
"[[0, -1, 0], [-1, 1, 0], [-1, 1, 0]]",7.0,,0.5,,,2.0,,,2.0
"[[0, -1, 0], [-1, 1, 0], [0, 1, -1]]",3.0,,2.5,,,2.5,6.0,,
"[[0, -1, 0], [-1, 1, -1], [0, 0, 1]]",20.0,,7.0,,,,8.0,5.0,
"[[0, -1, 0], [-1, 1, 0], [-1, 0, 1]]",24.0,,3.0,,,7.0,,3.0,
"[[0, -1, 0], [-1, 1, 0], [0, -1, 1]]",10.0,,11.0,,,4.0,4.0,,
"[[0, -1, 0], [0, 1, -1], [1, -1, 0]]",8.0,,14.0,5.0,,,,,2.0
"[[0, -1, 0], [0, 1, -1], [1, 0, -1]]",2.0,,18.0,2.0,,,,2.0,
"[[0, -1, 0], [0, 1, -1], [-1, 1, 0]]",2.5,,3.0,0.5,,,,,5.0
"[[0, -1, 0], [0, 1, -1], [0, 1, -1]]",1.0,,6.5,0.5,,,3.0,,
"[[0, -1, 0], [0, 1, -1], [-1, 0, 1]]",14.0,,2.0,3.5,,,,5.0,
"[[0, -1, 0], [0, 1, -1], [0, -1, 1]]",14.0,,3.5,2.0,,,3.0,,
"[[0, -1, 0], [0, 1, 1], [-1, -1, 0]]",3.0,,4.0,16.0,,,,,1.0
"[[0, -1, 0], [0, 1, 1], [-1, 0, -1]]",3.0,,2.0,18.0,,,,2.5,
"[[0, -1, 0], [0, 1, 0], [-1, 1, -1]]",9.5,,2.5,4.0,,7.0,,,
"[[0, -1, 0], [0, 1, 0], [-1, -1, 1]]",6.0,,5.0,4.0,,8.0,,,
"[[0, -1, 0], [0, 1, 1], [0, -1, -1]]",0.0,,7.0,14.0,,,6.5,,
"[[0, -1, 0], [0, 1, 0], [1, -1, -1]]",8.0,,22.0,2.0,,3.5,,,
"[[0, -1, -1], [-1, 0, 1], [1, 0, 0]]",1.5,,,,0.5,,,3.0,0.0
"[[0, -1, -1], [0, -1, 1], [1, 0, 0]]",4.5,,,0.0,,,,6.0,0.0
"[[0, -1, -1], [0, 0, 1], [1, -1, 0]]",1.0,,,2.0,6.5,,,,0.0
"[[0, -1, -1], [0, 0, 1], [1, 0, -1]]",1.0,,,2.0,4.0,,,0.0,
"[[0, -1, -1], [-1, 0, 1], [0, 1, 0]]",4.5,,,,2.0,,1.0,,1.0
"[[0, -1, -1], [0, -1, 1], [0, 1, 0]]",1.5,,,0.0,,,0.0,,0.0
"[[0, -1, -1], [0, 0, 1], [-1, 1, 0]]",1.0,,,1.0,3.5,,,,0.0
"[[0, -1, -1], [0, 0, 1], [0, 1, -1]]",3.0,,,2.0,0.5,,1.5,,
"[[0, -1, -1], [-1, 0, 1], [0, 0, 1]]",5.0,,,,3.0,,1.0,0.0,
"[[0, -1, -1], [0, -1, 1], [0, 0, 1]]",0.0,,,0.0,,,2.0,5.0,
"[[0, -1, -1], [0, 0, 1], [-1, 0, 1]]",7.0,,,2.0,1.0,,,0.0,
"[[0, -1, -1], [0, 0, 1], [0, -1, 1]]",0.0,,,1.0,5.0,,0.0,,
"[[0, -1, 0], [-1, -1, 1], [1, 0, 0]]",3.0,,1.0,,,,,8.0,5.0
"[[0, -1, 0], [-1, 0, 1], [1, -1, 0]]",0.0,,3.0,,4.0,,,,1.0
"[[0, -1, 0], [-1, 0, 1], [1, 0, -1]]",0.0,,4.0,,2.0,,,1.0,
"[[0, -1, 0], [-1, -1, 1], [0, 1, 0]]",3.0,,2.0,,,,1.5,,9.0
"[[0, -1, 0], [-1, 0, 1], [-1, 1, 0]]",2.5,,1.0,,0.5,,,,0.0
"[[0, -1, 0], [-1, 0, 1], [0, 1, -1]]",7.0,,2.0,,1.0,,2.0,,
"[[0, -1, 0], [-1, -1, 1], [0, 0, 1]]",1.0,,14.0,,,,3.0,4.0,
"[[0, -1, 0], [-1, 0, 1], [-1, 0, 1]]",2.0,,20.0,,0.0,,,1.0,
"[[0, -1, 0], [-1, 0, 1], [0, -1, 1]]",1.0,,6.0,,8.0,,0.0,,
"[[0, -1, 0], [0, -1, 1], [1, 0, -1]]",4.0,,0.0,2.0,,,,1.0,
"[[0, -1, 0], [0, -1, 1], [-1, 1, 0]]",1.5,,2.5,0.0,,,,,1.0
"[[0, -1, 0], [0, -1, 1], [0, 1, -1]]",6.5,,2.0,0.0,,,3.0,,
"[[0, -1, 0], [0, -1, 1], [-1, 0, 1]]",0.0,,28.0,1.0,,,,4.0,
"[[0, -1, 0], [0, 0, 1], [-1, 1, -1]]",2.0,,0.5,0.0,4.0,,,,
"[[0, -1, 0], [0, 0, 1], [-1, -1, 1]]",3.0,,10.0,1.0,8.0,,,,
"[[0, -1, 0], [0, 0, 1], [1, -1, -1]]",1.5,,1.0,0.0,6.0,,,,
"[[0, -1, -1], [-1, 0, 0], [1, 1, 0]]",1.0,,,,0.0,3.0,,,14.0
"[[0, -1, -1], [0, -1, 0], [1, 1, 0]]",3.0,,,6.0,,4.5,,,38.0
"[[0, -1, -1], [0, 0, -1], [1, 1, 0]]",1.0,,,0.0,1.0,,,,16.0
"[[0, -1, -1], [0, 0, 0], [1, 1, -1]]",2.5,,,0.0,0.0,0.0,,,
"[[0, -1, -1], [-1, 0, 0], [1, 0, 1]]",3.0,,,,2.0,2.0,,22.0,
"[[0, -1, -1], [0, -1, 0], [1, 0, 1]]",3.0,,,1.0,,1.0,,14.0,
"[[0, -1, -1], [0, 0, -1], [1, 0, 1]]",6.0,,,1.0,0.0,,,6.0,
"[[0, -1, -1], [0, 0, 0], [1, -1, 1]]",1.0,,,1.0,7.0,0.0,,,
"[[0, -1, 0], [-1, -1, 0], [1, 1, 0]]",0.0,,0.0,,,1.5,,,36.0
"[[0, -1, 0], [-1, 0, -1], [1, 1, 0]]",1.0,,2.0,,3.0,,,,16.0
"[[0, -1, 0], [-1, 0, 0], [1, 1, -1]]",1.0,,1.0,,7.0,1.0,,,
"[[0, -1, 0], [-1, -1, 0], [1, 0, 1]]",3.0,,4.0,,,1.0,,30.0,
"[[0, -1, 0], [-1, 0, -1], [1, 0, 1]]",3.0,,2.0,,6.0,,,22.0,
"[[0, -1, 0], [-1, 0, 0], [1, -1, 1]]",0.0,,8.0,,2.0,1.0,,,
"[[0, -1, 0], [0, -1, -1], [1, 1, 0]]",2.0,,1.0,6.0,,,,,22.0
"[[0, -1, 0], [0, -1, 0], [1, 1, -1]]",10.5,,0.0,4.0,,1.0,,,
"[[0, -1, 0], [0, -1, -1], [1, 0, 1]]",2.0,,1.0,5.0,,,,10.0,
"[[0, -1, 0], [0, 0, -1], [1, 1, -1]]",1.0,,2.0,1.0,2.0,,,,
"[[0, -1, 0], [0, 0, -1], [1, -1, 1]]",0.0,,2.0,1.0,7.0,,,,
"[[0, -1, -1], [-1, 0, 0], [0, 1, 1]]",3.0,,,,3.0,0.0,10.0,,
"[[0, -1, -1], [0, -1, 0], [0, 1, 1]]",2.0,,,3.0,,0.0,26.0,,
"[[0, -1, -1], [0, 0, -1], [0, 1, 1]]",3.0,,,1.0,2.0,,12.0,,
"[[0, -1, -1], [0, 0, 0], [-1, 1, 1]]",3.0,,,0.0,1.0,0.0,,,
"[[0, -1, 0], [-1, -1, 0], [0, 1, 1]]",1.0,,5.0,,,6.0,38.0,,
"[[0, -1, 0], [-1, 0, -1], [0, 1, 1]]",0.0,,2.0,,4.0,,20.0,,
"[[0, -1, 0], [-1, 0, 0], [-1, 1, 1]]",1.0,,2.0,,5.0,1.0,,,
"[[0, -1, 0], [0, -1, -1], [0, 1, 1]]",0.0,,2.5,2.5,,,26.0,,
"[[0, -1, 0], [0, -1, 0], [-1, 1, 1]]",0.0,,6.5,0.0,,6.0,,,
"[[0, -1, 0], [0, 0, -1], [-1, 1, 1]]",3.0,,1.0,1.0,5.0,,,,
"[[1, 1, -1], [-1, -1, 0], [0, 0, 0]]",,,,,,3.0,12.0,0.0,0.0
"[[1, 1, -1], [-1, 0, -1], [0, 0, 0]]",,,,,2.0,,0.0,0.0,2.0
"[[1, 1, -1], [-1, 0, 0], [-1, 0, 0]]",,,,,2.0,0.0,,0.0,3.0
"[[1, 1, -1], [-1, 0, 0], [0, -1, 0]]",,,,,3.0,2.0,0.5,,0.0
"[[1, 1, -1], [-1, 0, 0], [0, 0, -1]]",,,,,0.0,0.0,1.0,0.0,
"[[1, 0, -1], [-1, 1, -1], [0, 0, 0]]",,2.0,,,,,0.0,8.0,4.0
"[[1, 0, -1], [-1, 1, 0], [-1, 0, 0]]",,1.0,,,,4.5,,10.5,2.0
"[[1, 0, -1], [-1, 1, 0], [0, -1, 0]]",,1.0,,,,2.5,6.0,,18.0
"[[1, 0, -1], [-1, 1, 0], [0, 0, -1]]",,1.0,,,,4.5,3.0,7.0,
"[[1, 0, -1], [-1, -1, 1], [0, 0, 0]]",,6.5,,,,,2.0,0.5,0.0
"[[1, 0, -1], [-1, 0, 1], [-1, 0, 0]]",,0.0,,,1.5,,,1.5,2.0
"[[1, 0, -1], [-1, 0, 1], [0, -1, 0]]",,1.0,,,5.0,,4.0,,1.0
"[[1, 0, -1], [-1, 0, 1], [0, 0, -1]]",,4.5,,,2.0,,3.5,2.0,
"[[1, 0, -1], [-1, -1, 0], [1, 0, 0]]",,4.0,,,,10.5,,7.0,2.0
"[[1, 0, -1], [-1, 0, -1], [1, 0, 0]]",,0.0,,,0.0,,,1.0,4.0
"[[1, 0, -1], [-1, 0, 0], [1, -1, 0]]",,2.0,,,2.5,2.0,,,4.0
"[[1, 0, -1], [-1, 0, 0], [1, 0, -1]]",,0.5,,,1.5,7.5,,2.5,
"[[1, 0, -1], [-1, -1, 0], [0, 1, 0]]",,0.0,,,,2.0,3.5,,5.0
"[[1, 0, -1], [-1, 0, -1], [0, 1, 0]]",,2.0,,,4.0,,0.0,,4.0
"[[1, 0, -1], [-1, 0, 0], [-1, 1, 0]]",,0.0,,,10.0,0.0,,,0.0
"[[1, 0, -1], [-1, 0, 0], [0, 1, -1]]",,3.0,,,5.0,3.5,2.0,,
"[[1, 0, -1], [-1, -1, 0], [0, 0, 1]]",,0.0,,,,0.0,1.0,2.0,
"[[1, 0, -1], [-1, 0, -1], [0, 0, 1]]",,3.0,,,14.0,,3.0,2.0,
"[[1, 0, -1], [-1, 0, 0], [-1, 0, 1]]",,1.0,,,16.0,3.0,,1.0,
"[[1, 0, -1], [-1, 0, 0], [0, -1, 1]]",,1.0,,,6.0,7.0,4.0,,
"[[1, 1, -1], [0, -1, -1], [0, 0, 0]]",,,,4.0,,,1.0,0.0,0.0
"[[1, 1, -1], [0, -1, 0], [0, -1, 0]]",,,,9.0,,4.5,17.5,,0.0
"[[1, 1, -1], [0, -1, 0], [0, 0, -1]]",,,,3.0,,4.0,10.0,0.0,
"[[1, 0, -1], [1, -1, -1], [0, 0, 0]]",,3.0,,,,,40.0,2.0,4.0
"[[1, 0, -1], [1, -1, 0], [0, -1, 0]]",,2.0,,,,1.0,30.0,,0.0
"[[1, 0, -1], [1, -1, 0], [0, 0, -1]]",,0.0,,,,1.0,38.0,2.0,
"[[1, 0, -1], [0, -1, 1], [0, -1, 0]]",,2.5,,0.0,,,6.5,,0.0
"[[1, 0, -1], [0, -1, 1], [0, 0, -1]]",,2.5,,6.0,,,9.5,2.5,
"[[1, 0, -1], [0, -1, -1], [1, 0, 0]]",,5.0,,48.0,,,,7.0,6.0
"[[1, 0, -1], [0, -1, 0], [1, -1, 0]]",,11.0,,32.0,,1.5,,,0.0
"[[1, 0, -1], [0, -1, 0], [1, 0, -1]]",,3.0,,30.0,,14.0,,2.5,
"[[1, 0, -1], [0, -1, -1], [0, 1, 0]]",,0.0,,1.0,,,4.0,,0.0
"[[1, 0, -1], [0, -1, 0], [0, 1, -1]]",,0.0,,0.0,,2.0,9.0,,
"[[1, 0, -1], [0, -1, -1], [0, 0, 1]]",,0.0,,2.0,,,8.0,0.0,
"[[1, 0, -1], [0, -1, 0], [0, -1, 1]]",,0.0,,5.0,,0.0,1.0,,
"[[1, 1, -1], [0, 0, -1], [-1, 0, 0]]",,,,0.0,7.0,,,0.0,2.0
"[[1, 1, -1], [0, 0, -1], [0, -1, 0]]",,,,0.0,4.0,,2.0,,1.0
"[[1, 0, -1], [1, 0, -1], [-1, 0, 0]]",,0.0,,,1.0,,,0.0,2.0
"[[1, 0, -1], [1, 0, -1], [0, -1, 0]]",,1.0,,,1.0,,8.0,,1.0
"[[1, 0, -1], [0, 1, -1], [-1, 0, 0]]",,2.0,,0.0,,,,3.0,12.0
"[[1, 0, -1], [0, 1, -1], [0, -1, 0]]",,1.0,,4.0,,,2.0,,8.0
"[[1, 0, -1], [0, 0, -1], [1, -1, 0]]",,0.0,,12.0,2.0,,,,4.0
"[[1, 0, -1], [0, 0, -1], [-1, 1, 0]]",,3.0,,0.0,2.0,,,,2.0
"[[1, 0, -1], [0, 0, -1], [-1, 0, 1]]",,2.0,,1.0,18.0,,,4.0,
"[[1, 0, -1], [0, 0, -1], [0, -1, 1]]",,3.0,,2.0,8.0,,4.0,,
"[[1, 1, -1], [0, 0, 0], [-1, -1, 0]]",,,,0.0,0.0,0.0,,,3.0
"[[1, 1, -1], [0, 0, 0], [-1, 0, -1]]",,,,0.0,0.0,0.0,,1.0,
"[[1, 0, -1], [1, 0, 0], [-1, -1, 0]]",,0.0,,,1.0,1.0,,,3.0
"[[1, 0, -1], [1, 0, 0], [-1, 0, -1]]",,0.0,,,0.0,0.0,,0.0,
"[[1, 0, -1], [0, 1, 0], [-1, -1, 0]]",,2.0,,3.0,,6.0,,,20.0
"[[1, 0, -1], [0, 1, 0], [-1, 0, -1]]",,1.0,,1.0,,9.5,,1.5,
"[[1, 0, -1], [0, 0, 1], [-1, -1, 0]]",,0.0,,1.0,1.0,,,,4.0
"[[1, 0, -1], [0, 0, 1], [-1, 0, -1]]",,0.0,,0.0,3.5,,,1.0,
"[[1, 0, -1], [0, 0, 0], [-1, 1, -1]]",,0.0,,0.0,0.5,0.5,,,
"[[1, 0, -1], [0, 0, 0], [-1, -1, 1]]",,5.0,,3.0,24.0,2.0,,,
"[[1, 1, -1], [0, 0, 0], [0, -1, -1]]",,,,2.0,0.0,2.5,0.5,,
"[[1, 0, -1], [1, 0, 0], [0, -1, -1]]",,0.0,,,1.0,3.0,20.0,,
"[[1, 0, -1], [0, 1, 0], [0, -1, -1]]",,0.0,,4.0,,2.5,1.5,,
"[[1, 0, -1], [0, 0, 1], [0, -1, -1]]",,1.0,,2.0,0.0,,4.0,,
"[[1, 0, -1], [0, 0, 0], [1, -1, -1]]",,2.0,,20.0,0.0,6.0,,,
"[[0, 1, -1], [-1, 1, -1], [0, 0, 0]]",3.0,,,,,,2.5,30.0,5.0
"[[0, 1, -1], [-1, 1, 0], [-1, 0, 0]]",1.0,,,,,0.0,,28.0,6.0
"[[0, 1, -1], [-1, 1, 0], [0, -1, 0]]",2.0,,,,,2.0,2.5,,9.0
"[[0, 1, -1], [-1, 1, 0], [0, 0, -1]]",1.0,,,,,4.5,8.0,44.0,
"[[0, 1, -1], [-1, -1, 1], [0, 0, 0]]",1.5,,,,,,6.5,0.0,2.0
"[[0, 1, -1], [-1, 0, 1], [-1, 0, 0]]",0.0,,,,2.0,,,3.0,0.0
"[[0, 1, -1], [-1, 0, 1], [0, -1, 0]]",1.0,,,,0.5,,1.0,,0.5
"[[0, 1, -1], [-1, 0, 1], [0, 0, -1]]",0.5,,,,5.0,,1.0,3.0,
"[[0, 1, -1], [-1, -1, 0], [1, 0, 0]]",3.0,,,,,8.5,,2.0,2.0
"[[0, 1, -1], [-1, 0, -1], [1, 0, 0]]",0.0,,,,4.0,,,1.0,2.0
"[[0, 1, -1], [-1, 0, 0], [1, -1, 0]]",0.0,,,,2.5,7.5,,,2.0
"[[0, 1, -1], [-1, 0, 0], [1, 0, -1]]",0.5,,,,2.5,3.5,,2.0,
"[[0, 1, -1], [-1, -1, 0], [0, 1, 0]]",0.0,,,,,0.0,3.0,,0.0
"[[0, 1, -1], [-1, 0, -1], [0, 1, 0]]",1.0,,,,10.0,,0.0,,2.0
"[[0, 1, -1], [-1, 0, 0], [-1, 1, 0]]",3.0,,,,10.0,0.0,,,1.0
"[[0, 1, -1], [-1, 0, 0], [0, 1, -1]]",3.0,,,,22.0,2.0,3.0,,
"[[0, 1, -1], [-1, -1, 0], [0, 0, 1]]",0.0,,,,,4.0,1.5,0.0,
"[[0, 1, -1], [-1, 0, -1], [0, 0, 1]]",1.0,,,,8.5,,0.5,1.0,
"[[0, 1, -1], [-1, 0, 0], [-1, 0, 1]]",1.0,,,,3.0,0.0,,0.0,
"[[0, 1, -1], [-1, 0, 0], [0, -1, 1]]",2.0,,,,1.5,0.0,0.5,,
"[[0, 1, -1], [1, -1, -1], [0, 0, 0]]",1.0,,,,,,6.0,0.0,1.0
"[[0, 1, -1], [1, -1, 0], [0, -1, 0]]",2.0,,,,,0.0,1.5,,1.5
"[[0, 1, -1], [1, -1, 0], [0, 0, -1]]",1.0,,,,,0.0,0.0,0.0,
"[[0, 1, -1], [0, -1, 1], [0, -1, 0]]",2.0,,,0.0,,,4.0,,0.5
"[[0, 1, -1], [0, -1, 1], [0, 0, -1]]",2.0,,,0.0,,,0.5,0.0,
"[[0, 1, -1], [0, -1, -1], [1, 0, 0]]",2.0,,,1.5,,,,2.0,5.5
"[[0, 1, -1], [0, -1, 0], [1, -1, 0]]",2.5,,,6.0,,3.0,,,2.0
"[[0, 1, -1], [0, -1, 0], [1, 0, -1]]",5.0,,,0.0,,1.0,,0.0,
"[[0, 1, -1], [0, -1, -1], [0, 1, 0]]",0.0,,,0.0,,,0.0,,2.0
"[[0, 1, -1], [0, -1, 0], [0, 1, -1]]",0.0,,,0.0,,0.0,0.0,,
"[[0, 1, -1], [0, -1, -1], [0, 0, 1]]",0.0,,,0.5,,,1.0,3.0,
"[[0, 1, -1], [0, -1, 0], [0, -1, 1]]",0.0,,,1.5,,0.0,2.5,,
"[[0, 1, -1], [1, 0, -1], [-1, 0, 0]]",0.0,,,,1.5,,,2.0,1.0
"[[0, 1, -1], [1, 0, -1], [0, -1, 0]]",1.0,,,,0.0,,0.5,,3.0
"[[0, 1, -1], [0, 1, -1], [-1, 0, 0]]",3.0,,,3.0,,,,12.0,5.0
"[[0, 1, -1], [0, 1, -1], [0, -1, 0]]",2.0,,,0.0,,,1.0,,7.5
"[[0, 1, -1], [0, 0, -1], [1, -1, 0]]",0.0,,,2.5,2.0,,,,1.0
"[[0, 1, -1], [0, 0, -1], [-1, 1, 0]]",0.0,,,0.0,2.0,,,,3.0
"[[0, 1, -1], [0, 0, -1], [-1, 0, 1]]",0.0,,,0.0,9.0,,,0.0,
"[[0, 1, -1], [0, 0, -1], [0, -1, 1]]",2.0,,,1.0,4.0,,1.0,,
"[[0, 1, -1], [1, 0, 0], [-1, -1, 0]]",0.0,,,,1.0,1.0,,,0.5
"[[0, 1, -1], [1, 0, 0], [-1, 0, -1]]",0.0,,,,2.0,2.0,,0.0,
"[[0, 1, -1], [0, 1, 0], [-1, -1, 0]]",2.0,,,1.5,,2.0,,,1.5
"[[0, 1, -1], [0, 1, 0], [-1, 0, -1]]",1.0,,,4.0,,6.0,,62.0,
"[[0, 1, -1], [0, 0, 1], [-1, -1, 0]]",0.0,,,3.0,0.0,,,,0.0
"[[0, 1, -1], [0, 0, 1], [-1, 0, -1]]",0.0,,,0.0,3.0,,,2.0,
"[[0, 1, -1], [0, 0, 0], [-1, 1, -1]]",0.0,,,0.0,22.0,4.0,,,
"[[0, 1, -1], [0, 0, 0], [-1, -1, 1]]",1.0,,,1.0,4.0,0.0,,,
"[[0, 1, -1], [1, 0, 0], [0, -1, -1]]",0.0,,,,0.0,0.0,2.0,,
"[[0, 1, -1], [0, 1, 0], [0, -1, -1]]",0.0,,,3.0,,9.5,1.0,,
"[[0, 1, -1], [0, 0, 1], [0, -1, -1]]",0.5,,,1.0,2.0,,1.5,,
"[[0, 1, -1], [0, 0, 0], [1, -1, -1]]",3.5,,,2.0,0.0,2.0,,,
"[[0, 0, -1], [1, -1, 1], [0, -1, 0]]",0.0,0.0,,,,,6.0,,0.0
"[[0, 0, -1], [1, -1, 1], [0, 0, -1]]",0.0,0.0,,,,,2.0,0.0,
"[[0, 0, -1], [1, -1, -1], [1, 0, 0]]",14.0,3.0,,,,,,4.0,2.0
"[[0, 0, -1], [1, -1, 0], [1, -1, 0]]",16.0,4.5,,,,1.0,,,3.0
"[[0, 0, -1], [1, -1, 0], [1, 0, -1]]",20.0,1.0,,,,3.0,,1.0,
"[[0, 0, -1], [1, -1, -1], [0, 1, 0]]",0.0,0.0,,,,,1.0,,1.0
"[[0, 0, -1], [1, -1, 0], [0, 1, -1]]",2.0,0.0,,,,0.0,0.0,,
"[[0, 0, -1], [1, -1, -1], [0, 0, 1]]",5.0,1.0,,,,,3.5,0.0,
"[[0, 0, -1], [1, -1, 0], [0, -1, 1]]",2.0,1.0,,,,0.0,3.0,,
"[[0, 0, -1], [1, 1, -1], [-1, 0, 0]]",1.0,3.0,,,,,,4.0,0.5
"[[0, 0, -1], [1, 1, -1], [0, -1, 0]]",5.0,1.5,,,,,1.0,,6.5
"[[0, 0, -1], [1, 0, -1], [1, -1, 0]]",12.0,3.0,,,0.0,,,,3.5
"[[0, 0, -1], [1, 0, -1], [-1, 1, 0]]",0.0,0.0,,,1.0,,,,0.0
"[[0, 0, -1], [1, 0, -1], [-1, 0, 1]]",2.0,0.5,,,3.5,,,0.0,
"[[0, 0, -1], [1, 0, -1], [0, -1, 1]]",2.0,2.5,,,7.0,,1.5,,
"[[0, 0, -1], [1, 1, 0], [-1, -1, 0]]",2.0,3.0,,,,14.0,,,5.5
"[[0, 0, -1], [1, 1, 0], [-1, 0, -1]]",1.0,3.0,,,,24.0,,3.0,
"[[0, 0, -1], [1, 0, 1], [-1, -1, 0]]",1.0,2.0,,,16.0,,,,4.0
"[[0, 0, -1], [1, 0, 1], [-1, 0, -1]]",3.0,1.0,,,22.0,,,1.0,
"[[0, 0, -1], [1, 0, 0], [-1, 1, -1]]",0.0,2.0,,,1.0,0.0,,,
"[[0, 0, -1], [1, 0, 0], [-1, -1, 1]]",0.0,1.5,,,4.0,1.0,,,
"[[0, 0, -1], [1, 1, 0], [0, -1, -1]]",2.0,0.0,,,,22.0,8.0,,
"[[0, 0, -1], [1, 0, 1], [0, -1, -1]]",3.0,1.0,,,8.0,,2.0,,
"[[0, 0, -1], [1, 0, 0], [1, -1, -1]]",16.0,0.0,,,3.0,2.0,,,
"[[0, 0, -1], [-1, 1, 1], [-1, 0, 0]]",6.0,2.0,,,,,,6.0,0.0
"[[0, 0, -1], [-1, 1, 1], [0, -1, 0]]",4.0,1.5,,,,,3.5,,7.0
"[[0, 0, -1], [-1, 1, 1], [0, 0, -1]]",0.0,9.0,,,,,1.0,2.5,
"[[0, 0, -1], [-1, 1, -1], [1, 0, 0]]",3.0,1.5,,,,,,4.0,11.0
"[[0, 0, -1], [-1, 1, 0], [1, -1, 0]]",4.5,1.0,,,,0.5,,,3.0
"[[0, 0, -1], [-1, 1, 0], [1, 0, -1]]",3.0,3.0,,,,4.0,,5.0,
"[[0, 0, -1], [-1, 1, -1], [0, 1, 0]]",3.0,16.0,,,,,1.0,,5.0
"[[0, 0, -1], [-1, 1, 0], [-1, 1, 0]]",8.5,24.0,,,,2.0,,,5.0
"[[0, 0, -1], [-1, 1, 0], [0, 1, -1]]",2.5,32.0,,,,4.0,2.0,,
"[[0, 0, -1], [-1, 1, -1], [0, 0, 1]]",18.0,7.5,,,,,21.0,5.0,
"[[0, 0, -1], [-1, 1, 0], [-1, 0, 1]]",22.0,10.0,,,,2.0,,4.0,
"[[0, 0, -1], [-1, 1, 0], [0, -1, 1]]",18.0,4.5,,,,1.0,3.0,,
"[[0, 0, -1], [0, 1, -1], [1, -1, 0]]",5.0,0.5,,1.0,,,,,1.0
"[[0, 0, -1], [0, 1, -1], [-1, 1, 0]]",7.0,18.0,,1.0,,,,,2.0
"[[0, 0, -1], [0, 1, -1], [-1, 0, 1]]",22.0,5.5,,6.0,,,,4.0,
"[[0, 0, -1], [0, 1, -1], [0, -1, 1]]",20.0,5.0,,4.5,,,2.0,,
"[[0, 0, -1], [0, 1, 1], [-1, -1, 0]]",7.0,0.0,,28.0,,,,,3.0
"[[0, 0, -1], [0, 1, 1], [-1, 0, -1]]",4.0,8.0,,20.0,,,,10.5,
"[[0, 0, -1], [0, 1, 0], [-1, 1, -1]]",3.0,24.0,,2.0,,10.5,,,
"[[0, 0, -1], [0, 1, 0], [-1, -1, 1]]",8.0,2.5,,2.0,,3.0,,,
"[[0, 0, -1], [0, 1, 1], [0, -1, -1]]",3.5,1.5,,28.0,,,7.0,,
"[[0, 0, -1], [0, 1, 0], [1, -1, -1]]",4.5,2.0,,2.0,,13.0,,,
"[[0, 0, -1], [-1, -1, 1], [1, 0, 0]]",4.0,2.5,,,,,,2.5,9.0
"[[0, 0, -1], [-1, 0, 1], [1, -1, 0]]",0.0,1.0,,,3.0,,,,0.5
"[[0, 0, -1], [-1, 0, 1], [1, 0, -1]]",1.5,3.0,,,7.0,,,2.0,
"[[0, 0, -1], [-1, -1, 1], [0, 1, 0]]",1.0,0.0,,,,,3.5,,5.0
"[[0, 0, -1], [-1, 0, 1], [-1, 1, 0]]",0.0,0.0,,,1.0,,,,0.0
"[[0, 0, -1], [-1, 0, 1], [0, 1, -1]]",1.5,1.0,,,2.0,,2.0,,
"[[0, 0, -1], [-1, -1, 1], [0, 0, 1]]",0.0,2.0,,,,,5.5,3.0,
"[[0, 0, -1], [-1, 0, 1], [-1, 0, 1]]",1.0,0.0,,,1.0,,,0.0,
"[[0, 0, -1], [-1, 0, 1], [0, -1, 1]]",1.0,1.0,,,5.0,,1.0,,
"[[0, 0, -1], [0, -1, 1], [1, -1, 0]]",1.5,2.0,,3.0,,,,,2.0
"[[0, 0, -1], [0, -1, 1], [1, 0, -1]]",9.5,2.5,,0.0,,,,2.0,
"[[0, 0, -1], [0, -1, 1], [0, 1, -1]]",0.0,0.0,,0.0,,,4.5,,
"[[0, 0, -1], [0, -1, 1], [0, -1, 1]]",0.0,2.5,,0.0,,,5.0,,
"[[0, 0, -1], [0, 0, 1], [-1, 1, -1]]",0.5,4.0,,2.0,7.5,,,,
"[[0, 0, -1], [0, 0, 1], [-1, -1, 1]]",3.0,0.0,,2.0,1.0,,,,
"[[0, 0, -1], [0, 0, 1], [1, -1, -1]]",2.5,1.5,,6.0,1.0,,,,
"[[0, 0, -1], [-1, -1, 0], [1, 1, 0]]",4.5,1.0,,,,1.5,,,26.0
"[[0, 0, -1], [-1, 0, -1], [1, 1, 0]]",1.0,1.0,,,3.0,,,,2.0
"[[0, 0, -1], [-1, 0, 0], [1, 1, -1]]",0.5,1.0,,,2.0,1.0,,,
"[[0, 0, -1], [-1, -1, 0], [1, 0, 1]]",2.0,3.0,,,,5.5,,18.0,
"[[0, 0, -1], [-1, 0, -1], [1, 0, 1]]",5.0,2.5,,,7.5,,,32.0,
"[[0, 0, -1], [-1, 0, 0], [1, -1, 1]]",6.0,1.5,,,4.0,0.5,,,
"[[0, 0, -1], [0, -1, -1], [1, 1, 0]]",1.0,0.0,,4.0,,,,,26.0
"[[0, 0, -1], [0, -1, 0], [1, 1, -1]]",1.0,0.0,,3.0,,3.0,,,
"[[0, 0, -1], [0, -1, -1], [1, 0, 1]]",6.0,1.5,,15.5,,,,10.0,
"[[0, 0, -1], [0, -1, 0], [1, -1, 1]]",1.0,3.0,,7.0,,2.5,,,
"[[0, 0, -1], [0, 0, -1], [1, -1, 1]]",8.0,0.0,,4.0,5.0,,,,
"[[0, 0, -1], [-1, -1, 0], [0, 1, 1]]",0.0,3.0,,,,0.0,22.0,,
"[[0, 0, -1], [-1, 0, -1], [0, 1, 1]]",3.0,0.0,,,3.0,,12.0,,
"[[0, 0, -1], [-1, 0, 0], [-1, 1, 1]]",3.0,1.0,,,2.0,0.0,,,
"[[0, 0, -1], [0, -1, -1], [0, 1, 1]]",3.0,1.0,,7.0,,,18.0,,
"[[0, 0, -1], [0, 0, -1], [-1, 1, 1]]",1.0,3.0,,0.0,5.0,,,,
"[[1, 1, 0], [-1, -1, 0], [-1, 0, 0]]",,,32.0,,,3.0,,1.0,1.0
"[[1, 1, 0], [-1, -1, 0], [0, -1, 0]]",,,76.0,,,8.5,4.5,,1.0
"[[1, 1, 0], [-1, -1, 0], [0, 0, -1]]",,,24.0,,,7.5,2.5,2.0,
"[[1, 0, 1], [-1, -1, 0], [-1, 0, 0]]",,54.0,,,,12.0,,1.5,9.0
"[[1, 0, 1], [-1, -1, 0], [0, -1, 0]]",,36.0,,,,7.0,2.0,,2.0
"[[1, 0, 1], [-1, -1, 0], [0, 0, -1]]",,54.0,,,,7.5,3.0,4.5,
"[[1, 0, 0], [-1, -1, 1], [-1, 0, 0]]",,10.0,6.0,,,,,0.5,3.0
"[[1, 0, 0], [-1, -1, 1], [0, -1, 0]]",,11.0,4.0,,,,1.0,,0.0
"[[1, 0, 0], [-1, -1, 1], [0, 0, -1]]",,15.5,4.5,,,,3.5,3.5,
"[[1, 0, 0], [-1, -1, 0], [1, -1, 0]]",,5.5,2.0,,,3.0,,,0.0
"[[1, 0, 0], [-1, -1, 0], [1, 0, -1]]",,5.5,0.0,,,3.0,,3.5,
"[[1, 0, 0], [-1, -1, 0], [-1, 1, 0]]",,4.0,5.5,,,1.5,,,0.0
"[[1, 0, 0], [-1, -1, 0], [0, 1, -1]]",,1.0,6.5,,,4.0,1.0,,
"[[1, 0, 0], [-1, -1, 0], [-1, 0, 1]]",,0.0,4.0,,,5.0,,0.0,
"[[1, 0, 0], [-1, -1, 0], [0, -1, 1]]",,1.0,2.0,,,0.0,0.0,,
"[[1, 1, 0], [-1, 0, -1], [-1, 0, 0]]",,,10.0,,4.0,,,3.0,3.0
"[[1, 1, 0], [-1, 0, -1], [0, -1, 0]]",,,12.0,,3.0,,3.0,,1.0
"[[1, 1, 0], [-1, 0, -1], [0, 0, -1]]",,,10.0,,2.0,,0.0,0.0,
"[[1, 0, 1], [-1, 0, -1], [-1, 0, 0]]",,4.0,,,8.0,,,3.0,3.0
"[[1, 0, 1], [-1, 0, -1], [0, -1, 0]]",,20.0,,,5.0,,3.0,,2.0
"[[1, 0, 1], [-1, 0, -1], [0, 0, -1]]",,12.0,,,6.5,,4.0,1.0,
"[[1, 0, 0], [-1, 1, -1], [-1, 0, 0]]",,13.0,4.0,,,,,3.5,8.0
"[[1, 0, 0], [-1, 1, -1], [0, -1, 0]]",,9.0,6.0,,,,3.0,,22.0
"[[1, 0, 0], [-1, 1, -1], [0, 0, -1]]",,2.0,7.0,,,,3.0,1.5,
"[[1, 0, 0], [-1, 0, -1], [1, -1, 0]]",,0.0,3.0,,2.0,,,,2.0
"[[1, 0, 0], [-1, 0, -1], [1, 0, -1]]",,1.0,4.0,,0.0,,,0.0,
"[[1, 0, 0], [-1, 0, -1], [-1, 1, 0]]",,1.0,2.5,,7.5,,,,2.0
"[[1, 0, 0], [-1, 0, -1], [0, 1, -1]]",,3.0,2.0,,6.0,,0.0,,
"[[1, 0, 0], [-1, 0, -1], [-1, 0, 1]]",,4.0,4.0,,14.0,,,3.0,
"[[1, 0, 0], [-1, 0, -1], [0, -1, 1]]",,5.0,2.0,,2.0,,2.0,,
"[[1, 1, 0], [-1, 0, 0], [-1, -1, 0]]",,,14.0,,1.0,1.0,,,1.0
"[[1, 1, 0], [-1, 0, 0], [-1, 0, -1]]",,,18.0,,1.0,0.0,,4.0,
"[[1, 0, 1], [-1, 0, 0], [-1, -1, 0]]",,8.0,,,4.0,0.0,,,6.0
"[[1, 0, 1], [-1, 0, 0], [-1, 0, -1]]",,8.0,,,3.0,2.5,,8.0,
"[[1, 0, 0], [-1, 1, 0], [-1, -1, 0]]",,3.0,3.0,,,3.0,,,36.0
"[[1, 0, 0], [-1, 1, 0], [-1, 0, -1]]",,11.0,3.5,,,3.5,,4.0,
"[[1, 0, 0], [-1, 0, 1], [-1, -1, 0]]",,0.0,5.0,,3.0,,,,5.0
"[[1, 0, 0], [-1, 0, 1], [-1, 0, -1]]",,3.0,1.5,,1.5,,,3.0,
"[[1, 0, 0], [-1, 0, 0], [-1, 1, -1]]",,2.0,2.0,,1.5,3.5,,,
"[[1, 0, 0], [-1, 0, 0], [-1, -1, 1]]",,3.0,3.0,,24.0,2.0,,,
"[[1, 1, 0], [-1, 0, 0], [0, -1, -1]]",,,16.0,,1.0,1.5,1.5,,
"[[1, 0, 1], [-1, 0, 0], [0, -1, -1]]",,14.0,,,3.0,2.0,2.0,,
"[[1, 0, 0], [-1, 1, 0], [0, -1, -1]]",,1.0,10.0,,,1.5,5.0,,
"[[1, 0, 0], [-1, 0, 1], [0, -1, -1]]",,5.5,1.0,,2.0,,3.0,,
"[[1, 0, 0], [-1, 0, 0], [1, -1, -1]]",,2.0,2.0,,1.5,0.0,,,
"[[0, 1, 1], [-1, -1, 0], [-1, 0, 0]]",16.0,,,,,2.0,,0.0,3.0
"[[0, 1, 1], [-1, -1, 0], [0, -1, 0]]",14.0,,,,,9.0,2.0,,5.0
"[[0, 1, 1], [-1, -1, 0], [0, 0, -1]]",32.0,,,,,4.0,2.0,2.0,
"[[0, 1, 0], [-1, -1, 1], [-1, 0, 0]]",1.0,,5.0,,,,,0.0,2.0
"[[0, 1, 0], [-1, -1, 1], [0, -1, 0]]",1.5,,9.0,,,,3.0,,5.5
"[[0, 1, 0], [-1, -1, 1], [0, 0, -1]]",4.5,,2.0,,,,1.0,0.0,
"[[0, 1, 0], [-1, -1, 0], [1, -1, 0]]",3.0,,0.0,,,3.0,,,0.5
"[[0, 1, 0], [-1, -1, 0], [1, 0, -1]]",4.5,,1.0,,,0.0,,0.0,
"[[0, 1, 0], [-1, -1, 0], [-1, 1, 0]]",0.0,,0.0,,,0.0,,,0.0
"[[0, 1, 0], [-1, -1, 0], [0, 1, -1]]",4.0,,0.0,,,0.0,0.0,,
"[[0, 1, 0], [-1, -1, 0], [-1, 0, 1]]",0.0,,2.0,,,1.0,,0.0,
"[[0, 1, 0], [-1, -1, 0], [0, -1, 1]]",3.0,,3.0,,,2.5,2.0,,
"[[0, 1, 1], [-1, 0, -1], [-1, 0, 0]]",14.0,,,,0.0,,,1.0,0.0
"[[0, 1, 1], [-1, 0, -1], [0, -1, 0]]",14.0,,,,3.0,,1.0,,1.0
"[[0, 1, 1], [-1, 0, -1], [0, 0, -1]]",14.0,,,,10.0,,2.0,2.0,
"[[0, 1, 0], [-1, 1, -1], [-1, 0, 0]]",15.0,,3.0,,,,,10.0,1.0
"[[0, 1, 0], [-1, 1, -1], [0, -1, 0]]",6.0,,1.0,,,,1.0,,7.5
"[[0, 1, 0], [-1, 1, -1], [0, 0, -1]]",1.0,,4.0,,,,3.0,12.0,
"[[0, 1, 0], [-1, 0, -1], [1, -1, 0]]",2.0,,0.0,,4.0,,,,1.0
"[[0, 1, 0], [-1, 0, -1], [1, 0, -1]]",2.0,,1.0,,1.0,,,0.0,
"[[0, 1, 0], [-1, 0, -1], [-1, 1, 0]]",4.0,,5.0,,14.0,,,,3.0
"[[0, 1, 0], [-1, 0, -1], [0, 1, -1]]",2.0,,2.0,,22.0,,1.0,,
"[[0, 1, 0], [-1, 0, -1], [-1, 0, 1]]",2.0,,1.0,,5.0,,,1.0,
"[[0, 1, 0], [-1, 0, -1], [0, -1, 1]]",4.0,,1.0,,5.5,,2.0,,
"[[0, 1, 1], [-1, 0, 0], [-1, -1, 0]]",4.0,,,,1.0,0.0,,,4.0
"[[0, 1, 1], [-1, 0, 0], [-1, 0, -1]]",6.0,,,,1.0,1.0,,1.0,
"[[0, 1, 0], [-1, 1, 0], [-1, -1, 0]]",8.0,,1.0,,,0.0,,,1.0
"[[0, 1, 0], [-1, 1, 0], [-1, 0, -1]]",2.0,,3.0,,,3.0,,22.0,
"[[0, 1, 0], [-1, 0, 1], [-1, -1, 0]]",1.0,,0.0,,0.0,,,,0.0
"[[0, 1, 0], [-1, 0, 1], [-1, 0, -1]]",0.0,,1.0,,0.0,,,2.0,
"[[0, 1, 0], [-1, 0, 0], [-1, 1, -1]]",3.0,,3.0,,24.0,1.0,,,
"[[0, 1, 0], [-1, 0, 0], [-1, -1, 1]]",4.0,,1.0,,2.0,1.0,,,
"[[0, 1, 1], [-1, 0, 0], [0, -1, -1]]",12.0,,,,5.0,2.0,3.0,,
"[[0, 1, 0], [-1, 1, 0], [0, -1, -1]]",0.0,,5.0,,,0.5,6.5,,
"[[0, 1, 0], [-1, 0, 1], [0, -1, -1]]",4.0,,0.0,,0.5,,4.0,,
"[[0, 1, 0], [-1, 0, 0], [1, -1, -1]]",1.0,,1.0,,2.0,0.5,,,
"[[0, 0, 1], [-1, -1, 1], [-1, 0, 0]]",5.5,4.0,,,,,,1.5,34.0
"[[0, 0, 1], [-1, -1, 1], [0, -1, 0]]",4.0,10.0,,,,,0.0,,22.0
"[[0, 0, 1], [-1, -1, 1], [0, 0, -1]]",10.0,4.0,,,,,0.0,1.0,
"[[0, 0, 1], [-1, -1, 0], [1, -1, 0]]",1.0,0.0,,,,3.0,,,0.0
"[[0, 0, 1], [-1, -1, 0], [1, 0, -1]]",3.0,0.0,,,,0.0,,0.0,
"[[0, 0, 1], [-1, -1, 0], [-1, 1, 0]]",1.5,6.0,,,,2.0,,,1.0
"[[0, 0, 1], [-1, -1, 0], [0, 1, -1]]",2.5,0.0,,,,0.5,0.0,,
"[[0, 0, 1], [-1, -1, 0], [-1, 0, 1]]",3.0,0.0,,,,32.0,,0.0,
"[[0, 0, 1], [-1, -1, 0], [0, -1, 1]]",4.0,9.0,,,,58.0,2.0,,
"[[0, 0, 1], [-1, 1, -1], [-1, 0, 0]]",8.0,3.0,,,,,,0.0,2.0
"[[0, 0, 1], [-1, 1, -1], [0, -1, 0]]",5.0,5.0,,,,,26.0,,8.0
"[[0, 0, 1], [-1, 1, -1], [0, 0, -1]]",4.5,3.0,,,,,14.0,3.0,
"[[0, 0, 1], [-1, 0, -1], [1, -1, 0]]",3.0,3.0,,,18.0,,,,1.0
"[[0, 0, 1], [-1, 0, -1], [1, 0, -1]]",0.0,3.0,,,6.0,,,3.0,
"[[0, 0, 1], [-1, 0, -1], [-1, 1, 0]]",2.0,4.0,,,1.0,,,,0.0
"[[0, 0, 1], [-1, 0, -1], [0, 1, -1]]",0.0,3.0,,,1.0,,1.0,,
"[[0, 0, 1], [-1, 0, -1], [-1, 0, 1]]",4.0,2.0,,,2.0,,,0.0,
"[[0, 0, 1], [-1, 0, -1], [0, -1, 1]]",4.0,0.0,,,7.0,,1.0,,
"[[0, 0, 1], [-1, 1, 0], [-1, -1, 0]]",6.0,2.0,,,,0.0,,,2.0
"[[0, 0, 1], [-1, 1, 0], [-1, 0, -1]]",2.5,3.0,,,,0.0,,4.5,
"[[0, 0, 1], [-1, 0, 1], [-1, -1, 0]]",2.0,5.0,,,0.0,,,,10.0
"[[0, 0, 1], [-1, 0, 1], [-1, 0, -1]]",1.5,1.0,,,0.0,,,0.5,
"[[0, 0, 1], [-1, 0, 0], [-1, 1, -1]]",6.0,0.0,,,0.5,1.5,,,
"[[0, 0, 1], [-1, 0, 0], [-1, -1, 1]]",12.0,3.0,,,1.0,6.0,,,
"[[0, 0, 1], [-1, 1, 0], [0, -1, -1]]",3.0,3.0,,,,0.0,14.0,,
"[[0, 0, 1], [-1, 0, 1], [0, -1, -1]]",1.0,1.0,,,3.0,,1.0,,
"[[0, 0, 1], [-1, 0, 0], [1, -1, -1]]",4.0,2.0,,,18.0,3.0,,,
"[[0, 0, 0], [-1, 1, -1], [1, -1, 0]]",6.0,2.0,8.0,,,,,,8.0
"[[0, 0, 0], [-1, 1, -1], [1, 0, -1]]",5.0,5.0,8.0,,,,,0.0,
"[[0, 0, 0], [-1, 1, -1], [-1, 1, 0]]",4.5,22.0,1.5,,,,,,1.0
"[[0, 0, 0], [-1, 1, -1], [0, 1, -1]]",0.0,42.0,6.5,,,,3.0,,
"[[0, 0, 0], [-1, 1, -1], [-1, 0, 1]]",24.0,9.0,5.0,,,,,4.0,
"[[0, 0, 0], [-1, 1, -1], [0, -1, 1]]",18.0,4.5,4.0,,,,2.0,,
"[[0, 0, 0], [-1, 1, 1], [-1, -1, 0]]",0.0,0.0,1.0,,,,,,6.0
"[[0, 0, 0], [-1, 1, 1], [-1, 0, -1]]",2.5,1.0,0.0,,,,,3.0,
"[[0, 0, 0], [-1, 1, 0], [-1, 1, -1]]",8.0,30.0,2.5,,,4.5,,,
"[[0, 0, 0], [-1, 1, 0], [-1, -1, 1]]",28.0,1.0,4.0,,,2.0,,,
"[[0, 0, 0], [-1, 1, 1], [0, -1, -1]]",1.0,0.5,4.0,,,,7.0,,
"[[0, 0, 0], [-1, 1, 0], [1, -1, -1]]",0.0,3.5,42.0,,,3.5,,,
"[[0, 0, 0], [-1, -1, 1], [1, -1, 0]]",2.5,5.5,2.0,,,,,,2.5
"[[0, 0, 0], [-1, -1, 1], [1, 0, -1]]",7.5,1.5,0.0,,,,,3.5,
"[[0, 0, 0], [-1, -1, 1], [-1, 1, 0]]",0.5,0.0,0.0,,,,,,3.0
"[[0, 0, 0], [-1, -1, 1], [0, 1, -1]]",4.0,0.0,1.0,,,,0.5,,
"[[0, 0, 0], [-1, -1, 1], [-1, 0, 1]]",2.0,1.0,20.0,,,,,1.0,
"[[0, 0, 0], [-1, -1, 1], [0, -1, 1]]",3.0,3.5,24.0,,,,0.5,,
"[[0, 0, 0], [-1, 0, 1], [-1, 1, -1]]",5.0,0.0,0.0,,1.5,,,,
"[[0, 0, 0], [-1, 0, 1], [-1, -1, 1]]",1.0,0.0,6.0,,2.0,,,,
"[[0, 0, 0], [-1, 0, 1], [1, -1, -1]]",0.5,0.5,2.0,,1.5,,,,
"[[0, 0, 0], [-1, -1, 0], [1, 1, -1]]",3.5,0.0,0.0,,,0.5,,,
"[[0, 0, 0], [-1, -1, 0], [1, -1, 1]]",0.0,3.0,0.0,,,1.0,,,
"[[0, 0, 0], [-1, 0, -1], [1, 1, -1]]",0.0,0.0,5.0,,1.0,,,,
"[[0, 0, 0], [-1, 0, -1], [1, -1, 1]]",1.0,2.0,3.0,,2.5,,,,
"[[0, 0, 0], [-1, -1, 0], [-1, 1, 1]]",0.0,0.0,3.0,,,0.0,,,
"[[0, 0, 0], [-1, 0, -1], [-1, 1, 1]]",2.0,0.0,0.0,,5.0,,,,
"[[1, 1, 0], [0, -1, -1], [-1, 0, 0]]",,,34.0,3.0,,,,1.0,1.0
"[[1, 1, 0], [0, -1, -1], [0, -1, 0]]",,,44.0,9.0,,,4.0,,1.0
"[[1, 1, 0], [0, -1, -1], [0, 0, -1]]",,,22.0,2.0,,,5.0,2.0,
"[[1, 0, 1], [0, -1, -1], [-1, 0, 0]]",,46.0,,9.0,,,,2.5,0.0
"[[1, 0, 1], [0, -1, -1], [0, -1, 0]]",,26.0,,2.0,,,4.0,,0.0
"[[1, 0, 1], [0, -1, -1], [0, 0, -1]]",,12.0,,10.0,,,2.0,2.0,
"[[1, 0, 0], [1, -1, -1], [-1, 0, 0]]",,5.0,19.0,,,,,5.5,0.0
"[[1, 0, 0], [1, -1, -1], [0, -1, 0]]",,14.0,0.0,,,,38.0,,2.0
"[[1, 0, 0], [1, -1, -1], [0, 0, -1]]",,9.0,10.5,,,,32.0,3.0,
"[[1, 0, 0], [0, -1, -1], [1, -1, 0]]",,5.0,4.0,22.0,,,,,2.0
"[[1, 0, 0], [0, -1, -1], [1, 0, -1]]",,4.0,1.0,10.0,,,,3.0,
"[[1, 0, 0], [0, -1, -1], [-1, 1, 0]]",,0.0,7.0,1.5,,,,,0.0
"[[1, 0, 0], [0, -1, -1], [0, 1, -1]]",,1.0,6.0,2.0,,,2.0,,
"[[1, 0, 0], [0, -1, -1], [-1, 0, 1]]",,7.0,0.0,0.0,,,,0.0,
"[[1, 0, 0], [0, -1, -1], [0, -1, 1]]",,1.0,3.0,0.0,,,4.0,,
"[[1, 1, 0], [0, -1, 0], [-1, -1, 0]]",,,38.0,3.0,,1.0,,,5.0
"[[1, 1, 0], [0, -1, 0], [-1, 0, -1]]",,,30.0,0.0,,1.0,,2.0,
"[[1, 0, 1], [0, -1, 0], [-1, -1, 0]]",,30.0,,0.0,,3.0,,,7.0
"[[1, 0, 1], [0, -1, 0], [-1, 0, -1]]",,58.0,,8.0,,6.5,,7.5,
"[[1, 0, 0], [1, -1, 0], [-1, -1, 0]]",,1.0,2.0,,,0.0,,,0.0
"[[1, 0, 0], [1, -1, 0], [-1, 0, -1]]",,4.0,7.5,,,0.0,,4.5,
"[[1, 0, 0], [0, -1, 1], [-1, -1, 0]]",,2.0,2.0,0.0,,,,,1.0
"[[1, 0, 0], [0, -1, 1], [-1, 0, -1]]",,2.0,10.5,0.0,,,,2.0,
"[[1, 0, 0], [0, -1, 0], [-1, 1, -1]]",,2.0,17.5,4.0,,1.5,,,
"[[1, 0, 0], [0, -1, 0], [-1, -1, 1]]",,3.0,4.0,0.0,,0.0,,,
"[[1, 1, 0], [0, -1, 0], [0, -1, -1]]",,,18.0,6.0,,6.0,15.0,,
"[[1, 0, 1], [0, -1, 0], [0, -1, -1]]",,26.0,,1.0,,1.0,5.0,,
"[[1, 0, 0], [1, -1, 0], [0, -1, -1]]",,9.0,0.0,,,0.0,20.0,,
"[[1, 0, 0], [0, -1, 1], [0, -1, -1]]",,1.5,2.0,4.0,,,2.0,,
"[[1, 0, 0], [0, -1, 0], [1, -1, -1]]",,6.0,2.0,26.0,,1.5,,,
"[[0, 1, 1], [0, -1, -1], [-1, 0, 0]]",18.0,,,1.5,,,,0.0,4.5
"[[0, 1, 1], [0, -1, -1], [0, -1, 0]]",30.0,,,7.5,,,2.0,,2.5
"[[0, 1, 1], [0, -1, -1], [0, 0, -1]]",38.0,,,0.0,,,1.0,2.0,
"[[0, 1, 0], [1, -1, -1], [-1, 0, 0]]",1.0,,6.5,,,,,0.0,1.0
"[[0, 1, 0], [1, -1, -1], [0, -1, 0]]",1.0,,7.5,,,,3.0,,1.5
"[[0, 1, 0], [1, -1, -1], [0, 0, -1]]",4.0,,4.0,,,,0.0,0.0,
"[[0, 1, 0], [0, -1, -1], [1, -1, 0]]",2.0,,1.0,11.5,,,,,1.5
"[[0, 1, 0], [0, -1, -1], [1, 0, -1]]",0.0,,1.0,1.0,,,,0.0,
"[[0, 1, 0], [0, -1, -1], [-1, 1, 0]]",3.0,,1.0,0.0,,,,,0.0
"[[0, 1, 0], [0, -1, -1], [0, 1, -1]]",4.0,,2.0,0.0,,,0.0,,
"[[0, 1, 0], [0, -1, -1], [-1, 0, 1]]",1.0,,2.5,2.0,,,,0.0,
"[[0, 1, 0], [0, -1, -1], [0, -1, 1]]",2.0,,2.0,7.5,,,2.5,,
"[[0, 1, 1], [0, -1, 0], [-1, -1, 0]]",16.0,,,1.0,,2.0,,,3.5
"[[0, 1, 1], [0, -1, 0], [-1, 0, -1]]",20.0,,,1.0,,1.0,,3.0,
"[[0, 1, 0], [1, -1, 0], [-1, -1, 0]]",2.0,,3.5,,,0.0,,,2.0
"[[0, 1, 0], [1, -1, 0], [-1, 0, -1]]",2.0,,3.0,,,0.0,,0.0,
"[[0, 1, 0], [0, -1, 1], [-1, -1, 0]]",1.0,,4.0,0.0,,,,,1.0
"[[0, 1, 0], [0, -1, 1], [-1, 0, -1]]",1.0,,0.0,0.0,,,,0.0,
"[[0, 1, 0], [0, -1, 0], [-1, 1, -1]]",3.0,,4.0,0.0,,0.0,,,
"[[0, 1, 0], [0, -1, 0], [-1, -1, 1]]",1.0,,9.5,0.5,,0.0,,,
"[[0, 1, 1], [0, -1, 0], [0, -1, -1]]",44.0,,,1.0,,3.0,1.0,,
"[[0, 1, 0], [1, -1, 0], [0, -1, -1]]",1.0,,0.0,,,0.0,2.0,,
"[[0, 1, 0], [0, -1, 1], [0, -1, -1]]",1.0,,3.0,0.0,,,2.0,,
"[[0, 1, 0], [0, -1, 0], [1, -1, -1]]",11.5,,0.0,2.0,,0.0,,,
"[[0, 0, 1], [1, -1, -1], [-1, 0, 0]]",3.5,9.0,,,,,,3.5,5.0
"[[0, 0, 1], [1, -1, -1], [0, -1, 0]]",6.0,1.5,,,,,3.0,,2.5
"[[0, 0, 1], [1, -1, -1], [0, 0, -1]]",10.0,2.0,,,,,1.0,2.0,
"[[0, 0, 1], [0, -1, -1], [1, -1, 0]]",8.0,2.0,,1.0,,,,,0.0
"[[0, 0, 1], [0, -1, -1], [1, 0, -1]]",2.0,2.0,,5.0,,,,0.0,
"[[0, 0, 1], [0, -1, -1], [-1, 1, 0]]",2.0,4.0,,3.0,,,,,0.0
"[[0, 0, 1], [0, -1, -1], [0, 1, -1]]",0.0,2.0,,2.0,,,0.0,,
"[[0, 0, 1], [0, -1, -1], [-1, 0, 1]]",2.0,1.5,,6.0,,,,1.5,
"[[0, 0, 1], [0, -1, -1], [0, -1, 1]]",2.0,8.5,,1.5,,,0.0,,
"[[0, 0, 1], [1, -1, 0], [-1, -1, 0]]",1.0,2.5,,,,5.0,,,7.0
"[[0, 0, 1], [1, -1, 0], [-1, 0, -1]]",8.0,1.0,,,,0.0,,1.5,
"[[0, 0, 1], [0, -1, 1], [-1, -1, 0]]",3.0,5.0,,2.0,,,,,34.0
"[[0, 0, 1], [0, -1, 1], [-1, 0, -1]]",8.0,3.0,,0.0,,,,1.5,
"[[0, 0, 1], [0, -1, 0], [-1, 1, -1]]",8.5,3.0,,3.0,,1.5,,,
"[[0, 0, 1], [0, -1, 0], [-1, -1, 1]]",5.0,14.5,,1.5,,40.0,,,
"[[0, 0, 1], [1, -1, 0], [0, -1, -1]]",1.0,3.0,,,,0.0,1.0,,
"[[0, 0, 1], [0, -1, 1], [0, -1, -1]]",2.0,2.0,,0.0,,,0.0,,
"[[0, 0, 1], [0, -1, 0], [1, -1, -1]]",8.0,0.0,,0.0,,0.0,,,
"[[0, 0, 0], [1, -1, -1], [1, -1, 0]]",32.0,2.5,1.0,,,,,,2.5
"[[0, 0, 0], [1, -1, -1], [1, 0, -1]]",12.0,0.0,3.0,,,,,1.0,
"[[0, 0, 0], [1, -1, -1], [-1, 1, 0]]",1.0,0.0,4.0,,,,,,0.5
"[[0, 0, 0], [1, -1, -1], [0, 1, -1]]",3.5,0.0,2.5,,,,6.0,,
"[[0, 0, 0], [1, -1, -1], [-1, 0, 1]]",0.0,3.5,5.5,,,,,3.5,
"[[0, 0, 0], [1, -1, -1], [0, -1, 1]]",1.0,2.0,2.5,,,,7.0,,
"[[0, 0, 0], [1, -1, 1], [-1, -1, 0]]",0.0,0.0,3.0,,,,,,1.0
"[[0, 0, 0], [1, -1, 1], [-1, 0, -1]]",0.0,0.0,0.0,,,,,0.0,
"[[0, 0, 0], [1, -1, 0], [-1, 1, -1]]",2.5,0.0,2.0,,,0.0,,,
"[[0, 0, 0], [1, -1, 0], [-1, -1, 1]]",0.0,1.0,7.5,,,0.0,,,
"[[0, 0, 0], [1, -1, 1], [0, -1, -1]]",1.0,0.0,0.0,,,,0.0,,
"[[0, 0, 0], [1, -1, 0], [1, -1, -1]]",18.0,1.0,2.0,,,4.0,,,
"[[0, 0, 0], [0, -1, 1], [-1, 1, -1]]",2.5,0.0,1.5,0.0,,,,,
"[[0, 0, 0], [0, -1, 1], [-1, -1, 1]]",0.0,2.0,12.0,0.0,,,,,
"[[0, 0, 0], [0, -1, 1], [1, -1, -1]]",7.0,2.0,0.0,2.0,,,,,
"[[0, 0, 0], [0, -1, -1], [1, 1, -1]]",2.0,0.0,0.0,1.0,,,,,
"[[0, 0, 0], [0, -1, -1], [1, -1, 1]]",3.0,0.5,0.0,9.5,,,,,
"[[0, 0, 0], [0, -1, -1], [-1, 1, 1]]",0.0,0.0,8.5,3.5,,,,,
"[[1, 1, 0], [0, 0, -1], [-1, -1, 0]]",,,20.0,1.0,1.0,,,,7.0
"[[1, 1, 0], [0, 0, -1], [-1, 0, -1]]",,,18.0,0.0,1.0,,,1.0,
"[[1, 0, 1], [0, 0, -1], [-1, -1, 0]]",,6.0,,4.0,4.0,,,,5.0
"[[1, 0, 1], [0, 0, -1], [-1, 0, -1]]",,34.0,,3.0,1.0,,,0.0,
"[[1, 0, 0], [1, 0, -1], [-1, -1, 0]]",,0.0,0.0,,1.0,,,,1.0
"[[1, 0, 0], [1, 0, -1], [-1, 0, -1]]",,1.0,1.0,,0.0,,,2.0,
"[[1, 0, 0], [0, 1, -1], [-1, -1, 0]]",,3.0,5.0,5.0,,,,,22.0
"[[1, 0, 0], [0, 1, -1], [-1, 0, -1]]",,1.0,2.0,0.0,,,,6.0,
"[[1, 0, 0], [0, 0, -1], [-1, 1, -1]]",,1.0,2.0,1.0,5.0,,,,
"[[1, 0, 0], [0, 0, -1], [-1, -1, 1]]",,2.0,1.0,3.0,20.0,,,,
"[[1, 1, 0], [0, 0, -1], [0, -1, -1]]",,,14.0,1.0,0.0,,3.0,,
"[[1, 0, 1], [0, 0, -1], [0, -1, -1]]",,16.0,,2.0,4.0,,6.0,,
"[[1, 0, 0], [1, 0, -1], [0, -1, -1]]",,1.0,4.0,,0.0,,8.0,,
"[[1, 0, 0], [0, 1, -1], [0, -1, -1]]",,3.0,8.0,3.0,,,4.0,,
"[[1, 0, 0], [0, 0, -1], [1, -1, -1]]",,3.0,6.0,6.0,1.0,,,,
"[[0, 1, 1], [0, 0, -1], [-1, -1, 0]]",10.0,,,2.0,2.0,,,,6.0
"[[0, 1, 1], [0, 0, -1], [-1, 0, -1]]",10.0,,,0.0,2.0,,,5.0,
"[[0, 1, 0], [1, 0, -1], [-1, -1, 0]]",0.0,,1.5,,2.0,,,,2.0
"[[0, 1, 0], [1, 0, -1], [-1, 0, -1]]",0.0,,0.0,,0.0,,,0.0,
"[[0, 1, 0], [0, 1, -1], [-1, -1, 0]]",0.0,,0.0,1.5,,,,,5.5
"[[0, 1, 0], [0, 1, -1], [-1, 0, -1]]",4.0,,5.0,1.0,,,,36.0,
"[[0, 1, 0], [0, 0, -1], [-1, 1, -1]]",1.0,,0.0,1.0,8.0,,,,
"[[0, 1, 0], [0, 0, -1], [-1, -1, 1]]",1.0,,2.0,0.5,3.0,,,,
"[[0, 1, 1], [0, 0, -1], [0, -1, -1]]",20.0,,,0.0,6.0,,4.0,,
"[[0, 1, 0], [1, 0, -1], [0, -1, -1]]",3.0,,0.0,,0.0,,1.0,,
"[[0, 1, 0], [0, 1, -1], [0, -1, -1]]",3.0,,6.0,0.0,,,1.0,,
"[[0, 1, 0], [0, 0, -1], [1, -1, -1]]",1.0,,3.0,1.0,2.0,,,,
"[[0, 0, 1], [1, 0, -1], [-1, -1, 0]]",3.0,4.0,,,2.0,,,,2.5
"[[0, 0, 1], [1, 0, -1], [-1, 0, -1]]",8.0,0.0,,,0.5,,,1.5,
"[[0, 0, 1], [0, 1, -1], [-1, -1, 0]]",2.0,2.0,,0.5,,,,,5.5
"[[0, 0, 1], [0, 1, -1], [-1, 0, -1]]",2.0,11.0,,3.5,,,,4.5,
"[[0, 0, 1], [0, 0, -1], [-1, 1, -1]]",2.0,2.0,,1.0,4.5,,,,
"[[0, 0, 1], [0, 0, -1], [-1, -1, 1]]",6.0,9.0,,3.0,3.5,,,,
"[[0, 0, 1], [1, 0, -1], [0, -1, -1]]",0.0,1.0,,,1.0,,8.0,,
"[[0, 0, 1], [0, 1, -1], [0, -1, -1]]",3.0,4.0,,4.0,,,22.0,,
"[[0, 0, 1], [0, 0, -1], [1, -1, -1]]",9.0,1.0,,6.0,6.0,,,,
"[[0, 0, 0], [1, 1, -1], [-1, -1, 0]]",4.0,2.0,2.0,,,,,,7.5
"[[0, 0, 0], [1, 1, -1], [-1, 0, -1]]",0.0,0.0,1.5,,,,,1.0,
"[[0, 0, 0], [1, 0, -1], [-1, 1, -1]]",2.0,2.0,0.5,,3.5,,,,
"[[0, 0, 0], [1, 0, -1], [-1, -1, 1]]",2.0,5.5,2.0,,1.5,,,,
"[[0, 0, 0], [1, 1, -1], [0, -1, -1]]",2.0,0.0,1.0,,,,4.0,,
"[[0, 0, 0], [1, 0, -1], [1, -1, -1]]",24.0,1.0,5.0,,3.0,,,,
"[[0, 0, 0], [0, 1, -1], [-1, 1, -1]]",2.0,16.0,5.0,3.0,,,,,
"[[0, 0, 0], [0, 1, -1], [-1, -1, 1]]",26.0,7.0,3.0,2.5,,,,,
"[[0, 0, 0], [0, 1, -1], [1, -1, -1]]",6.0,9.0,10.0,1.0,,,,,
"[[-1, 1, -1], [1, -1, 1], [0, 0, 0]]",,,,,,,0.0,0.0,0.0
"[[-1, 1, -1], [1, -1, 0], [1, 0, 0]]",,,,,,0.5,,3.0,0.0
"[[-1, 1, -1], [1, -1, 0], [0, 1, 0]]",,,,,,0.0,0.0,,0.0
"[[-1, 1, -1], [1, -1, 0], [0, 0, 1]]",,,,,,1.0,0.0,2.0,
"[[-1, 1, -1], [1, 1, -1], [0, 0, 0]]",,,,,,,0.5,1.5,0.0
"[[-1, 1, -1], [1, 0, -1], [1, 0, 0]]",,,,,0.0,,,1.5,0.0
"[[-1, 1, -1], [1, 0, -1], [0, 1, 0]]",,,,,0.0,,-6.0,,0.0
"[[-1, 1, -1], [1, 0, -1], [0, 0, 1]]",,,,,2.5,,0.5,1.0,
"[[-1, 1, -1], [1, 1, 0], [-1, 0, 0]]",,,,,,-6.0,,-4.5,-4.0
"[[-1, 1, -1], [1, 0, 1], [-1, 0, 0]]",,,,,0.0,,,-2.0,0.0
"[[-1, 1, -1], [1, 0, 0], [-1, 1, 0]]",,,,,0.0,-4.0,,,-4.0
"[[-1, 1, -1], [1, 0, 0], [-1, 0, 1]]",,,,,0.0,0.0,,0.0,
"[[-1, 1, -1], [1, 1, 0], [0, -1, 0]]",,,,,,3.0,0.5,,-4.0
"[[-1, 1, -1], [1, 0, 1], [0, -1, 0]]",,,,,0.0,,-4.0,,0.0
"[[-1, 1, -1], [1, 0, 0], [1, -1, 0]]",,,,,1.0,1.0,,,0.0
"[[-1, 1, -1], [1, 0, 0], [0, -1, 1]]",,,,,0.5,2.5,0.5,,
"[[-1, 1, -1], [1, 1, 0], [0, 0, -1]]",,,,,,0.0,-4.0,0.0,
"[[-1, 1, -1], [1, 0, 1], [0, 0, -1]]",,,,,0.0,,-2.0,-6.0,
"[[-1, 1, -1], [1, 0, 0], [1, 0, -1]]",,,,,0.0,0.0,,0.0,
"[[-1, 1, -1], [1, 0, 0], [0, 1, -1]]",,,,,0.0,0.0,-2.0,,
"[[-1, 1, -1], [-1, 1, 1], [0, 0, 0]]",,,,,,,0.0,2.5,0.0
"[[-1, 1, -1], [-1, 1, 0], [1, 0, 0]]",,,,,,-3.5,,4.5,-1.5
"[[-1, 1, -1], [-1, 1, 0], [0, 0, 1]]",,,,,,-4.0,0.0,0.0,
"[[-1, 1, -1], [0, 1, -1], [1, 0, 0]]",,,,-1.5,,,,1.0,0.0
"[[-1, 1, -1], [0, 1, -1], [0, 0, 1]]",,,,-2.5,,,-8.0,4.5,
"[[-1, 1, -1], [0, 1, 1], [-1, 0, 0]]",,,,0.0,,,,-10.0,-8.0
"[[-1, 1, -1], [0, 1, 0], [-1, 0, 1]]",,,,0.0,,0.0,,2.5,
"[[-1, 1, -1], [0, 1, 1], [0, -1, 0]]",,,,1.0,,,0.0,,-4.5
"[[-1, 1, -1], [0, 1, 0], [1, -1, 0]]",,,,2.5,,2.0,,,5.5
"[[-1, 1, -1], [0, 1, 0], [0, -1, 1]]",,,,0.5,,0.5,2.5,,
"[[-1, 1, -1], [0, 1, 1], [0, 0, -1]]",,,,-3.5,,,-10.0,-5.5,
"[[-1, 1, -1], [0, 1, 0], [1, 0, -1]]",,,,-4.0,,0.0,,1.0,
"[[-1, 1, -1], [-1, 0, 1], [1, 0, 0]]",,,,,1.0,,,1.0,0.0
"[[-1, 1, -1], [-1, 0, 1], [0, 1, 0]]",,,,,0.0,,0.0,,0.0
"[[-1, 1, -1], [-1, 0, 1], [0, 0, 1]]",,,,,0.5,,0.0,1.5,
"[[-1, 1, -1], [0, -1, 1], [1, 0, 0]]",,,,2.5,,,,2.0,0.0
"[[-1, 1, -1], [0, -1, 1], [0, 1, 0]]",,,,0.0,,,0.0,,0.0
"[[-1, 1, -1], [0, -1, 1], [0, 0, 1]]",,,,1.0,,,0.0,2.5,
"[[-1, 1, -1], [0, 0, 1], [-1, 1, 0]]",,,,0.0,0.0,,,,0.0
"[[-1, 1, -1], [0, 0, 1], [-1, 0, 1]]",,,,0.0,0.0,,,0.0,
"[[-1, 1, -1], [0, 0, 1], [1, -1, 0]]",,,,1.5,0.0,,,,0.5
"[[-1, 1, -1], [0, 0, 1], [0, -1, 1]]",,,,0.0,2.5,,0.0,,
"[[-1, 1, -1], [0, 0, 1], [1, 0, -1]]",,,,1.0,0.0,,,0.0,
"[[-1, 1, -1], [0, 0, 1], [0, 1, -1]]",,,,0.0,0.0,,0.0,,
"[[-1, 1, -1], [-1, 0, 0], [1, 1, 0]]",,,,,-4.0,-8.0,,,-4.0
"[[-1, 1, -1], [-1, 0, 0], [1, 0, 1]]",,,,,0.5,-1.5,,1.0,
"[[-1, 1, -1], [0, -1, 0], [1, 1, 0]]",,,,-4.0,,-2.0,,,0.0
"[[-1, 1, -1], [0, -1, 0], [1, 0, 1]]",,,,-9.5,,-5.5,,4.0,
"[[-1, 1, -1], [0, 0, -1], [1, 1, 0]]",,,,-4.0,-6.0,,,,0.0
"[[-1, 1, -1], [0, 0, -1], [1, 0, 1]]",,,,-3.5,-1.5,,,2.5,
"[[-1, 1, -1], [0, 0, 0], [1, -1, 1]]",,,,5.0,1.0,2.5,,,
"[[-1, 1, -1], [0, 0, 0], [1, 1, -1]]",,,,-4.0,0.0,0.0,,,
"[[-1, 1, -1], [-1, 0, 0], [0, 1, 1]]",,,,,0.0,0.0,0.0,,
"[[-1, 1, -1], [0, -1, 0], [0, 1, 1]]",,,,-2.0,,-2.0,0.0,,
"[[-1, 1, -1], [0, 0, -1], [0, 1, 1]]",,,,-10.0,-4.0,,-4.0,,
"[[-1, 1, -1], [0, 0, 0], [-1, 1, 1]]",,,,0.0,0.0,0.0,,,
"[[-1, 1, 1], [-1, -1, 1], [0, 0, 0]]",,,,,,,0.0,-2.0,0.0
"[[-1, 1, 1], [-1, -1, 0], [1, 0, 0]]",,,,,,0.0,,0.0,0.0
"[[-1, 1, 1], [-1, -1, 0], [0, 1, 0]]",,,,,,0.0,0.0,,0.0
"[[-1, 1, 1], [-1, -1, 0], [0, 0, 1]]",,,,,,0.0,0.0,-4.0,
"[[-1, 1, 1], [-1, 1, -1], [0, 0, 0]]",,,,,,,0.0,-4.0,-6.0
"[[-1, 1, 1], [-1, 0, -1], [1, 0, 0]]",,,,,0.0,,,-2.0,0.0
"[[-1, 1, 1], [-1, 0, -1], [0, 1, 0]]",,,,,0.0,,0.0,,-4.0
"[[-1, 1, 1], [-1, 0, -1], [0, 0, 1]]",,,,,0.0,,0.0,0.0,
"[[-1, 1, 1], [-1, 1, 0], [0, -1, 0]]",,,,,,-2.0,0.0,,-6.0
"[[-1, 1, 1], [-1, 0, 1], [0, -1, 0]]",,,,,-8.0,,0.0,,0.0
"[[-1, 1, 1], [-1, 0, 0], [1, -1, 0]]",,,,,0.0,-4.0,,,-2.0
"[[-1, 1, 1], [-1, 0, 0], [0, -1, 1]]",,,,,0.0,0.0,0.0,,
"[[-1, 1, 1], [-1, 1, 0], [0, 0, -1]]",,,,,,-4.0,0.0,-2.0,
"[[-1, 1, 1], [-1, 0, 1], [0, 0, -1]]",,,,,0.0,,0.0,0.0,
"[[-1, 1, 1], [-1, 0, 0], [1, 0, -1]]",,,,,0.0,-4.0,,-2.0,
"[[-1, 1, 1], [-1, 0, 0], [0, 1, -1]]",,,,,0.0,-4.0,0.0,,
"[[-1, 1, 0], [-1, 1, -1], [1, 0, 0]]",,,-5.5,,,,,1.5,-2.0
"[[-1, 1, 0], [-1, 1, -1], [0, 0, 1]]",,,-2.5,,,,0.0,0.5,
"[[-1, 1, 0], [-1, 1, 1], [0, -1, 0]]",,,3.0,,,,0.0,,1.0
"[[-1, 1, 0], [-1, 1, 0], [1, -1, 0]]",,,2.0,,,-7.0,,,-1.0
"[[-1, 1, 0], [-1, 1, 0], [0, -1, 1]]",,,2.5,,,0.0,0.0,,
"[[-1, 1, 0], [-1, 1, 1], [0, 0, -1]]",,,-1.0,,,,0.0,0.0,
"[[-1, 1, 0], [-1, 1, 0], [1, 0, -1]]",,,-1.5,,,-6.0,,-1.5,
"[[-1, 1, 0], [-1, -1, 1], [1, 0, 0]]",,,1.5,,,,,0.5,0.0
"[[-1, 1, 0], [-1, -1, 1], [0, 1, 0]]",,,0.0,,,,0.0,,0.0
"[[-1, 1, 0], [-1, -1, 1], [0, 0, 1]]",,,3.0,,,,0.0,-1.0,
"[[-1, 1, 0], [-1, 0, 1], [1, -1, 0]]",,,2.5,,2.0,,,,0.0
"[[-1, 1, 0], [-1, 0, 1], [0, -1, 1]]",,,2.5,,-1.5,,0.0,,
"[[-1, 1, 0], [-1, 0, 1], [1, 0, -1]]",,,0.0,,0.0,,,0.0,
"[[-1, 1, 0], [-1, 0, 1], [0, 1, -1]]",,,0.0,,0.0,,0.0,,
"[[-1, 1, 0], [-1, -1, 0], [1, 1, 0]]",,,-4.0,,,0.0,,,0.0
"[[-1, 1, 0], [-1, -1, 0], [1, 0, 1]]",,,0.5,,,0.0,,2.0,
"[[-1, 1, 0], [-1, 0, -1], [1, 1, 0]]",,,-2.0,,0.0,,,,-2.0
"[[-1, 1, 0], [-1, 0, -1], [1, 0, 1]]",,,0.0,,0.0,,,2.0,
"[[-1, 1, 0], [-1, 0, 0], [1, -1, 1]]",,,0.0,,1.5,0.0,,,
"[[-1, 1, 0], [-1, 0, 0], [1, 1, -1]]",,,0.0,,0.0,-2.0,,,
"[[-1, 1, 0], [-1, -1, 0], [0, 1, 1]]",,,0.0,,,0.0,0.0,,
"[[-1, 1, 0], [-1, 0, -1], [0, 1, 1]]",,,-6.0,,0.0,,0.0,,
"[[-1, 1, 1], [1, -1, -1], [0, 0, 0]]",,,,,,,3.5,3.5,0.0
"[[-1, 1, 1], [0, -1, -1], [1, 0, 0]]",,,,0.0,,,,0.0,0.0
"[[-1, 1, 1], [0, -1, -1], [0, 1, 0]]",,,,0.0,,,0.0,,0.0
"[[-1, 1, 1], [0, -1, -1], [0, 0, 1]]",,,,0.0,,,1.5,0.0,
"[[-1, 1, 1], [1, -1, 0], [-1, 0, 0]]",,,,,,1.5,,0.5,0.0
"[[-1, 1, 1], [0, -1, 1], [-1, 0, 0]]",,,,0.0,,,,-2.0,0.0
"[[-1, 1, 1], [0, -1, 0], [-1, 1, 0]]",,,,0.0,,0.0,,,0.0
"[[-1, 1, 1], [0, -1, 0], [-1, 0, 1]]",,,,0.0,,1.0,,1.5,
"[[-1, 1, 1], [1, -1, 0], [0, -1, 0]]",,,,,,0.5,1.5,,0.0
"[[-1, 1, 1], [0, -1, 1], [0, -1, 0]]",,,,-8.0,,,-6.0,,0.0
"[[-1, 1, 1], [0, -1, 0], [1, -1, 0]]",,,,0.0,,0.0,,,0.0
"[[-1, 1, 1], [0, -1, 0], [0, -1, 1]]",,,,-6.0,,6.0,-13.5,,
"[[-1, 1, 0], [1, -1, -1], [1, 0, 0]]",,,0.5,,,,,0.0,0.0
"[[-1, 1, 0], [1, -1, -1], [0, 1, 0]]",,,0.0,,,,0.0,,0.0
"[[-1, 1, 0], [1, -1, -1], [0, 0, 1]]",,,1.5,,,,4.0,8.0,
"[[-1, 1, 0], [1, -1, 1], [-1, 0, 0]]",,,0.0,,,,,0.0,0.0
"[[-1, 1, 0], [1, -1, 0], [-1, 1, 0]]",,,0.0,,,0.0,,,0.0
"[[-1, 1, 0], [1, -1, 0], [-1, 0, 1]]",,,0.0,,,2.0,,0.0,
"[[-1, 1, 0], [1, -1, 1], [0, -1, 0]]",,,0.0,,,,0.0,,0.0
"[[-1, 1, 0], [1, -1, 0], [1, -1, 0]]",,,2.0,,,1.0,,,0.0
"[[-1, 1, 0], [1, -1, 0], [0, -1, 1]]",,,1.5,,,3.0,1.5,,
"[[-1, 1, 0], [0, -1, 1], [-1, 1, 0]]",,,0.0,0.0,,,,,0.0
"[[-1, 1, 0], [0, -1, 1], [-1, 0, 1]]",,,0.0,0.0,,,,-4.0,
"[[-1, 1, 0], [0, -1, 1], [1, -1, 0]]",,,2.0,0.5,,,,,0.0
"[[-1, 1, 0], [0, -1, 1], [0, -1, 1]]",,,0.5,-1.5,,,0.0,,
"[[-1, 1, 0], [0, -1, -1], [1, 1, 0]]",,,-6.0,0.0,,,,,0.0
"[[-1, 1, 0], [0, -1, -1], [1, 0, 1]]",,,-2.5,0.0,,,,1.0,
"[[-1, 1, 0], [0, -1, 0], [1, -1, 1]]",,,5.5,2.5,,0.5,,,
"[[-1, 1, 0], [0, -1, -1], [0, 1, 1]]",,,-8.0,0.0,,,0.0,,
"[[-1, 1, 0], [0, -1, 0], [-1, 1, 1]]",,,0.0,0.0,,0.0,,,
"[[-1, 1, 1], [1, 0, -1], [-1, 0, 0]]",,,,,1.0,,,0.0,0.0
"[[-1, 1, 1], [0, 1, -1], [-1, 0, 0]]",,,,0.0,,,,0.0,-6.0
"[[-1, 1, 1], [0, 0, -1], [-1, 1, 0]]",,,,0.0,0.0,,,,-2.0
"[[-1, 1, 1], [0, 0, -1], [-1, 0, 1]]",,,,0.0,3.5,,,0.5,
"[[-1, 1, 1], [1, 0, -1], [0, -1, 0]]",,,,,2.5,,2.5,,0.0
"[[-1, 1, 1], [0, 1, -1], [0, -1, 0]]",,,,-2.0,,,0.0,,-2.0
"[[-1, 1, 1], [0, 0, -1], [1, -1, 0]]",,,,-4.0,0.0,,,,0.0
"[[-1, 1, 1], [0, 0, -1], [0, -1, 1]]",,,,0.0,1.0,,0.0,,
"[[-1, 1, 1], [1, 0, -1], [0, 0, -1]]",,,,,0.0,,0.0,0.0,
"[[-1, 1, 1], [0, 1, -1], [0, 0, -1]]",,,,-2.0,,,-4.0,-8.0,
"[[-1, 1, 1], [0, 0, -1], [1, 0, -1]]",,,,-2.0,0.0,,,-2.0,
"[[-1, 1, 1], [0, 0, -1], [0, 1, -1]]",,,,0.0,0.0,,-2.0,,
"[[-1, 1, 0], [1, 1, -1], [-1, 0, 0]]",,,-5.0,,,,,0.5,-6.0
"[[-1, 1, 0], [1, 0, -1], [-1, 1, 0]]",,,-2.0,,0.0,,,,-6.0
"[[-1, 1, 0], [1, 0, -1], [-1, 0, 1]]",,,1.0,,0.5,,,1.5,
"[[-1, 1, 0], [1, 1, -1], [0, -1, 0]]",,,1.0,,,,2.5,,0.0
"[[-1, 1, 0], [1, 0, -1], [1, -1, 0]]",,,0.5,,1.0,,,,0.0
"[[-1, 1, 0], [1, 0, -1], [0, -1, 1]]",,,0.5,,0.5,,2.5,,
"[[-1, 1, 0], [1, 1, -1], [0, 0, -1]]",,,0.0,,,,0.0,0.0,
"[[-1, 1, 0], [1, 0, -1], [1, 0, -1]]",,,0.0,,0.0,,,0.0,
"[[-1, 1, 0], [1, 0, -1], [0, 1, -1]]",,,0.0,,0.0,,0.0,,
"[[-1, 1, 0], [0, 1, -1], [-1, 0, 1]]",,,-5.5,0.0,,,,1.5,
"[[-1, 1, 0], [0, 1, -1], [1, -1, 0]]",,,1.5,-1.0,,,,,-4.0
"[[-1, 1, 0], [0, 1, -1], [0, -1, 1]]",,,1.0,1.5,,,0.5,,
"[[-1, 1, 0], [0, 1, -1], [1, 0, -1]]",,,0.0,-6.0,,,,-4.0,
"[[-1, 1, 0], [0, 0, -1], [1, -1, 1]]",,,1.0,1.0,1.0,,,,
"[[-1, 1, 0], [0, 0, -1], [1, 1, -1]]",,,0.0,-2.0,0.0,,,,
"[[-1, 1, 0], [0, 0, -1], [-1, 1, 1]]",,,-6.0,0.0,0.0,,,,
"[[-1, 1, 1], [1, 0, 0], [-1, -1, 0]]",,,,,0.0,0.0,,,0.0
"[[-1, 1, 1], [0, 1, 0], [-1, -1, 0]]",,,,0.0,,0.0,,,0.0
"[[-1, 1, 1], [0, 0, 1], [-1, -1, 0]]",,,,0.0,-2.0,,,,0.0
"[[-1, 1, 1], [0, 0, 0], [-1, -1, 1]]",,,,0.0,-3.0,1.5,,,
"[[-1, 1, 1], [1, 0, 0], [-1, 0, -1]]",,,,,0.0,0.0,,0.0,
"[[-1, 1, 1], [0, 1, 0], [-1, 0, -1]]",,,,0.0,,-6.0,,0.0,
"[[-1, 1, 1], [0, 0, 1], [-1, 0, -1]]",,,,0.0,0.0,,,0.0,
"[[-1, 1, 1], [0, 0, 0], [-1, 1, -1]]",,,,0.0,0.0,0.0,,,
"[[-1, 1, 0], [1, 1, 0], [-1, -1, 0]]",,,-6.0,,,3.0,,,0.0
"[[-1, 1, 0], [1, 0, 1], [-1, -1, 0]]",,,-2.0,,0.0,,,,0.0
"[[-1, 1, 0], [1, 0, 0], [-1, -1, 1]]",,,1.0,,1.5,2.0,,,
"[[-1, 1, 0], [1, 1, 0], [-1, 0, -1]]",,,-2.0,,,-2.0,,0.0,
"[[-1, 1, 0], [1, 0, 1], [-1, 0, -1]]",,,-2.0,,0.0,,,0.0,
"[[-1, 1, 0], [1, 0, 0], [-1, 1, -1]]",,,-2.0,,0.0,-2.0,,,
"[[-1, 1, 0], [0, 1, 1], [-1, -1, 0]]",,,-2.0,0.0,,,,,0.0
"[[-1, 1, 0], [0, 1, 0], [-1, -1, 1]]",,,0.0,0.0,,0.0,,,
"[[-1, 1, 0], [0, 1, 1], [-1, 0, -1]]",,,-6.0,0.0,,,,0.0,
"[[-1, 1, 0], [0, 0, 1], [-1, -1, 1]]",,,0.0,0.0,-6.0,,,,
"[[-1, 1, 0], [0, 0, 1], [-1, 1, -1]]",,,-4.0,0.0,0.0,,,,
"[[-1, 1, 1], [1, 0, 0], [0, -1, -1]]",,,,,0.0,0.0,0.0,,
"[[-1, 1, 1], [0, 1, 0], [0, -1, -1]]",,,,0.0,,-4.0,0.0,,
"[[-1, 1, 1], [0, 0, 1], [0, -1, -1]]",,,,0.0,0.0,,0.0,,
"[[-1, 1, 1], [0, 0, 0], [1, -1, -1]]",,,,-4.0,0.0,-2.0,,,
"[[-1, 1, 0], [1, 1, 0], [0, -1, -1]]",,,-2.0,,,0.0,0.0,,
"[[-1, 1, 0], [1, 0, 1], [0, -1, -1]]",,,-2.0,,0.0,,0.0,,
"[[-1, 1, 0], [1, 0, 0], [1, -1, -1]]",,,0.0,,0.0,0.0,,,
"[[-1, 1, 0], [0, 1, 1], [0, -1, -1]]",,,-6.0,3.5,,,0.0,,
"[[-1, 1, 0], [0, 1, 0], [1, -1, -1]]",,,0.5,1.0,,-2.0,,,
"[[-1, 1, 0], [0, 0, 1], [1, -1, -1]]",,,0.5,0.5,0.0,,,,
"[[-1, -1, 1], [1, -1, 1], [0, 0, 0]]",,,,,,,-6.0,0.0,0.0
"[[-1, -1, 1], [1, -1, 0], [1, 0, 0]]",,,,,,0.0,,0.0,0.0
"[[-1, -1, 1], [1, -1, 0], [0, 1, 0]]",,,,,,0.0,1.0,,0.0
"[[-1, -1, 1], [1, -1, 0], [0, 0, 1]]",,,,,,0.5,-2.5,0.0,
"[[-1, -1, 1], [1, 1, -1], [0, 0, 0]]",,,,,,,1.5,-11.5,-3.5
"[[-1, -1, 1], [1, 0, -1], [1, 0, 0]]",,,,,0.0,,,-2.0,0.0
"[[-1, -1, 1], [1, 0, -1], [0, 1, 0]]",,,,,0.5,,2.0,,1.0
"[[-1, -1, 1], [1, 0, -1], [0, 0, 1]]",,,,,1.0,,2.0,0.5,
"[[-1, -1, 1], [1, 1, 0], [-1, 0, 0]]",,,,,,0.5,,-6.0,-2.5
"[[-1, -1, 1], [1, 0, 1], [-1, 0, 0]]",,,,,-4.0,,,-12.0,-2.0
"[[-1, -1, 1], [1, 0, 0], [-1, 1, 0]]",,,,,1.5,1.0,,,0.5
"[[-1, -1, 1], [1, 0, 0], [-1, 0, 1]]",,,,,0.5,2.0,,-3.5,
"[[-1, -1, 1], [1, 1, 0], [0, -1, 0]]",,,,,,-1.5,-1.5,,-6.0
"[[-1, -1, 1], [1, 0, 1], [0, -1, 0]]",,,,,0.0,,-2.0,,-6.0
"[[-1, -1, 1], [1, 0, 0], [1, -1, 0]]",,,,,0.0,0.0,,,-2.0
"[[-1, -1, 1], [1, 0, 0], [0, -1, 1]]",,,,,0.0,0.5,-3.5,,
"[[-1, -1, 1], [1, 1, 0], [0, 0, -1]]",,,,,,-4.0,-3.5,-2.0,
"[[-1, -1, 1], [1, 0, 1], [0, 0, -1]]",,,,,0.0,,-2.0,-2.0,
"[[-1, -1, 1], [1, 0, 0], [1, 0, -1]]",,,,,0.0,0.0,,0.0,
"[[-1, -1, 1], [1, 0, 0], [0, 1, -1]]",,,,,0.0,1.5,1.5,,
"[[-1, -1, 1], [-1, 1, 1], [0, 0, 0]]",,,,,,,0.0,-8.0,-4.0
"[[-1, -1, 1], [-1, 1, 0], [0, 1, 0]]",,,,,,-2.0,0.0,,-6.0
"[[-1, -1, 1], [-1, 1, 0], [0, 0, 1]]",,,,,,-6.0,0.0,-4.0,
"[[-1, -1, 1], [0, 1, -1], [0, 1, 0]]",,,,-2.0,,,0.5,,-1.0
"[[-1, -1, 1], [0, 1, -1], [0, 0, 1]]",,,,-6.0,,,1.0,-4.0,
"[[-1, -1, 1], [0, 1, 1], [-1, 0, 0]]",,,,0.0,,,,-8.0,-2.0
"[[-1, -1, 1], [0, 1, 0], [-1, 1, 0]]",,,,0.0,,2.5,,,4.0
"[[-1, -1, 1], [0, 1, 0], [-1, 0, 1]]",,,,0.0,,2.5,,0.5,
"[[-1, -1, 1], [0, 1, 1], [0, -1, 0]]",,,,-4.0,,,-4.0,,-6.0
"[[-1, -1, 1], [0, 1, 0], [0, -1, 1]]",,,,-2.0,,-2.0,0.0,,
"[[-1, -1, 1], [0, 1, 1], [0, 0, -1]]",,,,-2.0,,,-4.0,-6.0,
"[[-1, -1, 1], [0, 1, 0], [0, 1, -1]]",,,,-6.0,,1.0,0.5,,
"[[-1, -1, 1], [-1, 0, 1], [1, 0, 0]]",,,,,-4.0,,,-6.0,-2.0
"[[-1, -1, 1], [-1, 0, 1], [0, 1, 0]]",,,,,-2.0,,0.0,,0.0
"[[-1, -1, 1], [0, -1, 1], [1, 0, 0]]",,,,-8.0,,,,0.0,0.0
"[[-1, -1, 1], [0, -1, 1], [0, 1, 0]]",,,,0.0,,,-4.0,,0.0
"[[-1, -1, 1], [0, 0, 1], [-1, 1, 0]]",,,,0.0,-4.0,,,,0.0
"[[-1, -1, 1], [0, 0, 1], [1, -1, 0]]",,,,-6.0,0.0,,,,-2.0
"[[-1, -1, 1], [0, 0, 1], [1, 0, -1]]",,,,-4.0,0.0,,,-4.0,
"[[-1, -1, 1], [0, 0, 1], [0, 1, -1]]",,,,0.0,0.0,,0.0,,
"[[-1, -1, 1], [-1, 0, 0], [1, 1, 0]]",,,,,-2.0,0.0,,,0.0
"[[-1, -1, 1], [-1, 0, 0], [1, 0, 1]]",,,,,-8.0,-2.0,,-4.0,
"[[-1, -1, 1], [0, -1, 0], [1, 1, 0]]",,,,-10.0,,-6.0,,,0.0
"[[-1, -1, 1], [0, -1, 0], [1, 0, 1]]",,,,-4.0,,-8.0,,0.0,
"[[-1, -1, 1], [0, 0, -1], [1, 1, 0]]",,,,-4.0,-2.0,,,,-2.0
"[[-1, -1, 1], [0, 0, -1], [1, 0, 1]]",,,,-4.0,-2.0,,,-4.0,
"[[-1, -1, 1], [0, 0, 0], [1, -1, 1]]",,,,-2.0,0.0,0.0,,,
"[[-1, -1, 1], [0, 0, 0], [1, 1, -1]]",,,,0.0,0.0,0.0,,,
"[[-1, -1, 1], [-1, 0, 0], [0, 1, 1]]",,,,,-6.0,-2.0,0.0,,
"[[-1, -1, 1], [0, -1, 0], [0, 1, 1]]",,,,-2.0,,1.5,0.5,,
"[[-1, -1, 1], [0, 0, -1], [0, 1, 1]]",,,,0.0,0.0,,1.5,,
"[[-1, -1, 1], [0, 0, 0], [-1, 1, 1]]",,,,0.0,-2.0,1.5,,,
"[[-1, 0, 1], [-1, 1, -1], [0, 1, 0]]",,-8.0,,,,,0.0,,-4.0
"[[-1, 0, 1], [-1, 1, -1], [0, 0, 1]]",,-4.0,,,,,0.0,-2.0,
"[[-1, 0, 1], [-1, 1, 1], [0, -1, 0]]",,-4.0,,,,,0.0,,0.0
"[[-1, 0, 1], [-1, 1, 0], [0, -1, 1]]",,-8.0,,,,-4.0,0.0,,
"[[-1, 0, 1], [-1, 1, 1], [0, 0, -1]]",,-10.0,,,,,0.0,-2.0,
"[[-1, 0, 1], [-1, 1, 0], [0, 1, -1]]",,-4.0,,,,-8.0,0.0,,
"[[-1, 0, 1], [-1, -1, 1], [1, 0, 0]]",,0.0,,,,,,0.0,0.0
"[[-1, 0, 1], [-1, -1, 1], [0, 1, 0]]",,-2.0,,,,,0.0,,0.0
"[[-1, 0, 1], [-1, 0, 1], [1, -1, 0]]",,-2.0,,,-2.0,,,,0.0
"[[-1, 0, 1], [-1, 0, 1], [1, 0, -1]]",,-2.0,,,0.0,,,-2.0,
"[[-1, 0, 1], [-1, 0, 1], [0, 1, -1]]",,0.0,,,0.0,,0.0,,
"[[-1, 0, 1], [-1, -1, 0], [1, 1, 0]]",,-4.0,,,,0.0,,,0.0
"[[-1, 0, 1], [-1, -1, 0], [1, 0, 1]]",,-8.0,,,,0.0,,-6.0,
"[[-1, 0, 1], [-1, 0, -1], [1, 1, 0]]",,-2.0,,,0.0,,,,-2.0
"[[-1, 0, 1], [-1, 0, -1], [1, 0, 1]]",,-8.0,,,0.0,,,-4.0,
"[[-1, 0, 1], [-1, 0, 0], [1, -1, 1]]",,-8.0,,,-2.0,0.0,,,
"[[-1, 0, 1], [-1, 0, 0], [1, 1, -1]]",,0.0,,,0.0,-2.0,,,
"[[-1, 0, 1], [-1, -1, 0], [0, 1, 1]]",,-6.0,,,,0.0,0.0,,
"[[-1, 0, 1], [-1, 0, -1], [0, 1, 1]]",,-2.0,,,0.0,,0.0,,
"[[-1, 0, 1], [1, -1, -1], [1, 0, 0]]",,0.0,,,,,,0.0,0.0
"[[-1, 0, 1], [1, -1, -1], [0, 1, 0]]",,0.0,,,,,0.0,,0.0
"[[-1, 0, 1], [1, -1, -1], [0, 0, 1]]",,2.5,,,,,8.5,1.5,
"[[-1, 0, 1], [1, -1, 1], [-1, 0, 0]]",,-4.0,,,,,,-10.0,0.0
"[[-1, 0, 1], [1, -1, 0], [-1, 1, 0]]",,2.0,,,,1.5,,,0.0
"[[-1, 0, 1], [1, -1, 0], [-1, 0, 1]]",,-9.5,,,,5.5,,-3.5,
"[[-1, 0, 1], [1, -1, 1], [0, -1, 0]]",,0.0,,,,,-10.0,,0.0
"[[-1, 0, 1], [1, -1, 0], [1, -1, 0]]",,0.0,,,,0.0,,,0.0
"[[-1, 0, 1], [1, -1, 0], [0, -1, 1]]",,0.0,,,,1.0,-6.5,,
"[[-1, 0, 1], [0, -1, 1], [-1, 1, 0]]",,-2.0,,0.0,,,,,0.0
"[[-1, 0, 1], [0, -1, 1], [1, -1, 0]]",,0.0,,-6.0,,,,,0.0
"[[-1, 0, 1], [0, -1, -1], [1, 1, 0]]",,-4.0,,0.0,,,,,0.0
"[[-1, 0, 1], [0, -1, -1], [1, 0, 1]]",,-2.0,,0.0,,,,0.0,
"[[-1, 0, 1], [0, -1, 0], [1, -1, 1]]",,0.0,,-2.0,,0.0,,,
"[[-1, 0, 1], [0, -1, -1], [0, 1, 1]]",,-0.5,,0.0,,,1.5,,
"[[-1, 0, 1], [0, -1, 0], [-1, 1, 1]]",,-4.0,,0.0,,2.0,,,
"[[-1, 0, 1], [1, 1, -1], [-1, 0, 0]]",,2.5,,,,,,1.5,0.0
"[[-1, 0, 1], [1, 0, -1], [-1, 1, 0]]",,1.0,,,3.0,,,,1.5
"[[-1, 0, 1], [1, 0, -1], [-1, 0, 1]]",,5.5,,,1.0,,,2.5,
"[[-1, 0, 1], [1, 1, -1], [0, -1, 0]]",,-3.5,,,,,1.0,,0.0
"[[-1, 0, 1], [1, 0, -1], [1, -1, 0]]",,-4.0,,,0.0,,,,-2.0
"[[-1, 0, 1], [1, 0, -1], [0, -1, 1]]",,1.5,,,0.5,,3.5,,
"[[-1, 0, 1], [1, 1, -1], [0, 0, -1]]",,1.0,,,,,2.5,-6.0,
"[[-1, 0, 1], [1, 0, -1], [1, 0, -1]]",,-8.0,,,0.0,,,-2.0,
"[[-1, 0, 1], [1, 0, -1], [0, 1, -1]]",,1.0,,,0.0,,2.0,,
"[[-1, 0, 1], [0, 1, -1], [-1, 1, 0]]",,1.0,,0.0,,,,,-5.0
"[[-1, 0, 1], [0, 1, -1], [-1, 0, 1]]",,2.0,,0.0,,,,2.5,
"[[-1, 0, 1], [0, 1, -1], [0, -1, 1]]",,-4.0,,-4.0,,,3.5,,
"[[-1, 0, 1], [0, 1, -1], [0, 1, -1]]",,-5.0,,-4.0,,,-3.0,,
"[[-1, 0, 1], [0, 0, -1], [1, -1, 1]]",,-4.0,,-4.0,0.0,,,,
"[[-1, 0, 1], [0, 0, -1], [1, 1, -1]]",,-2.0,,-4.0,0.0,,,,
"[[-1, 0, 1], [0, 0, -1], [-1, 1, 1]]",,0.0,,0.0,0.5,,,,
"[[-1, 0, 1], [1, 1, 0], [-1, -1, 0]]",,-7.0,,,,1.0,,,0.0
"[[-1, 0, 1], [1, 0, 1], [-1, -1, 0]]",,-2.0,,,-6.0,,,,0.0
"[[-1, 0, 1], [1, 0, 0], [-1, -1, 1]]",,0.0,,,0.0,2.0,,,
"[[-1, 0, 1], [1, 1, 0], [-1, 0, -1]]",,-3.5,,,,2.0,,0.0,
"[[-1, 0, 1], [1, 0, 1], [-1, 0, -1]]",,-4.0,,,0.0,,,0.0,
"[[-1, 0, 1], [1, 0, 0], [-1, 1, -1]]",,2.5,,,0.0,0.0,,,
"[[-1, 0, 1], [0, 1, 1], [-1, -1, 0]]",,0.0,,0.0,,,,,0.0
"[[-1, 0, 1], [0, 1, 0], [-1, -1, 1]]",,-2.0,,0.0,,1.5,,,
"[[-1, 0, 1], [0, 1, 1], [-1, 0, -1]]",,-8.0,,0.0,,,,0.0,
"[[-1, 0, 1], [0, 1, 0], [-1, 1, -1]]",,2.0,,0.0,,0.0,,,
"[[-1, 0, 1], [0, 0, 1], [-1, 1, -1]]",,0.0,,0.0,0.0,,,,
"[[-1, 0, 1], [1, 1, 0], [0, -1, -1]]",,-6.0,,,,-4.0,0.0,,
"[[-1, 0, 1], [1, 0, 1], [0, -1, -1]]",,-4.0,,,0.0,,0.0,,
"[[-1, 0, 1], [1, 0, 0], [1, -1, -1]]",,-2.0,,,0.0,-4.0,,,
"[[-1, 0, 1], [0, 1, 1], [0, -1, -1]]",,-6.0,,-6.0,,,0.0,,
"[[-1, 0, 1], [0, 0, 1], [1, -1, -1]]",,-2.0,,-4.0,0.0,,,,
"[[-1, -1, 0], [1, 1, -1], [1, 0, 0]]",,,0.0,,,,,-6.0,-4.0
"[[-1, -1, 0], [1, 1, -1], [0, 1, 0]]",,,0.0,,,,2.5,,0.0
"[[-1, -1, 0], [1, 1, -1], [0, 0, 1]]",,,0.0,,,,1.0,0.0,
"[[-1, -1, 0], [1, 1, 0], [-1, 1, 0]]",,,0.0,,,1.5,,,-7.5
"[[-1, -1, 0], [1, 1, 0], [-1, 0, 1]]",,,0.0,,,3.0,,-6.0,
"[[-1, -1, 0], [1, 1, 0], [1, -1, 0]]",,,0.0,,,-4.0,,,-6.0
"[[-1, -1, 0], [1, 1, 0], [0, -1, 1]]",,,0.0,,,0.5,0.0,,
"[[-1, -1, 0], [1, 1, 0], [1, 0, -1]]",,,0.0,,,-2.0,,-8.0,
"[[-1, -1, 0], [1, 1, 0], [0, 1, -1]]",,,0.0,,,1.5,-1.5,,
"[[-1, -1, 0], [1, -1, 1], [1, 0, 0]]",,,0.0,,,,,0.0,0.0
"[[-1, -1, 0], [1, -1, 1], [0, 1, 0]]",,,0.0,,,,0.0,,0.0
"[[-1, -1, 0], [1, -1, 1], [0, 0, 1]]",,,0.0,,,,-4.0,0.0,
"[[-1, -1, 0], [1, 0, 1], [-1, 1, 0]]",,,0.0,,0.0,,,,-6.0
"[[-1, -1, 0], [1, 0, 1], [-1, 0, 1]]",,,0.0,,-6.0,,,-2.0,
"[[-1, -1, 0], [1, 0, 1], [1, -1, 0]]",,,0.0,,0.0,,,,-4.0
"[[-1, -1, 0], [1, 0, 1], [0, -1, 1]]",,,0.0,,0.0,,0.0,,
"[[-1, -1, 0], [1, 0, 1], [1, 0, -1]]",,,0.0,,0.0,,,-4.0,
"[[-1, -1, 0], [1, 0, 1], [0, 1, -1]]",,,0.0,,0.0,,-2.0,,
"[[-1, -1, 0], [1, -1, 0], [1, 1, 0]]",,,0.0,,,-4.0,,,0.0
"[[-1, -1, 0], [1, -1, 0], [1, 0, 1]]",,,0.0,,,0.0,,0.0,
"[[-1, -1, 0], [1, 0, -1], [1, 1, 0]]",,,0.0,,-4.0,,,,0.0
"[[-1, -1, 0], [1, 0, -1], [1, 0, 1]]",,,0.0,,-2.0,,,0.0,
"[[-1, -1, 0], [1, 0, 0], [1, -1, 1]]",,,0.0,,0.0,0.0,,,
"[[-1, -1, 0], [1, 0, 0], [1, 1, -1]]",,,0.0,,0.0,0.0,,,
"[[-1, -1, 0], [1, -1, 0], [0, 1, 1]]",,,0.0,,,-6.5,4.0,,
"[[-1, -1, 0], [1, 0, -1], [0, 1, 1]]",,,0.0,,-1.5,,0.5,,
"[[-1, -1, 0], [1, 0, 0], [-1, 1, 1]]",,,0.0,,0.0,0.0,,,
"[[-1, 0, -1], [1, 1, -1], [1, 0, 0]]",,0.0,,,,,,0.0,0.0
"[[-1, 0, -1], [1, 1, -1], [0, 1, 0]]",,0.0,,,,,-2.0,,0.0
"[[-1, 0, -1], [1, 1, -1], [0, 0, 1]]",,0.0,,,,,1.0,0.0,
"[[-1, 0, -1], [1, 1, 0], [-1, 1, 0]]",,0.0,,,,0.0,,,-2.0
"[[-1, 0, -1], [1, 1, 0], [-1, 0, 1]]",,0.0,,,,3.0,,-4.5,
"[[-1, 0, -1], [1, 1, 0], [1, -1, 0]]",,0.0,,,,0.0,,,-4.0
"[[-1, 0, -1], [1, 1, 0], [0, -1, 1]]",,0.0,,,,1.5,-7.5,,
"[[-1, 0, -1], [1, 1, 0], [1, 0, -1]]",,0.0,,,,0.0,,-4.0,
"[[-1, 0, -1], [1, 1, 0], [0, 1, -1]]",,0.0,,,,0.0,-8.0,,
"[[-1, 0, -1], [1, -1, 1], [1, 0, 0]]",,0.0,,,,,,0.0,0.0
"[[-1, 0, -1], [1, -1, 1], [0, 1, 0]]",,0.0,,,,,0.0,,0.0
"[[-1, 0, -1], [1, -1, 1], [0, 0, 1]]",,0.0,,,,,0.0,0.0,
"[[-1, 0, -1], [1, 0, 1], [-1, 1, 0]]",,0.0,,,0.0,,,,0.0
"[[-1, 0, -1], [1, 0, 1], [-1, 0, 1]]",,0.0,,,0.0,,,-4.0,
"[[-1, 0, -1], [1, 0, 1], [1, -1, 0]]",,0.0,,,0.0,,,,0.0
"[[-1, 0, -1], [1, 0, 1], [0, -1, 1]]",,0.0,,,0.0,,-2.0,,
"[[-1, 0, -1], [1, 0, 1], [1, 0, -1]]",,0.0,,,0.0,,,0.0,
"[[-1, 0, -1], [1, 0, 1], [0, 1, -1]]",,0.0,,,0.0,,0.0,,
"[[-1, 0, -1], [1, -1, 0], [1, 1, 0]]",,0.0,,,,-4.0,,,0.0
"[[-1, 0, -1], [1, -1, 0], [1, 0, 1]]",,0.0,,,,-4.5,,3.5,
"[[-1, 0, -1], [1, 0, -1], [1, 1, 0]]",,0.0,,,0.0,,,,0.0
"[[-1, 0, -1], [1, 0, -1], [1, 0, 1]]",,0.0,,,-1.0,,,1.0,
"[[-1, 0, -1], [1, 0, 0], [1, -1, 1]]",,0.0,,,0.0,0.5,,,
"[[-1, 0, -1], [1, 0, 0], [1, 1, -1]]",,0.0,,,0.0,0.0,,,
"[[-1, 0, -1], [1, -1, 0], [0, 1, 1]]",,0.0,,,,-4.0,0.0,,
"[[-1, 0, -1], [1, 0, -1], [0, 1, 1]]",,0.0,,,-2.0,,0.0,,
"[[-1, 0, -1], [1, 0, 0], [-1, 1, 1]]",,0.0,,,0.0,0.0,,,
"[[-1, 0, 0], [1, -1, 1], [-1, 1, 0]]",,0.0,0.0,,,,,,0.0
"[[-1, 0, 0], [1, -1, 1], [-1, 0, 1]]",,-2.0,0.0,,,,,-4.0,
"[[-1, 0, 0], [1, -1, 1], [1, -1, 0]]",,0.0,0.0,,,,,,0.0
"[[-1, 0, 0], [1, -1, 1], [0, -1, 1]]",,0.0,0.0,,,,-4.0,,
"[[-1, 0, 0], [1, -1, -1], [1, 1, 0]]",,-6.0,-2.0,,,,,,0.0
"[[-1, 0, 0], [1, -1, -1], [1, 0, 1]]",,-10.0,-2.5,,,,,2.0,
"[[-1, 0, 0], [1, -1, 0], [1, -1, 1]]",,0.0,1.5,,,2.0,,,
"[[-1, 0, 0], [1, -1, -1], [0, 1, 1]]",,-5.5,-8.0,,,,1.0,,
"[[-1, 0, 0], [1, -1, 0], [-1, 1, 1]]",,2.0,0.0,,,3.0,,,
"[[-1, 0, 0], [1, 1, -1], [-1, 1, 0]]",,1.5,-4.0,,,,,,-4.0
"[[-1, 0, 0], [1, 1, -1], [-1, 0, 1]]",,2.5,1.0,,,,,3.5,
"[[-1, 0, 0], [1, 1, -1], [1, -1, 0]]",,-6.0,0.0,,,,,,-4.0
"[[-1, 0, 0], [1, 1, -1], [0, -1, 1]]",,0.5,0.5,,,,0.5,,
"[[-1, 0, 0], [1, 1, -1], [1, 0, -1]]",,-2.0,0.0,,,,,-6.0,
"[[-1, 0, 0], [1, 1, -1], [0, 1, -1]]",,0.5,0.0,,,,-3.5,,
"[[-1, 0, 0], [1, 0, -1], [1, -1, 1]]",,0.0,1.0,,0.5,,,,
"[[-1, 0, 0], [1, 0, -1], [1, 1, -1]]",,0.0,0.0,,0.0,,,,
"[[-1, 0, 0], [1, 0, -1], [-1, 1, 1]]",,2.0,0.0,,0.5,,,,
"[[-1, 0, 0], [1, 1, 0], [-1, -1, 1]]",,-3.5,-3.5,,,3.5,,,
"[[-1, 0, 0], [1, 1, 0], [-1, 1, -1]]",,-4.0,-6.0,,,-7.0,,,
"[[-1, 0, 0], [1, 0, 1], [-1, -1, 1]]",,-10.0,0.0,,-4.0,,,,
"[[-1, 0, 0], [1, 0, 1], [-1, 1, -1]]",,-2.0,-2.0,,0.0,,,,
"[[-1, 0, 0], [1, 1, 0], [1, -1, -1]]",,-4.0,-2.0,,,-2.0,,,
"[[-1, 0, 0], [1, 0, 1], [1, -1, -1]]",,0.0,0.0,,0.0,,,,
"[[-1, -1, 0], [-1, 1, 1], [1, 0, 0]]",,,0.0,,,,,0.0,0.0
"[[-1, -1, 0], [-1, 1, 1], [0, 1, 0]]",,,0.0,,,,0.0,,0.0
"[[-1, -1, 0], [-1, 1, 1], [0, 0, 1]]",,,0.0,,,,0.0,-2.0,
"[[-1, -1, 0], [0, 1, 1], [-1, 1, 0]]",,,0.0,0.0,,,,,-2.0
"[[-1, -1, 0], [0, 1, 1], [-1, 0, 1]]",,,0.0,0.0,,,,-4.0,
"[[-1, -1, 0], [0, 1, 1], [1, -1, 0]]",,,0.0,-4.0,,,,,-2.0
"[[-1, -1, 0], [0, 1, 1], [0, -1, 1]]",,,0.0,-2.0,,,-10.0,,
"[[-1, -1, 0], [0, 1, 1], [1, 0, -1]]",,,0.0,-4.0,,,,-4.0,
"[[-1, -1, 0], [0, 1, 1], [0, 1, -1]]",,,0.0,0.0,,,-2.0,,
"[[-1, -1, 0], [-1, 1, 0], [1, 1, 0]]",,,0.0,,,-10.0,,,-10.0
"[[-1, -1, 0], [-1, 1, 0], [1, 0, 1]]",,,0.0,,,-6.0,,-4.0,
"[[-1, -1, 0], [0, 1, -1], [1, 1, 0]]",,,0.0,-6.0,,,,,-4.0
"[[-1, -1, 0], [0, 1, -1], [1, 0, 1]]",,,0.0,-2.0,,,,-6.0,
"[[-1, -1, 0], [0, 1, 0], [1, -1, 1]]",,,0.0,-6.0,,-2.0,,,
"[[-1, -1, 0], [0, 1, 0], [1, 1, -1]]",,,0.0,0.0,,-2.0,,,
"[[-1, -1, 0], [-1, 1, 0], [0, 1, 1]]",,,0.0,,,-2.0,0.0,,
"[[-1, -1, 0], [0, 1, -1], [0, 1, 1]]",,,0.0,-2.0,,,0.0,,
"[[-1, -1, 0], [0, 1, 0], [-1, 1, 1]]",,,0.0,0.0,,0.0,,,
"[[-1, 0, -1], [-1, 1, 1], [1, 0, 0]]",,0.0,,,,,,2.0,0.0
"[[-1, 0, -1], [-1, 1, 1], [0, 1, 0]]",,0.0,,,,,0.0,,-14.0
"[[-1, 0, -1], [-1, 1, 1], [0, 0, 1]]",,0.0,,,,,0.0,0.0,
"[[-1, 0, -1], [0, 1, 1], [-1, 1, 0]]",,0.0,,0.0,,,,,-6.0
"[[-1, 0, -1], [0, 1, 1], [-1, 0, 1]]",,0.0,,0.0,,,,-8.0,
"[[-1, 0, -1], [0, 1, 1], [1, -1, 0]]",,0.0,,1.5,,,,,-2.0
"[[-1, 0, -1], [0, 1, 1], [0, -1, 1]]",,0.0,,0.0,,,-8.0,,
"[[-1, 0, -1], [0, 1, 1], [1, 0, -1]]",,0.0,,1.0,,,,-7.0,
"[[-1, 0, -1], [0, 1, 1], [0, 1, -1]]",,0.0,,-10.0,,,-14.0,,
"[[-1, 0, -1], [-1, 1, 0], [1, 1, 0]]",,0.0,,,,-10.0,,,-6.0
"[[-1, 0, -1], [-1, 1, 0], [1, 0, 1]]",,0.0,,,,0.5,,1.5,
"[[-1, 0, -1], [0, 1, -1], [1, 1, 0]]",,0.0,,-2.0,,,,,0.0
"[[-1, 0, -1], [0, 1, -1], [1, 0, 1]]",,0.0,,-8.0,,,,3.5,
"[[-1, 0, -1], [0, 1, 0], [1, -1, 1]]",,0.0,,0.5,,3.0,,,
"[[-1, 0, -1], [0, 1, 0], [1, 1, -1]]",,0.0,,-6.0,,0.0,,,
"[[-1, 0, -1], [-1, 1, 0], [0, 1, 1]]",,0.0,,,,-8.0,0.0,,
"[[-1, 0, -1], [0, 1, -1], [0, 1, 1]]",,0.0,,-10.0,,,-4.0,,
"[[-1, 0, -1], [0, 1, 0], [-1, 1, 1]]",,0.0,,0.0,,-6.0,,,
"[[-1, 0, 0], [-1, 1, 1], [1, -1, 0]]",,-2.0,4.0,,,,,,-5.0
"[[-1, 0, 0], [-1, 1, 1], [0, -1, 1]]",,-6.0,0.0,,,,0.0,,
"[[-1, 0, 0], [-1, 1, 1], [1, 0, -1]]",,-2.0,1.5,,,,,-5.0,
"[[-1, 0, 0], [-1, 1, 1], [0, 1, -1]]",,0.0,-6.0,,,,0.0,,
"[[-1, 0, 0], [-1, 1, -1], [1, 1, 0]]",,-12.0,-4.0,,,,,,-2.0
"[[-1, 0, 0], [-1, 1, -1], [1, 0, 1]]",,-14.0,-6.0,,,,,-9.0,
"[[-1, 0, 0], [-1, 1, 0], [1, -1, 1]]",,-4.0,2.5,,,-3.5,,,
"[[-1, 0, 0], [-1, 1, 0], [1, 1, -1]]",,-2.0,-4.0,,,-12.0,,,
"[[-1, 0, 0], [-1, 1, -1], [0, 1, 1]]",,-2.0,-8.0,,,,0.0,,
"[[-1, 0, 0], [0, 1, -1], [1, -1, 1]]",,-6.0,2.0,-3.5,,,,,
"[[-1, 0, 0], [0, 1, -1], [1, 1, -1]]",,-4.0,0.0,-8.0,,,,,
"[[-1, 0, 0], [0, 1, -1], [-1, 1, 1]]",,0.0,-2.0,0.0,,,,,
"[[-1, 0, 0], [0, 1, 1], [-1, -1, 1]]",,-2.0,-4.0,0.0,,,,,
"[[-1, 0, 0], [0, 1, 1], [-1, 1, -1]]",,-6.0,-6.0,0.0,,,,,
"[[-1, 0, 0], [0, 1, 1], [1, -1, -1]]",,-10.0,-1.0,-3.0,,,,,
"[[-1, -1, 0], [-1, 0, 1], [1, 1, 0]]",,,0.0,,0.0,,,,0.0
"[[-1, -1, 0], [-1, 0, 1], [1, 0, 1]]",,,0.0,,-8.0,,,0.0,
"[[-1, -1, 0], [0, -1, 1], [1, 1, 0]]",,,0.0,0.0,,,,,0.0
"[[-1, -1, 0], [0, -1, 1], [1, 0, 1]]",,,0.0,-2.0,,,,0.0,
"[[-1, -1, 0], [0, 0, 1], [1, -1, 1]]",,,0.0,-4.0,0.0,,,,
"[[-1, -1, 0], [0, 0, 1], [1, 1, -1]]",,,0.0,0.0,0.0,,,,
"[[-1, -1, 0], [-1, 0, 1], [0, 1, 1]]",,,0.0,,-4.0,,0.0,,
"[[-1, -1, 0], [0, -1, 1], [0, 1, 1]]",,,0.0,-4.0,,,-2.0,,
"[[-1, -1, 0], [0, 0, 1], [-1, 1, 1]]",,,0.0,0.0,0.0,,,,
"[[-1, 0, -1], [-1, 0, 1], [1, 1, 0]]",,0.0,,,0.0,,,,0.0
"[[-1, 0, -1], [-1, 0, 1], [1, 0, 1]]",,0.0,,,-2.0,,,1.0,
"[[-1, 0, -1], [0, -1, 1], [1, 1, 0]]",,0.0,,0.0,,,,,0.0
"[[-1, 0, -1], [0, -1, 1], [1, 0, 1]]",,0.0,,-4.0,,,,0.5,
"[[-1, 0, -1], [0, 0, 1], [1, -1, 1]]",,0.0,,0.5,1.5,,,,
"[[-1, 0, -1], [0, 0, 1], [1, 1, -1]]",,0.0,,0.0,0.0,,,,
"[[-1, 0, -1], [-1, 0, 1], [0, 1, 1]]",,0.0,,,-2.0,,0.0,,
"[[-1, 0, -1], [0, -1, 1], [0, 1, 1]]",,0.0,,-6.0,,,0.0,,
"[[-1, 0, -1], [0, 0, 1], [-1, 1, 1]]",,0.0,,0.0,0.0,,,,
"[[-1, 0, 0], [-1, -1, 1], [1, 1, 0]]",,0.0,-2.0,,,,,,0.0
"[[-1, 0, 0], [-1, -1, 1], [1, 0, 1]]",,-4.0,-1.0,,,,,-2.0,
"[[-1, 0, 0], [-1, 0, 1], [1, -1, 1]]",,-6.0,1.5,,-1.0,,,,
"[[-1, 0, 0], [-1, 0, 1], [1, 1, -1]]",,0.0,0.0,,0.0,,,,
"[[-1, 0, 0], [-1, -1, 1], [0, 1, 1]]",,-4.0,0.0,,,,0.0,,
"[[-1, 0, 0], [0, -1, 1], [1, -1, 1]]",,0.0,1.5,-12.0,,,,,
"[[-1, 0, 0], [0, -1, 1], [-1, 1, 1]]",,-8.0,0.0,0.0,,,,,
"[[1, -1, -1], [1, -1, 1], [0, 0, 0]]",,,,,,,0.0,0.0,0.0
"[[1, -1, -1], [1, -1, 0], [0, 1, 0]]",,,,,,-4.0,0.0,,0.0
"[[1, -1, -1], [1, -1, 0], [0, 0, 1]]",,,,,,-4.0,0.0,0.0,
"[[1, -1, -1], [1, 1, -1], [0, 0, 0]]",,,,,,,-6.0,-2.0,0.0
"[[1, -1, -1], [1, 0, -1], [0, 1, 0]]",,,,,-2.0,,0.0,,0.0
"[[1, -1, -1], [1, 0, -1], [0, 0, 1]]",,,,,-2.0,,-2.0,-2.0,
"[[1, -1, -1], [1, 1, 0], [-1, 0, 0]]",,,,,,-4.0,,-4.0,-2.0
"[[1, -1, -1], [1, 0, 1], [-1, 0, 0]]",,,,,0.0,,,-2.0,-2.0
"[[1, -1, -1], [1, 0, 0], [-1, 1, 0]]",,,,,0.0,0.0,,,0.0
"[[1, -1, -1], [1, 0, 0], [-1, 0, 1]]",,,,,0.0,-2.0,,-4.0,
"[[1, -1, -1], [1, 1, 0], [0, -1, 0]]",,,,,,-10.0,-8.0,,-10.0
"[[1, -1, -1], [1, 0, 1], [0, -1, 0]]",,,,,0.0,,-2.0,,-8.0
"[[1, -1, -1], [1, 0, 0], [0, -1, 1]]",,,,,0.0,-6.0,0.0,,
"[[1, -1, -1], [1, 1, 0], [0, 0, -1]]",,,,,,0.0,-4.0,-16.0,
"[[1, -1, -1], [1, 0, 1], [0, 0, -1]]",,,,,-2.0,,0.0,-6.0,
"[[1, -1, -1], [1, 0, 0], [0, 1, -1]]",,,,,-4.0,0.0,0.0,,
"[[1, -1, -1], [-1, 1, 1], [0, 0, 0]]",,,,,,,-2.0,-7.5,2.5
"[[1, -1, -1], [-1, 1, 0], [1, 0, 0]]",,,,,,-4.0,,-1.5,0.0
"[[1, -1, -1], [-1, 1, 0], [0, 1, 0]]",,,,,,-6.0,-3.5,,3.0
"[[1, -1, -1], [0, 1, -1], [1, 0, 0]]",,,,-6.0,,,,-12.0,0.0
"[[1, -1, -1], [0, 1, -1], [0, 1, 0]]",,,,-4.0,,,-2.0,,0.0
"[[1, -1, -1], [0, 1, 1], [-1, 0, 0]]",,,,-2.0,,,,-8.0,-0.5
"[[1, -1, -1], [0, 1, 0], [-1, 1, 0]]",,,,-5.5,,-2.0,,,2.5
"[[1, -1, -1], [0, 1, 1], [0, -1, 0]]",,,,-5.5,,,-10.0,,-9.5
"[[1, -1, -1], [0, 1, 0], [1, -1, 0]]",,,,-3.5,,-14.0,,,-5.5
"[[1, -1, -1], [0, 1, 1], [0, 0, -1]]",,,,3.0,,,-3.5,0.0,
"[[1, -1, -1], [0, 1, 0], [1, 0, -1]]",,,,0.5,,0.0,,-3.5,
"[[1, -1, -1], [0, 1, 0], [0, 1, -1]]",,,,1.0,,0.0,0.0,,
"[[1, -1, -1], [-1, 0, 1], [1, 0, 0]]",,,,,1.5,,,0.0,1.0
"[[1, -1, -1], [-1, 0, 1], [0, 1, 0]]",,,,,2.0,,0.5,,4.0
"[[1, -1, -1], [-1, 0, 1], [0, 0, 1]]",,,,,0.0,,-2.0,-2.0,
"[[1, -1, -1], [0, -1, 1], [1, 0, 0]]",,,,3.0,,,,0.0,-3.5
"[[1, -1, -1], [0, -1, 1], [0, 1, 0]]",,,,0.5,,,0.0,,0.0
"[[1, -1, -1], [0, -1, 1], [0, 0, 1]]",,,,0.0,,,0.0,0.0,
"[[1, -1, -1], [0, 0, 1], [-1, 1, 0]]",,,,0.5,0.0,,,,0.5
"[[1, -1, -1], [0, 0, 1], [-1, 0, 1]]",,,,-6.0,0.0,,,-4.0,
"[[1, -1, -1], [0, 0, 1], [1, -1, 0]]",,,,1.0,0.0,,,,0.5
"[[1, -1, -1], [0, 0, 1], [0, -1, 1]]",,,,-4.0,0.0,,-2.0,,
"[[1, -1, -1], [0, 0, 1], [1, 0, -1]]",,,,2.5,-1.5,,,0.0,
"[[1, -1, -1], [0, 0, 1], [0, 1, -1]]",,,,2.5,2.5,,1.0,,
"[[1, -1, -1], [-1, 0, 0], [1, 1, 0]]",,,,,0.5,-4.0,,,0.5
"[[1, -1, -1], [-1, 0, 0], [1, 0, 1]]",,,,,-2.0,0.0,,0.0,
"[[1, -1, -1], [0, -1, 0], [1, 1, 0]]",,,,-2.5,,-6.0,,,-8.5
"[[1, -1, -1], [0, -1, 0], [1, 0, 1]]",,,,-10.0,,-8.0,,0.0,
"[[1, -1, -1], [0, 0, -1], [1, 1, 0]]",,,,0.0,0.0,,,,0.0
"[[1, -1, -1], [0, 0, -1], [1, 0, 1]]",,,,-4.0,0.0,,,-6.0,
"[[1, -1, -1], [0, 0, 0], [1, -1, 1]]",,,,0.0,0.0,-10.0,,,
"[[1, -1, -1], [0, 0, 0], [1, 1, -1]]",,,,0.5,-2.0,0.0,,,
"[[1, -1, -1], [-1, 0, 0], [0, 1, 1]]",,,,,-2.0,-4.0,-4.0,,
"[[1, -1, -1], [0, -1, 0], [0, 1, 1]]",,,,-6.0,,-12.0,0.0,,
"[[1, -1, -1], [0, 0, -1], [0, 1, 1]]",,,,-2.0,0.0,,-6.0,,
"[[1, -1, -1], [0, 0, 0], [-1, 1, 1]]",,,,-4.0,0.0,-4.0,,,
"[[1, -1, 1], [-1, -1, 1], [0, 0, 0]]",,,,,,,-1.5,0.0,4.5
"[[1, -1, 1], [-1, -1, 0], [1, 0, 0]]",,,,,,0.0,,0.0,0.0
"[[1, -1, 1], [-1, -1, 0], [0, 1, 0]]",,,,,,0.0,3.0,,1.5
"[[1, -1, 1], [-1, -1, 0], [0, 0, 1]]",,,,,,0.0,-10.0,0.0,
"[[1, -1, 1], [-1, 1, -1], [0, 0, 0]]",,,,,,,-3.0,-2.0,-1.5
"[[1, -1, 1], [-1, 0, -1], [1, 0, 0]]",,,,,0.0,,,-2.0,-2.0
"[[1, -1, 1], [-1, 0, -1], [0, 1, 0]]",,,,,0.0,,0.0,,1.0
"[[1, -1, 1], [-1, 0, -1], [0, 0, 1]]",,,,,0.0,,-2.0,0.0,
"[[1, -1, 1], [-1, 1, 0], [-1, 0, 0]]",,,,,,0.0,,-4.0,2.5
"[[1, -1, 1], [-1, 0, 1], [-1, 0, 0]]",,,,,1.0,,,-6.0,1.0
"[[1, -1, 1], [-1, 0, 0], [-1, 1, 0]]",,,,,0.5,3.0,,,0.5
"[[1, -1, 1], [-1, 0, 0], [-1, 0, 1]]",,,,,-2.0,-2.0,,-6.0,
"[[1, -1, 1], [-1, 1, 0], [0, -1, 0]]",,,,,,-6.0,-4.0,,-6.0
"[[1, -1, 1], [-1, 0, 1], [0, -1, 0]]",,,,,0.0,,-4.0,,0.0
"[[1, -1, 1], [-1, 0, 0], [1, -1, 0]]",,,,,0.0,0.0,,,0.0
"[[1, -1, 1], [-1, 0, 0], [0, -1, 1]]",,,,,0.0,-6.0,-8.0,,
"[[1, -1, 1], [-1, 1, 0], [0, 0, -1]]",,,,,,-3.0,2.5,-6.0,
"[[1, -1, 1], [-1, 0, 1], [0, 0, -1]]",,,,,0.0,,1.0,0.0,
"[[1, -1, 1], [-1, 0, 0], [1, 0, -1]]",,,,,0.0,-4.0,,-2.0,
"[[1, -1, 1], [-1, 0, 0], [0, 1, -1]]",,,,,0.5,2.0,0.5,,
"[[1, -1, 0], [-1, 1, -1], [1, 0, 0]]",,,-6.0,,,,,-6.0,-4.0
"[[1, -1, 0], [-1, 1, -1], [0, 1, 0]]",,,-2.0,,,,-1.5,,1.0
"[[1, -1, 0], [-1, 1, 1], [-1, 0, 0]]",,,-4.0,,,,,-2.0,0.5
"[[1, -1, 0], [-1, 1, 0], [-1, 1, 0]]",,,1.5,,,-2.5,,,1.0
"[[1, -1, 0], [-1, 1, 1], [0, -1, 0]]",,,-0.5,,,,0.0,,0.5
"[[1, -1, 0], [-1, 1, 0], [1, -1, 0]]",,,-7.0,,,-4.0,,,-3.0
"[[1, -1, 0], [-1, 1, 1], [0, 0, -1]]",,,1.5,,,,0.0,1.5,
"[[1, -1, 0], [-1, 1, 0], [1, 0, -1]]",,,0.5,,,-4.0,,-1.5,
"[[1, -1, 0], [-1, 1, 0], [0, 1, -1]]",,,1.0,,,0.0,1.5,,
"[[1, -1, 0], [-1, -1, 1], [1, 0, 0]]",,,3.0,,,,,0.0,1.0
"[[1, -1, 0], [-1, -1, 1], [0, 1, 0]]",,,0.5,,,,1.5,,3.0
"[[1, -1, 0], [-1, -1, 1], [0, 0, 1]]",,,0.0,,,,-2.0,0.0,
"[[1, -1, 0], [-1, 0, 1], [-1, 1, 0]]",,,1.5,,0.0,,,,1.0
"[[1, -1, 0], [-1, 0, 1], [-1, 0, 1]]",,,0.0,,-4.0,,,-6.0,
"[[1, -1, 0], [-1, 0, 1], [1, -1, 0]]",,,1.0,,0.0,,,,0.5
"[[1, -1, 0], [-1, 0, 1], [0, -1, 1]]",,,-2.0,,0.0,,-4.0,,
"[[1, -1, 0], [-1, 0, 1], [1, 0, -1]]",,,0.5,,1.0,,,1.0,
"[[1, -1, 0], [-1, 0, 1], [0, 1, -1]]",,,2.5,,1.5,,4.5,,
"[[1, -1, 0], [-1, -1, 0], [1, 1, 0]]",,,-8.0,,,0.0,,,4.5
"[[1, -1, 0], [-1, -1, 0], [1, 0, 1]]",,,-10.0,,,0.0,,0.0,
"[[1, -1, 0], [-1, 0, -1], [1, 1, 0]]",,,-2.0,,0.0,,,,0.0
"[[1, -1, 0], [-1, 0, -1], [1, 0, 1]]",,,-8.0,,0.0,,,0.0,
"[[1, -1, 0], [-1, 0, 0], [1, -1, 1]]",,,-4.0,,0.0,-4.0,,,
"[[1, -1, 0], [-1, 0, 0], [1, 1, -1]]",,,1.5,,0.0,0.0,,,
"[[1, -1, 0], [-1, -1, 0], [0, 1, 1]]",,,-8.0,,,0.0,0.0,,
"[[1, -1, 0], [-1, 0, -1], [0, 1, 1]]",,,-12.0,,0.0,,-2.0,,
"[[1, -1, 0], [-1, 0, 0], [-1, 1, 1]]",,,-4.0,,0.0,-2.0,,,
"[[1, -1, 1], [1, -1, -1], [0, 0, 0]]",,,,,,,3.5,0.0,-9.5
"[[1, -1, 1], [0, -1, -1], [1, 0, 0]]",,,,0.0,,,,0.0,-4.0
"[[1, -1, 1], [0, -1, -1], [0, 1, 0]]",,,,0.0,,,4.5,,1.0
"[[1, -1, 1], [0, -1, -1], [0, 0, 1]]",,,,0.0,,,0.0,0.0,
"[[1, -1, 1], [1, -1, 0], [-1, 0, 0]]",,,,,,1.0,,0.0,7.0
"[[1, -1, 1], [0, -1, 1], [-1, 0, 0]]",,,,-10.5,,,,0.0,3.5
"[[1, -1, 1], [0, -1, 0], [-1, 1, 0]]",,,,0.0,,2.5,,,8.0
"[[1, -1, 1], [0, -1, 0], [-1, 0, 1]]",,,,-4.0,,0.0,,0.0,
"[[1, -1, 1], [1, -1, 0], [0, 0, -1]]",,,,,,-3.0,3.0,0.0,
"[[1, -1, 1], [0, -1, 1], [0, 0, -1]]",,,,4.5,,,2.0,0.0,
"[[1, -1, 1], [0, -1, 0], [1, 0, -1]]",,,,0.0,,-4.0,,0.0,
"[[1, -1, 1], [0, -1, 0], [0, 1, -1]]",,,,3.5,,2.5,7.0,,
"[[1, -1, 0], [1, -1, -1], [0, 1, 0]]",,,-14.0,,,,2.0,,-8.0
"[[1, -1, 0], [1, -1, -1], [0, 0, 1]]",,,-8.0,,,,0.0,0.0,
"[[1, -1, 0], [1, -1, 1], [-1, 0, 0]]",,,0.0,,,,,0.0,0.0
"[[1, -1, 0], [1, -1, 0], [-1, 1, 0]]",,,0.0,,,2.0,,,1.5
"[[1, -1, 0], [1, -1, 0], [-1, 0, 1]]",,,0.0,,,0.0,,0.0,
"[[1, -1, 0], [1, -1, 1], [0, 0, -1]]",,,-8.0,,,,0.0,0.0,
"[[1, -1, 0], [1, -1, 0], [0, 1, -1]]",,,-12.0,,,-1.5,3.0,,
"[[1, -1, 0], [0, -1, 1], [-1, 1, 0]]",,,0.0,1.0,,,,,1.0
"[[1, -1, 0], [0, -1, 1], [-1, 0, 1]]",,,0.0,-2.0,,,,0.0,
"[[1, -1, 0], [0, -1, 1], [1, 0, -1]]",,,-1.5,4.0,,,,0.0,
"[[1, -1, 0], [0, -1, 1], [0, 1, -1]]",,,1.5,11.0,,,2.0,,
"[[1, -1, 0], [0, -1, -1], [1, 1, 0]]",,,-6.0,0.0,,,,,-4.0
"[[1, -1, 0], [0, -1, -1], [1, 0, 1]]",,,-6.0,0.0,,,,0.0,
"[[1, -1, 0], [0, -1, 0], [1, 1, -1]]",,,-9.0,3.5,,-6.0,,,
"[[1, -1, 0], [0, -1, -1], [0, 1, 1]]",,,-12.0,0.0,,,0.0,,
"[[1, -1, 0], [0, -1, 0], [-1, 1, 1]]",,,0.0,0.0,,0.0,,,
"[[1, -1, 1], [1, 0, -1], [-1, 0, 0]]",,,,,0.0,,,0.0,1.0
"[[1, -1, 1], [0, 1, -1], [-1, 0, 0]]",,,,-0.5,,,,-4.0,0.0
"[[1, -1, 1], [0, 0, -1], [-1, 1, 0]]",,,,2.0,0.5,,,,1.5
"[[1, -1, 1], [0, 0, -1], [-1, 0, 1]]",,,,-2.0,0.0,,,-6.0,
"[[1, -1, 1], [1, 0, -1], [0, -1, 0]]",,,,,0.0,,0.0,,0.0
"[[1, -1, 1], [0, 1, -1], [0, -1, 0]]",,,,-8.0,,,-4.0,,-2.0
"[[1, -1, 1], [0, 0, -1], [1, -1, 0]]",,,,-4.0,0.0,,,,-8.0
"[[1, -1, 1], [0, 0, -1], [0, -1, 1]]",,,,-4.0,0.0,,0.0,,
"[[1, -1, 1], [1, 0, -1], [0, 0, -1]]",,,,,-2.5,,0.5,-2.0,
"[[1, -1, 1], [0, 1, -1], [0, 0, -1]]",,,,1.5,,,2.5,-8.0,
"[[1, -1, 1], [0, 0, -1], [1, 0, -1]]",,,,-2.0,-2.0,,,-2.0,
"[[1, -1, 1], [0, 0, -1], [0, 1, -1]]",,,,0.0,1.5,,1.5,,
"[[1, -1, 0], [1, 1, -1], [-1, 0, 0]]",,,0.0,,,,,-2.0,0.0
"[[1, -1, 0], [1, 0, -1], [-1, 1, 0]]",,,0.0,,2.0,,,,0.0
"[[1, -1, 0], [1, 0, -1], [-1, 0, 1]]",,,-4.0,,0.0,,,-2.0,
"[[1, -1, 0], [1, 1, -1], [0, -1, 0]]",,,-4.0,,,,-4.0,,0.0
"[[1, -1, 0], [1, 0, -1], [0, -1, 1]]",,,-4.0,,0.0,,0.0,,
"[[1, -1, 0], [1, 1, -1], [0, 0, -1]]",,,0.0,,,,0.0,-4.0,
"[[1, -1, 0], [1, 0, -1], [0, 1, -1]]",,,0.0,,-6.0,,0.0,,
"[[1, -1, 0], [0, 1, -1], [-1, 1, 0]]",,,-2.0,-1.5,,,,,0.5
"[[1, -1, 0], [0, 1, -1], [1, -1, 0]]",,,-8.0,-6.0,,,,,-2.0
"[[1, -1, 0], [0, 1, -1], [1, 0, -1]]",,,0.0,-2.0,,,,-4.0,
"[[1, -1, 0], [0, 1, -1], [0, 1, -1]]",,,0.0,1.5,,,1.5,,
"[[1, -1, 0], [0, 0, -1], [1, -1, 1]]",,,-2.0,0.0,0.0,,,,
"[[1, -1, 0], [0, 0, -1], [1, 1, -1]]",,,0.0,0.0,0.0,,,,
"[[1, -1, 0], [0, 0, -1], [-1, 1, 1]]",,,-6.0,-6.0,0.0,,,,
"[[1, -1, 1], [1, 0, 0], [-1, -1, 0]]",,,,,0.0,0.0,,,0.0
"[[1, -1, 1], [0, 1, 0], [-1, -1, 0]]",,,,-8.0,,-2.0,,,0.0
"[[1, -1, 1], [0, 0, 1], [-1, -1, 0]]",,,,0.0,0.0,,,,0.0
"[[1, -1, 1], [0, 0, 0], [-1, -1, 1]]",,,,-8.0,0.0,-2.0,,,
"[[1, -1, 1], [1, 0, 0], [-1, 0, -1]]",,,,,1.0,2.5,,0.0,
"[[1, -1, 1], [0, 1, 0], [-1, 0, -1]]",,,,0.5,,0.5,,0.0,
"[[1, -1, 1], [0, 0, 1], [-1, 0, -1]]",,,,2.0,0.5,,,0.0,
"[[1, -1, 1], [0, 0, 0], [-1, 1, -1]]",,,,1.5,6.0,3.5,,,
"[[1, -1, 0], [1, 1, 0], [-1, -1, 0]]",,,-2.0,,,-2.0,,,0.0
"[[1, -1, 0], [1, 0, 1], [-1, -1, 0]]",,,0.0,,0.0,,,,0.0
"[[1, -1, 0], [1, 0, 0], [-1, -1, 1]]",,,-4.0,,0.0,-2.0,,,
"[[1, -1, 0], [1, 1, 0], [-1, 0, -1]]",,,-8.0,,,0.0,,0.0,
"[[1, -1, 0], [1, 0, 1], [-1, 0, -1]]",,,-4.0,,0.0,,,0.0,
"[[1, -1, 0], [1, 0, 0], [-1, 1, -1]]",,,0.0,,2.0,0.0,,,
"[[1, -1, 0], [0, 1, 1], [-1, -1, 0]]",,,-4.0,-4.0,,,,,0.0
"[[1, -1, 0], [0, 1, 1], [-1, 0, -1]]",,,-7.5,1.5,,,,0.0,
"[[1, -1, 0], [0, 1, 0], [-1, 1, -1]]",,,1.0,5.0,,1.0,,,
"[[1, -1, 0], [0, 0, 1], [-1, -1, 1]]",,,0.0,-8.0,0.0,,,,
"[[1, -1, 0], [0, 0, 1], [-1, 1, -1]]",,,0.5,2.0,0.0,,,,
"[[1, -1, 1], [1, 0, 0], [0, -1, -1]]",,,,,0.0,0.0,0.0,,
"[[1, -1, 1], [0, 1, 0], [0, -1, -1]]",,,,-4.0,,-6.0,0.0,,
"[[1, -1, 1], [0, 0, 1], [0, -1, -1]]",,,,0.0,0.0,,0.0,,
"[[1, -1, 1], [0, 0, 0], [1, -1, -1]]",,,,-2.0,0.0,-6.0,,,
"[[1, -1, 0], [1, 1, 0], [0, -1, -1]]",,,-4.0,,,0.0,0.0,,
"[[1, -1, 0], [1, 0, 1], [0, -1, -1]]",,,-2.0,,0.0,,0.0,,
"[[1, -1, 0], [0, 1, 1], [0, -1, -1]]",,,-1.5,1.0,,,0.0,,
"[[1, -1, 0], [0, 1, 0], [1, -1, -1]]",,,-6.0,-5.0,,-12.0,,,
"[[1, -1, 0], [0, 0, 1], [1, -1, -1]]",,,-5.5,2.0,0.0,,,,
"[[0, -1, 1], [-1, 1, -1], [0, 1, 0]]",-4.0,,,,,,1.5,,-5.0
"[[0, -1, 1], [-1, 1, -1], [0, 0, 1]]",-6.0,,,,,,-6.0,-2.0,
"[[0, -1, 1], [-1, 1, 1], [-1, 0, 0]]",0.0,,,,,,,-8.0,0.0
"[[0, -1, 1], [-1, 1, 0], [-1, 1, 0]]",0.0,,,,,0.0,,,0.5
"[[0, -1, 1], [-1, 1, 0], [-1, 0, 1]]",0.0,,,,,-2.0,,-6.0,
"[[0, -1, 1], [-1, 1, 1], [0, -1, 0]]",-10.0,,,,,,-4.0,,-6.0
"[[0, -1, 1], [-1, 1, 0], [0, -1, 1]]",-10.0,,,,,-10.0,-8.0,,
"[[0, -1, 1], [-1, 1, 1], [0, 0, -1]]",-2.0,,,,,,0.0,-2.0,
"[[0, -1, 1], [-1, 1, 0], [0, 1, -1]]",-2.0,,,,,-6.0,0.5,,
"[[0, -1, 1], [-1, -1, 1], [1, 0, 0]]",-2.0,,,,,,,0.0,0.0
"[[0, -1, 1], [-1, -1, 1], [0, 1, 0]]",-4.0,,,,,,-2.5,,2.0
"[[0, -1, 1], [-1, 0, 1], [-1, 1, 0]]",0.0,,,,0.0,,,,1.0
"[[0, -1, 1], [-1, 0, 1], [1, -1, 0]]",-8.0,,,,0.0,,,,-2.0
"[[0, -1, 1], [-1, 0, 1], [1, 0, -1]]",-4.0,,,,0.0,,,0.0,
"[[0, -1, 1], [-1, 0, 1], [0, 1, -1]]",0.0,,,,1.0,,0.5,,
"[[0, -1, 1], [-1, -1, 0], [1, 1, 0]]",-4.0,,,,,0.0,,,0.0
"[[0, -1, 1], [-1, -1, 0], [1, 0, 1]]",-10.0,,,,,0.0,,0.0,
"[[0, -1, 1], [-1, 0, -1], [1, 1, 0]]",-6.0,,,,0.0,,,,-4.0
"[[0, -1, 1], [-1, 0, -1], [1, 0, 1]]",-6.0,,,,0.0,,,0.0,
"[[0, -1, 1], [-1, 0, 0], [1, -1, 1]]",-8.0,,,,0.0,0.0,,,
"[[0, -1, 1], [-1, 0, 0], [1, 1, -1]]",-4.0,,,,0.0,-2.0,,,
"[[0, -1, 1], [-1, -1, 0], [0, 1, 1]]",-2.0,,,,,0.0,-2.0,,
"[[0, -1, 1], [-1, 0, -1], [0, 1, 1]]",-2.0,,,,0.0,,0.0,,
"[[0, -1, 1], [-1, 0, 0], [-1, 1, 1]]",0.0,,,,-2.0,0.0,,,
"[[0, -1, 1], [1, -1, -1], [1, 0, 0]]",0.0,,,,,,,0.0,-4.0
"[[0, -1, 1], [1, -1, -1], [0, 1, 0]]",0.5,,,,,,3.0,,0.5
"[[0, -1, 1], [1, -1, -1], [0, 0, 1]]",1.0,,,,,,0.0,0.0,
"[[0, -1, 1], [1, -1, 1], [-1, 0, 0]]",-4.0,,,,,,,0.0,0.0
"[[0, -1, 1], [1, -1, 0], [-1, 1, 0]]",1.5,,,,,4.5,,,2.5
"[[0, -1, 1], [1, -1, 0], [-1, 0, 1]]",-4.0,,,,,2.0,,0.0,
"[[0, -1, 1], [1, -1, 1], [0, 0, -1]]",0.0,,,,,,0.0,0.0,
"[[0, -1, 1], [1, -1, 0], [1, 0, -1]]",0.0,,,,,-2.0,,0.0,
"[[0, -1, 1], [1, -1, 0], [0, 1, -1]]",0.0,,,,,1.0,1.0,,
"[[0, -1, 1], [0, -1, 1], [-1, 1, 0]]",-2.0,,,-4.0,,,,,0.5
"[[0, -1, 1], [0, -1, 1], [1, 0, -1]]",0.0,,,0.0,,,,0.0,
"[[0, -1, 1], [0, -1, 1], [0, 1, -1]]",0.0,,,2.5,,,4.0,,
"[[0, -1, 1], [0, -1, -1], [1, 1, 0]]",-6.0,,,0.0,,,,,0.0
"[[0, -1, 1], [0, -1, -1], [1, 0, 1]]",-2.0,,,0.0,,,,0.0,
"[[0, -1, 1], [0, -1, 0], [1, 1, -1]]",0.0,,,0.0,,0.0,,,
"[[0, -1, 1], [0, -1, -1], [0, 1, 1]]",2.0,,,0.0,,,1.0,,
"[[0, -1, 1], [0, -1, 0], [-1, 1, 1]]",2.0,,,-8.0,,1.0,,,
"[[0, -1, 1], [1, 1, -1], [-1, 0, 0]]",0.5,,,,,,,0.0,3.0
"[[0, -1, 1], [1, 0, -1], [-1, 1, 0]]",3.5,,,,1.5,,,,2.5
"[[0, -1, 1], [1, 0, -1], [-1, 0, 1]]",0.5,,,,0.0,,,1.0,
"[[0, -1, 1], [1, 1, -1], [0, -1, 0]]",-3.5,,,,,,1.0,,-4.0
"[[0, -1, 1], [1, 0, -1], [1, -1, 0]]",-2.0,,,,0.0,,,,-14.0
"[[0, -1, 1], [1, 0, -1], [0, -1, 1]]",2.5,,,,0.0,,1.0,,
"[[0, -1, 1], [1, 1, -1], [0, 0, -1]]",-1.5,,,,,,1.0,-8.0,
"[[0, -1, 1], [1, 0, -1], [1, 0, -1]]",-2.0,,,,-4.0,,,-2.0,
"[[0, -1, 1], [1, 0, -1], [0, 1, -1]]",2.5,,,,0.0,,0.0,,
"[[0, -1, 1], [0, 1, -1], [-1, 1, 0]]",1.0,,,1.0,,,,,2.0
"[[0, -1, 1], [0, 1, -1], [-1, 0, 1]]",0.0,,,-2.0,,,,-1.0,
"[[0, -1, 1], [0, 1, -1], [0, -1, 1]]",-2.5,,,-6.0,,,-3.0,,
"[[0, -1, 1], [0, 1, -1], [0, 1, -1]]",-3.0,,,-1.5,,,3.5,,
"[[0, -1, 1], [0, 0, -1], [1, -1, 1]]",-4.0,,,-2.0,0.0,,,,
"[[0, -1, 1], [0, 0, -1], [1, 1, -1]]",0.0,,,0.0,0.0,,,,
"[[0, -1, 1], [0, 0, -1], [-1, 1, 1]]",1.0,,,0.0,0.0,,,,
"[[0, -1, 1], [1, 1, 0], [-1, -1, 0]]",-3.5,,,,,3.0,,,0.0
"[[0, -1, 1], [1, 0, 1], [-1, -1, 0]]",0.0,,,,0.0,,,,0.0
"[[0, -1, 1], [1, 0, 0], [-1, -1, 1]]",-4.0,,,,0.0,0.0,,,
"[[0, -1, 1], [1, 1, 0], [-1, 0, -1]]",-3.5,,,,,0.5,,0.0,
"[[0, -1, 1], [1, 0, 1], [-1, 0, -1]]",-6.0,,,,0.0,,,0.0,
"[[0, -1, 1], [1, 0, 0], [-1, 1, -1]]",1.0,,,,0.5,2.0,,,
"[[0, -1, 1], [0, 1, 1], [-1, -1, 0]]",-8.0,,,-2.0,,,,,0.0
"[[0, -1, 1], [0, 1, 0], [-1, -1, 1]]",-5.5,,,-8.0,,-7.5,,,
"[[0, -1, 1], [0, 1, 1], [-1, 0, -1]]",-4.0,,,0.0,,,,0.0,
"[[0, -1, 1], [0, 1, 0], [-1, 1, -1]]",1.5,,,0.5,,3.0,,,
"[[0, -1, 1], [0, 0, 1], [-1, 1, -1]]",0.0,,,0.5,1.0,,,,
"[[0, -1, 1], [1, 1, 0], [0, -1, -1]]",-4.0,,,,,-4.0,0.0,,
"[[0, -1, 1], [1, 0, 1], [0, -1, -1]]",-4.0,,,,0.0,,0.0,,
"[[0, -1, 1], [1, 0, 0], [1, -1, -1]]",-8.0,,,,0.0,-6.0,,,
"[[0, -1, 1], [0, 1, 1], [0, -1, -1]]",-8.0,,,-12.0,,,0.0,,
"[[0, -1, 1], [0, 0, 1], [1, -1, -1]]",-2.0,,,-6.0,0.0,,,,
"[[0, -1, -1], [1, 1, -1], [1, 0, 0]]",0.0,,,,,,,-4.0,0.0
"[[0, -1, -1], [1, 1, -1], [0, 1, 0]]",0.0,,,,,,0.0,,0.0
"[[0, -1, -1], [1, 1, -1], [0, 0, 1]]",0.0,,,,,,-8.0,0.0,
"[[0, -1, -1], [1, 1, 0], [-1, 1, 0]]",0.0,,,,,0.0,,,-2.0
"[[0, -1, -1], [1, 1, 0], [-1, 0, 1]]",0.0,,,,,0.0,,-6.0,
"[[0, -1, -1], [1, 1, 0], [1, -1, 0]]",0.0,,,,,-2.0,,,-4.0
"[[0, -1, -1], [1, 1, 0], [0, -1, 1]]",0.0,,,,,-4.0,-8.0,,
"[[0, -1, -1], [1, 1, 0], [1, 0, -1]]",0.0,,,,,0.0,,-6.0,
"[[0, -1, -1], [1, 1, 0], [0, 1, -1]]",0.0,,,,,0.0,-4.0,,
"[[0, -1, -1], [1, -1, 1], [1, 0, 0]]",0.0,,,,,,,0.0,0.0
"[[0, -1, -1], [1, -1, 1], [0, 1, 0]]",0.0,,,,,,0.0,,0.0
"[[0, -1, -1], [1, -1, 1], [0, 0, 1]]",0.0,,,,,,0.0,0.0,
"[[0, -1, -1], [1, 0, 1], [-1, 1, 0]]",0.0,,,,0.0,,,,-2.0
"[[0, -1, -1], [1, 0, 1], [-1, 0, 1]]",0.0,,,,0.0,,,-8.0,
"[[0, -1, -1], [1, 0, 1], [1, -1, 0]]",0.0,,,,0.0,,,,-2.0
"[[0, -1, -1], [1, 0, 1], [0, -1, 1]]",0.0,,,,0.0,,-4.0,,
"[[0, -1, -1], [1, 0, 1], [1, 0, -1]]",0.0,,,,-4.0,,,-8.0,
"[[0, -1, -1], [1, 0, 1], [0, 1, -1]]",0.0,,,,0.0,,-4.0,,
"[[0, -1, -1], [1, -1, 0], [1, 1, 0]]",0.0,,,,,-8.0,,,-2.0
"[[0, -1, -1], [1, -1, 0], [1, 0, 1]]",0.0,,,,,-10.0,,0.0,
"[[0, -1, -1], [1, 0, -1], [1, 1, 0]]",0.0,,,,-4.0,,,,0.0
"[[0, -1, -1], [1, 0, -1], [1, 0, 1]]",0.0,,,,-2.0,,,0.0,
"[[0, -1, -1], [1, 0, 0], [1, -1, 1]]",0.0,,,,0.0,-2.0,,,
"[[0, -1, -1], [1, 0, 0], [1, 1, -1]]",0.0,,,,-2.0,0.0,,,
"[[0, -1, -1], [1, -1, 0], [0, 1, 1]]",0.0,,,,,-2.0,0.0,,
"[[0, -1, -1], [1, 0, -1], [0, 1, 1]]",0.0,,,,-2.0,,0.0,,
"[[0, -1, -1], [1, 0, 0], [-1, 1, 1]]",0.0,,,,0.0,0.0,,,
"[[0, -1, 0], [1, -1, 1], [-1, 1, 0]]",0.0,,0.0,,,,,,0.0
"[[0, -1, 0], [1, -1, 1], [-1, 0, 1]]",-6.0,,0.0,,,,,0.0,
"[[0, -1, 0], [1, -1, 1], [1, 0, -1]]",0.0,,-4.0,,,,,0.0,
"[[0, -1, 0], [1, -1, 1], [0, 1, -1]]",0.0,,0.0,,,,0.0,,
"[[0, -1, 0], [1, -1, -1], [1, 1, 0]]",-2.0,,-12.0,,,,,,-6.0
"[[0, -1, 0], [1, -1, -1], [1, 0, 1]]",-6.0,,-8.0,,,,,0.0,
"[[0, -1, 0], [1, -1, 0], [1, 1, -1]]",0.0,,-6.0,,,-6.0,,,
"[[0, -1, 0], [1, -1, -1], [0, 1, 1]]",-7.5,,0.0,,,,2.5,,
"[[0, -1, 0], [1, -1, 0], [-1, 1, 1]]",2.5,,0.0,,,1.0,,,
"[[0, -1, 0], [1, 1, -1], [-1, 1, 0]]",0.5,,0.0,,,,,,0.5
"[[0, -1, 0], [1, 1, -1], [-1, 0, 1]]",2.5,,0.0,,,,,-2.0,
"[[0, -1, 0], [1, 1, -1], [1, -1, 0]]",-2.0,,-4.0,,,,,,-2.0
"[[0, -1, 0], [1, 1, -1], [0, -1, 1]]",0.0,,0.0,,,,2.5,,
"[[0, -1, 0], [1, 1, -1], [1, 0, -1]]",-6.0,,0.0,,,,,-2.0,
"[[0, -1, 0], [1, 1, -1], [0, 1, -1]]",3.0,,0.0,,,,0.5,,
"[[0, -1, 0], [1, 0, -1], [1, -1, 1]]",0.0,,0.0,,0.0,,,,
"[[0, -1, 0], [1, 0, -1], [1, 1, -1]]",0.0,,0.0,,0.0,,,,
"[[0, -1, 0], [1, 0, -1], [-1, 1, 1]]",0.0,,0.0,,0.5,,,,
"[[0, -1, 0], [1, 1, 0], [-1, -1, 1]]",-1.0,,-2.0,,,-9.5,,,
"[[0, -1, 0], [1, 1, 0], [-1, 1, -1]]",0.0,,-6.0,,,1.5,,,
"[[0, -1, 0], [1, 0, 1], [-1, -1, 1]]",-2.0,,-4.0,,0.0,,,,
"[[0, -1, 0], [1, 0, 1], [-1, 1, -1]]",0.0,,-2.0,,0.0,,,,
"[[0, -1, 0], [1, 1, 0], [1, -1, -1]]",-6.0,,-2.0,,,-4.0,,,
"[[0, -1, 0], [1, 0, 1], [1, -1, -1]]",0.0,,-6.0,,0.0,,,,
"[[0, -1, -1], [-1, 1, 1], [1, 0, 0]]",0.0,,,,,,,0.5,1.5
"[[0, -1, -1], [-1, 1, 1], [0, 1, 0]]",0.0,,,,,,2.0,,0.5
"[[0, -1, -1], [-1, 1, 1], [0, 0, 1]]",0.0,,,,,,-4.0,-4.0,
"[[0, -1, -1], [0, 1, 1], [-1, 1, 0]]",0.0,,,1.0,,,,,-1.0
"[[0, -1, -1], [0, 1, 1], [-1, 0, 1]]",0.0,,,-2.0,,,,-6.0,
"[[0, -1, -1], [0, 1, 1], [1, -1, 0]]",0.0,,,2.0,,,,,0.0
"[[0, -1, -1], [0, 1, 1], [0, -1, 1]]",0.0,,,-6.0,,,-6.0,,
"[[0, -1, -1], [0, 1, 1], [1, 0, -1]]",0.0,,,1.0,,,,-7.0,
"[[0, -1, -1], [0, 1, 1], [0, 1, -1]]",0.0,,,1.0,,,-4.0,,
"[[0, -1, -1], [-1, 1, 0], [1, 1, 0]]",0.0,,,,,-4.0,,,0.0
"[[0, -1, -1], [-1, 1, 0], [1, 0, 1]]",0.0,,,,,-6.0,,0.0,
"[[0, -1, -1], [0, 1, -1], [1, 1, 0]]",0.0,,,-6.0,,,,,0.0
"[[0, -1, -1], [0, 1, -1], [1, 0, 1]]",0.0,,,-10.0,,,,-2.0,
"[[0, -1, -1], [0, 1, 0], [1, -1, 1]]",0.0,,,-8.0,,-8.0,,,
"[[0, -1, -1], [0, 1, 0], [1, 1, -1]]",0.0,,,0.0,,0.0,,,
"[[0, -1, -1], [-1, 1, 0], [0, 1, 1]]",0.0,,,,,-2.0,-4.0,,
"[[0, -1, -1], [0, 1, -1], [0, 1, 1]]",0.0,,,-2.0,,,-2.0,,
"[[0, -1, -1], [0, 1, 0], [-1, 1, 1]]",0.0,,,0.0,,-4.0,,,
"[[0, -1, 0], [-1, 1, 1], [-1, 1, 0]]",0.0,,1.5,,,,,,0.5
"[[0, -1, 0], [-1, 1, 1], [-1, 0, 1]]",0.0,,-2.0,,,,,-6.0,
"[[0, -1, 0], [-1, 1, 1], [1, -1, 0]]",-6.0,,0.5,,,,,,-4.0
"[[0, -1, 0], [-1, 1, 1], [0, -1, 1]]",-4.0,,-4.0,,,,-6.0,,
"[[0, -1, 0], [-1, 1, 1], [1, 0, -1]]",-4.0,,0.5,,,,,-1.0,
"[[0, -1, 0], [-1, 1, 1], [0, 1, -1]]",0.0,,1.5,,,,0.0,,
"[[0, -1, 0], [-1, 1, -1], [1, 1, 0]]",-2.0,,-4.0,,,,,,0.0
"[[0, -1, 0], [-1, 1, -1], [1, 0, 1]]",-6.0,,-6.0,,,,,-8.0,
"[[0, -1, 0], [-1, 1, 0], [1, -1, 1]]",-2.0,,0.0,,,-2.0,,,
"[[0, -1, 0], [-1, 1, 0], [1, 1, -1]]",-8.0,,0.0,,,-12.0,,,
"[[0, -1, 0], [-1, 1, -1], [0, 1, 1]]",-4.0,,-4.0,,,,-2.0,,
"[[0, -1, 0], [-1, 1, 0], [-1, 1, 1]]",0.0,,-4.0,,,-4.0,,,
"[[0, -1, 0], [0, 1, -1], [1, -1, 1]]",-8.0,,-4.0,-4.0,,,,,
"[[0, -1, 0], [0, 1, -1], [1, 1, -1]]",-6.0,,0.0,0.0,,,,,
"[[0, -1, 0], [0, 1, -1], [-1, 1, 1]]",0.0,,-8.0,-6.0,,,,,
"[[0, -1, 0], [0, 1, 1], [-1, -1, 1]]",-10.0,,-6.0,-6.0,,,,,
"[[0, -1, 0], [0, 1, 1], [-1, 1, -1]]",-8.0,,-1.5,3.0,,,,,
"[[0, -1, 0], [0, 1, 1], [1, -1, -1]]",-10.0,,-4.0,-6.0,,,,,
"[[0, -1, -1], [-1, 0, 1], [1, 1, 0]]",0.0,,,,-3.5,,,,1.5
"[[0, -1, -1], [-1, 0, 1], [1, 0, 1]]",0.0,,,,-4.0,,,0.0,
"[[0, -1, -1], [0, -1, 1], [1, 1, 0]]",0.0,,,-4.0,,,,,2.5
"[[0, -1, -1], [0, -1, 1], [1, 0, 1]]",0.0,,,-2.0,,,,0.0,
"[[0, -1, -1], [0, 0, 1], [1, -1, 1]]",0.0,,,0.0,0.0,,,,
"[[0, -1, -1], [0, 0, 1], [1, 1, -1]]",0.0,,,0.0,0.5,,,,
"[[0, -1, -1], [-1, 0, 1], [0, 1, 1]]",0.0,,,,-2.0,,0.0,,
"[[0, -1, -1], [0, -1, 1], [0, 1, 1]]",0.0,,,-2.0,,,0.0,,
"[[0, -1, -1], [0, 0, 1], [-1, 1, 1]]",0.0,,,0.0,0.0,,,,
"[[0, -1, 0], [-1, -1, 1], [1, 1, 0]]",-2.0,,-2.0,,,,,,1.0
"[[0, -1, 0], [-1, -1, 1], [1, 0, 1]]",-10.0,,-4.0,,,,,0.0,
"[[0, -1, 0], [-1, 0, 1], [1, -1, 1]]",-4.0,,0.0,,0.0,,,,
"[[0, -1, 0], [-1, 0, 1], [1, 1, -1]]",0.0,,0.0,,0.0,,,,
"[[0, -1, 0], [-1, -1, 1], [0, 1, 1]]",-6.0,,-2.0,,,,-2.0,,
"[[0, -1, 0], [-1, 0, 1], [-1, 1, 1]]",0.0,,0.0,,-4.0,,,,
"[[0, -1, 0], [0, -1, 1], [1, 1, -1]]",0.0,,0.5,2.0,,,,,
"[[0, -1, 0], [0, -1, 1], [-1, 1, 1]]",-6.0,,0.0,0.0,,,,,
"[[1, 1, -1], [-1, -1, 1], [0, 0, 0]]",,,,,,,0.0,2.0,3.5
"[[1, 1, -1], [-1, -1, 0], [1, 0, 0]]",,,,,,0.0,,7.0,3.0
"[[1, 1, -1], [-1, -1, 0], [0, 1, 0]]",,,,,,0.0,0.0,,0.0
"[[1, 1, -1], [-1, -1, 0], [0, 0, 1]]",,,,,,0.0,0.0,0.0,
"[[1, 1, -1], [-1, 1, -1], [0, 0, 0]]",,,,,,,-2.0,-2.0,0.0
"[[1, 1, -1], [-1, 0, -1], [1, 0, 0]]",,,,,0.0,,,0.0,0.0
"[[1, 1, -1], [-1, 0, -1], [0, 1, 0]]",,,,,0.0,,-2.0,,0.0
"[[1, 1, -1], [-1, 0, -1], [0, 0, 1]]",,,,,0.0,,-4.0,-2.0,
"[[1, 1, -1], [-1, 1, 0], [-1, 0, 0]]",,,,,,-2.0,,0.0,-2.0
"[[1, 1, -1], [-1, 0, 1], [-1, 0, 0]]",,,,,0.0,,,0.0,0.0
"[[1, 1, -1], [-1, 0, 0], [-1, 1, 0]]",,,,,0.0,0.0,,,-2.0
"[[1, 1, -1], [-1, 0, 0], [-1, 0, 1]]",,,,,0.0,0.0,,-4.0,
"[[1, 1, -1], [-1, 1, 0], [0, -1, 0]]",,,,,,0.0,-6.0,,0.0
"[[1, 1, -1], [-1, 0, 1], [0, -1, 0]]",,,,,1.0,,0.0,,1.0
"[[1, 1, -1], [-1, 0, 0], [1, -1, 0]]",,,,,1.5,0.0,,,0.0
"[[1, 1, -1], [-1, 0, 0], [0, -1, 1]]",,,,,0.0,-4.0,0.0,,
"[[1, 1, -1], [-1, 1, 0], [0, 0, -1]]",,,,,,0.0,-2.0,0.0,
"[[1, 1, -1], [-1, 0, 1], [0, 0, -1]]",,,,,0.5,,0.0,1.0,
"[[1, 1, -1], [-1, 0, 0], [1, 0, -1]]",,,,,0.0,0.0,,0.5,
"[[1, 1, -1], [-1, 0, 0], [0, 1, -1]]",,,,,0.0,0.0,-8.0,,
"[[1, 0, -1], [-1, 1, -1], [1, 0, 0]]",,-2.0,,,,,,-2.0,0.0
"[[1, 0, -1], [-1, 1, -1], [0, 1, 0]]",,-2.0,,,,,-14.0,,0.0
"[[1, 0, -1], [-1, 1, 1], [-1, 0, 0]]",,-1.5,,,,,,-8.0,1.5
"[[1, 0, -1], [-1, 1, 0], [-1, 1, 0]]",,-4.0,,,,-10.0,,,-4.5
"[[1, 0, -1], [-1, 1, 1], [0, -1, 0]]",,-8.0,,,,,-2.0,,2.0
"[[1, 0, -1], [-1, 1, 0], [1, -1, 0]]",,-1.5,,,,-6.0,,,0.0
"[[1, 0, -1], [-1, 1, 1], [0, 0, -1]]",,0.0,,,,,3.0,0.5,
"[[1, 0, -1], [-1, 1, 0], [1, 0, -1]]",,4.0,,,,0.0,,1.0,
"[[1, 0, -1], [-1, 1, 0], [0, 1, -1]]",,4.0,,,,0.0,-3.0,,
"[[1, 0, -1], [-1, -1, 1], [1, 0, 0]]",,2.0,,,,,,2.5,4.5
"[[1, 0, -1], [-1, -1, 1], [0, 1, 0]]",,1.5,,,,,0.0,,0.0
"[[1, 0, -1], [-1, -1, 1], [0, 0, 1]]",,0.0,,,,,0.0,0.0,
"[[1, 0, -1], [-1, 0, 1], [-1, 1, 0]]",,0.5,,,0.0,,,,0.0
"[[1, 0, -1], [-1, 0, 1], [-1, 0, 1]]",,-4.0,,,0.0,,,-6.0,
"[[1, 0, -1], [-1, 0, 1], [1, -1, 0]]",,0.5,,,1.5,,,,0.0
"[[1, 0, -1], [-1, 0, 1], [0, -1, 1]]",,-6.0,,,0.0,,-4.0,,
"[[1, 0, -1], [-1, 0, 1], [1, 0, -1]]",,4.0,,,1.5,,,1.0,
"[[1, 0, -1], [-1, 0, 1], [0, 1, -1]]",,2.0,,,1.0,,0.0,,
"[[1, 0, -1], [-1, -1, 0], [1, 1, 0]]",,-3.5,,,,0.0,,,2.0
"[[1, 0, -1], [-1, -1, 0], [1, 0, 1]]",,0.0,,,,0.0,,0.0,
"[[1, 0, -1], [-1, 0, -1], [1, 1, 0]]",,-4.0,,,0.0,,,,0.0
"[[1, 0, -1], [-1, 0, -1], [1, 0, 1]]",,-10.0,,,0.0,,,-2.0,
"[[1, 0, -1], [-1, 0, 0], [1, -1, 1]]",,-6.0,,,0.0,-4.0,,,
"[[1, 0, -1], [-1, 0, 0], [1, 1, -1]]",,0.5,,,1.5,0.0,,,
"[[1, 0, -1], [-1, -1, 0], [0, 1, 1]]",,-10.0,,,,0.0,0.0,,
"[[1, 0, -1], [-1, 0, -1], [0, 1, 1]]",,-2.0,,,0.0,,-2.0,,
"[[1, 0, -1], [-1, 0, 0], [-1, 1, 1]]",,0.0,,,0.0,-2.0,,,
"[[1, 1, -1], [1, -1, -1], [0, 0, 0]]",,,,,,,0.0,-10.0,0.0
"[[1, 1, -1], [0, -1, -1], [1, 0, 0]]",,,,0.0,,,,-8.0,0.0
"[[1, 1, -1], [0, -1, -1], [0, 1, 0]]",,,,0.0,,,0.0,,0.0
"[[1, 1, -1], [0, -1, -1], [0, 0, 1]]",,,,0.0,,,0.0,0.0,
"[[1, 1, -1], [1, -1, 0], [0, -1, 0]]",,,,,,-2.0,0.0,,-14.0
"[[1, 1, -1], [0, -1, 1], [0, -1, 0]]",,,,1.0,,,0.0,,2.0
"[[1, 1, -1], [0, -1, 0], [1, -1, 0]]",,,,5.5,,-14.0,,,-9.0
"[[1, 1, -1], [0, -1, 0], [0, -1, 1]]",,,,0.0,,0.0,0.0,,
"[[1, 1, -1], [1, -1, 0], [0, 0, -1]]",,,,,,0.0,0.0,-4.0,
"[[1, 1, -1], [0, -1, 1], [0, 0, -1]]",,,,2.5,,,0.0,1.5,
"[[1, 1, -1], [0, -1, 0], [1, 0, -1]]",,,,5.5,,0.0,,-1.0,
"[[1, 1, -1], [0, -1, 0], [0, 1, -1]]",,,,0.0,,0.0,0.0,,
"[[1, 0, -1], [1, -1, -1], [0, 1, 0]]",,-2.0,,,,,0.0,,0.0
"[[1, 0, -1], [1, -1, -1], [0, 0, 1]]",,-6.0,,,,,0.0,-8.0,
"[[1, 0, -1], [1, -1, 1], [0, -1, 0]]",,0.0,,,,,0.0,,-2.0
"[[1, 0, -1], [1, -1, 0], [0, -1, 1]]",,0.0,,,,-4.0,0.0,,
"[[1, 0, -1], [1, -1, 1], [0, 0, -1]]",,-4.0,,,,,0.0,-2.0,
"[[1, 0, -1], [1, -1, 0], [0, 1, -1]]",,-2.0,,,,0.0,0.0,,
"[[1, 0, -1], [0, -1, 1], [1, -1, 0]]",,0.0,,2.0,,,,,0.5
"[[1, 0, -1], [0, -1, 1], [0, -1, 1]]",,0.0,,0.0,,,0.0,,
"[[1, 0, -1], [0, -1, 1], [1, 0, -1]]",,-1.5,,5.0,,,,-9.5,
"[[1, 0, -1], [0, -1, 1], [0, 1, -1]]",,1.5,,0.5,,,0.0,,
"[[1, 0, -1], [0, -1, -1], [1, 1, 0]]",,-8.0,,0.0,,,,,0.0
"[[1, 0, -1], [0, -1, -1], [1, 0, 1]]",,-8.0,,0.0,,,,-10.0,
"[[1, 0, -1], [0, -1, 0], [1, -1, 1]]",,0.0,,0.0,,-4.0,,,
"[[1, 0, -1], [0, -1, 0], [1, 1, -1]]",,-4.0,,3.0,,0.0,,,
"[[1, 0, -1], [0, -1, -1], [0, 1, 1]]",,-4.0,,0.0,,,0.0,,
"[[1, 1, -1], [1, 0, -1], [-1, 0, 0]]",,,,,0.0,,,0.0,0.0
"[[1, 1, -1], [0, 1, -1], [-1, 0, 0]]",,,,-6.0,,,,-2.0,0.0
"[[1, 1, -1], [0, 0, -1], [-1, 1, 0]]",,,,-6.0,0.0,,,,0.0
"[[1, 1, -1], [0, 0, -1], [-1, 0, 1]]",,,,-2.0,0.0,,,-4.0,
"[[1, 1, -1], [1, 0, -1], [0, -1, 0]]",,,,,0.0,,0.0,,0.0
"[[1, 1, -1], [0, 1, -1], [0, -1, 0]]",,,,-2.0,,,0.0,,0.0
"[[1, 1, -1], [0, 0, -1], [1, -1, 0]]",,,,0.0,0.0,,,,0.0
"[[1, 1, -1], [0, 0, -1], [0, -1, 1]]",,,,-4.0,0.0,,0.0,,
"[[1, 0, -1], [1, 1, -1], [-1, 0, 0]]",,-2.0,,,,,,0.0,0.0
"[[1, 0, -1], [1, 0, -1], [-1, 1, 0]]",,0.0,,,0.0,,,,0.0
"[[1, 0, -1], [1, 0, -1], [-1, 0, 1]]",,0.0,,,0.0,,,-6.0,
"[[1, 0, -1], [1, 1, -1], [0, -1, 0]]",,-8.0,,,,,-2.0,,0.0
"[[1, 0, -1], [1, 0, -1], [0, -1, 1]]",,-2.0,,,-2.0,,0.0,,
"[[1, 0, -1], [0, 1, -1], [-1, 1, 0]]",,-4.0,,-14.0,,,,,0.0
"[[1, 0, -1], [0, 1, -1], [1, -1, 0]]",,-6.0,,-4.0,,,,,0.0
"[[1, 0, -1], [0, 0, -1], [1, -1, 1]]",,-8.0,,-6.0,-4.0,,,,
"[[1, 0, -1], [0, 0, -1], [-1, 1, 1]]",,-4.0,,0.0,0.0,,,,
"[[1, 1, -1], [1, 0, 0], [-1, -1, 0]]",,,,,0.0,0.0,,,0.0
"[[1, 1, -1], [0, 1, 0], [-1, -1, 0]]",,,,0.0,,-6.0,,,0.0
"[[1, 1, -1], [0, 0, 1], [-1, -1, 0]]",,,,0.0,0.0,,,,0.0
"[[1, 1, -1], [0, 0, 0], [-1, -1, 1]]",,,,-8.0,0.0,-2.0,,,
"[[1, 1, -1], [1, 0, 0], [-1, 0, -1]]",,,,,0.0,0.0,,0.0,
"[[1, 1, -1], [0, 1, 0], [-1, 0, -1]]",,,,-2.0,,0.0,,0.0,
"[[1, 1, -1], [0, 0, 1], [-1, 0, -1]]",,,,0.0,0.0,,,0.0,
"[[1, 1, -1], [0, 0, 0], [-1, 1, -1]]",,,,-2.0,0.0,0.0,,,
"[[1, 0, -1], [1, 1, 0], [-1, -1, 0]]",,-6.0,,,,-4.0,,,0.0
"[[1, 0, -1], [1, 0, 1], [-1, -1, 0]]",,-2.0,,,0.0,,,,0.0
"[[1, 0, -1], [1, 0, 0], [-1, -1, 1]]",,-2.0,,,0.0,-8.0,,,
"[[1, 0, -1], [1, 1, 0], [-1, 0, -1]]",,-2.0,,,,0.0,,0.0,
"[[1, 0, -1], [1, 0, 1], [-1, 0, -1]]",,-2.0,,,0.0,,,0.0,
"[[1, 0, -1], [1, 0, 0], [-1, 1, -1]]",,0.0,,,0.0,0.0,,,
"[[1, 0, -1], [0, 1, 1], [-1, -1, 0]]",,-6.0,,-10.0,,,,,0.0
"[[1, 0, -1], [0, 1, 1], [-1, 0, -1]]",,-6.0,,5.0,,,,0.0,
"[[1, 0, -1], [0, 1, 0], [-1, 1, -1]]",,1.5,,-0.5,,0.0,,,
"[[1, 0, -1], [0, 0, 1], [-1, -1, 1]]",,-2.0,,-8.0,0.0,,,,
"[[1, 0, -1], [0, 0, 1], [-1, 1, -1]]",,0.0,,1.0,0.0,,,,
"[[1, 1, -1], [1, 0, 0], [0, -1, -1]]",,,,,-2.0,0.0,0.0,,
"[[1, 1, -1], [0, 1, 0], [0, -1, -1]]",,,,0.0,,0.0,0.0,,
"[[1, 1, -1], [0, 0, 1], [0, -1, -1]]",,,,2.0,0.5,,0.0,,
"[[1, 1, -1], [0, 0, 0], [1, -1, -1]]",,,,0.5,0.5,0.0,,,
"[[1, 0, -1], [1, 1, 0], [0, -1, -1]]",,-10.0,,,,0.0,0.0,,
"[[1, 0, -1], [1, 0, 1], [0, -1, -1]]",,-2.0,,,-4.0,,0.0,,
"[[1, 0, -1], [0, 1, 1], [0, -1, -1]]",,-6.0,,1.0,,,0.0,,
"[[1, 0, -1], [0, 1, 0], [1, -1, -1]]",,-1.5,,1.5,,0.0,,,
"[[1, 0, -1], [0, 0, 1], [1, -1, -1]]",,0.5,,2.0,-5.0,,,,
"[[0, 1, -1], [-1, 1, -1], [1, 0, 0]]",-6.0,,,,,,,1.0,0.0
"[[0, 1, -1], [-1, 1, -1], [0, 0, 1]]",-1.0,,,,,,-6.0,-3.0,
"[[0, 1, -1], [-1, 1, 1], [-1, 0, 0]]",0.0,,,,,,,0.0,-6.0
"[[0, 1, -1], [-1, 1, 0], [-1, 0, 1]]",0.0,,,,,-6.0,,-10.0,
"[[0, 1, -1], [-1, 1, 1], [0, -1, 0]]",0.5,,,,,,0.0,,1.5
"[[0, 1, -1], [-1, 1, 0], [1, -1, 0]]",0.0,,,,,1.0,,,1.5
"[[0, 1, -1], [-1, 1, 0], [0, -1, 1]]",0.5,,,,,1.5,-4.0,,
"[[0, 1, -1], [-1, 1, 1], [0, 0, -1]]",-8.0,,,,,,-6.0,1.5,
"[[0, 1, -1], [-1, 1, 0], [1, 0, -1]]",-7.0,,,,,0.0,,2.0,
"[[0, 1, -1], [-1, -1, 1], [1, 0, 0]]",1.5,,,,,,,2.5,5.0
"[[0, 1, -1], [-1, -1, 1], [0, 1, 0]]",0.0,,,,,,0.0,,0.0
"[[0, 1, -1], [-1, -1, 1], [0, 0, 1]]",2.5,,,,,,0.0,2.0,
"[[0, 1, -1], [-1, 0, 1], [-1, 1, 0]]",0.0,,,,0.0,,,,-2.0
"[[0, 1, -1], [-1, 0, 1], [-1, 0, 1]]",0.0,,,,0.0,,,0.0,
"[[0, 1, -1], [-1, 0, 1], [1, -1, 0]]",3.0,,,,1.0,,,,1.5
"[[0, 1, -1], [-1, 0, 1], [0, -1, 1]]",0.5,,,,0.0,,0.0,,
"[[0, 1, -1], [-1, 0, 1], [1, 0, -1]]",0.5,,,,0.5,,,2.0,
"[[0, 1, -1], [-1, 0, 1], [0, 1, -1]]",-2.0,,,,0.0,,-2.0,,
"[[0, 1, -1], [-1, -1, 0], [1, 1, 0]]",-8.0,,,,,0.0,,,0.0
"[[0, 1, -1], [-1, -1, 0], [1, 0, 1]]",1.0,,,,,0.0,,2.0,
"[[0, 1, -1], [-1, 0, -1], [1, 1, 0]]",-2.0,,,,0.0,,,,0.0
"[[0, 1, -1], [-1, 0, -1], [1, 0, 1]]",1.0,,,,0.0,,,0.0,
"[[0, 1, -1], [-1, 0, 0], [1, -1, 1]]",1.0,,,,0.5,0.5,,,
"[[0, 1, -1], [-1, 0, 0], [1, 1, -1]]",-4.0,,,,0.0,0.0,,,
"[[0, 1, -1], [-1, -1, 0], [0, 1, 1]]",-6.0,,,,,0.0,0.0,,
"[[0, 1, -1], [-1, 0, -1], [0, 1, 1]]",-2.0,,,,0.0,,0.0,,
"[[0, 1, -1], [-1, 0, 0], [-1, 1, 1]]",0.0,,,,0.0,-2.0,,,
"[[0, 1, -1], [1, -1, -1], [1, 0, 0]]",1.5,,,,,,,-2.5,0.0
"[[0, 1, -1], [1, -1, -1], [0, 1, 0]]",0.0,,,,,,0.0,,0.0
"[[0, 1, -1], [1, -1, -1], [0, 0, 1]]",0.0,,,,,,0.0,1.5,
"[[0, 1, -1], [1, -1, 1], [0, -1, 0]]",0.0,,,,,,0.0,,0.0
"[[0, 1, -1], [1, -1, 0], [1, -1, 0]]",2.0,,,,,-8.0,,,-4.0
"[[0, 1, -1], [1, -1, 0], [0, -1, 1]]",1.5,,,,,0.0,0.0,,
"[[0, 1, -1], [1, -1, 1], [0, 0, -1]]",0.0,,,,,,0.0,0.0,
"[[0, 1, -1], [1, -1, 0], [1, 0, -1]]",0.0,,,,,0.0,,-2.0,
"[[0, 1, -1], [1, -1, 0], [0, 1, -1]]",0.0,,,,,0.0,0.0,,
"[[0, 1, -1], [0, -1, 1], [1, -1, 0]]",1.5,,,2.0,,,,,1.0
"[[0, 1, -1], [0, -1, 1], [0, -1, 1]]",1.5,,,0.0,,,0.0,,
"[[0, 1, -1], [0, -1, 1], [1, 0, -1]]",0.0,,,0.0,,,,1.0,
"[[0, 1, -1], [0, -1, 1], [0, 1, -1]]",0.0,,,0.0,,,0.0,,
"[[0, 1, -1], [0, -1, -1], [1, 1, 0]]",-2.0,,,0.0,,,,,0.0
"[[0, 1, -1], [0, -1, -1], [1, 0, 1]]",-2.5,,,0.0,,,,2.0,
"[[0, 1, -1], [0, -1, 0], [1, -1, 1]]",1.5,,,0.0,,1.0,,,
"[[0, 1, -1], [0, -1, 0], [1, 1, -1]]",0.0,,,0.0,,0.0,,,
"[[0, 1, -1], [0, -1, -1], [0, 1, 1]]",-6.0,,,0.0,,,0.0,,
"[[0, 1, -1], [1, 1, -1], [-1, 0, 0]]",-3.5,,,,,,,1.0,0.0
"[[0, 1, -1], [1, 0, -1], [-1, 1, 0]]",-2.0,,,,0.0,,,,0.0
"[[0, 1, -1], [1, 0, -1], [-1, 0, 1]]",0.5,,,,0.0,,,0.5,
"[[0, 1, -1], [1, 1, -1], [0, -1, 0]]",1.0,,,,,,0.0,,0.0
"[[0, 1, -1], [1, 0, -1], [1, -1, 0]]",0.5,,,,-2.5,,,,0.0
"[[0, 1, -1], [1, 0, -1], [0, -1, 1]]",2.5,,,,0.5,,1.0,,
"[[0, 1, -1], [0, 1, -1], [-1, 0, 1]]",-7.5,,,-4.0,,,,-5.5,
"[[0, 1, -1], [0, 1, -1], [1, -1, 0]]",0.5,,,0.5,,,,,0.0
"[[0, 1, -1], [0, 1, -1], [0, -1, 1]]",2.0,,,-8.5,,,-5.5,,
"[[0, 1, -1], [0, 0, -1], [1, -1, 1]]",0.5,,,0.0,0.5,,,,
"[[0, 1, -1], [0, 0, -1], [-1, 1, 1]]",-4.0,,,-6.0,0.0,,,,
"[[0, 1, -1], [1, 1, 0], [-1, -1, 0]]",-2.0,,,,,0.5,,,0.0
"[[0, 1, -1], [1, 0, 1], [-1, -1, 0]]",-6.0,,,,0.0,,,,0.0
"[[0, 1, -1], [1, 0, 0], [-1, -1, 1]]",0.0,,,,0.0,2.0,,,
"[[0, 1, -1], [1, 1, 0], [-1, 0, -1]]",-14.0,,,,,0.0,,0.0,
"[[0, 1, -1], [1, 0, 1], [-1, 0, -1]]",-2.0,,,,0.0,,,0.0,
"[[0, 1, -1], [1, 0, 0], [-1, 1, -1]]",-2.0,,,,0.0,0.0,,,
"[[0, 1, -1], [0, 1, 1], [-1, -1, 0]]",-2.0,,,0.0,,,,,0.0
"[[0, 1, -1], [0, 1, 0], [-1, -1, 1]]",2.5,,,-2.0,,-4.0,,,
"[[0, 1, -1], [0, 1, 1], [-1, 0, -1]]",-8.0,,,-10.0,,,,0.0,
"[[0, 1, -1], [0, 0, 1], [-1, -1, 1]]",0.0,,,0.0,0.0,,,,
"[[0, 1, -1], [0, 0, 1], [-1, 1, -1]]",-10.0,,,-2.0,0.0,,,,
"[[0, 1, -1], [1, 1, 0], [0, -1, -1]]",-6.0,,,,,0.0,0.0,,
"[[0, 1, -1], [1, 0, 1], [0, -1, -1]]",-2.0,,,,0.0,,0.0,,
"[[0, 1, -1], [1, 0, 0], [1, -1, -1]]",0.0,,,,-6.0,0.0,,,
"[[0, 1, -1], [0, 1, 1], [0, -1, -1]]",-4.0,,,2.0,,,0.0,,
"[[0, 1, -1], [0, 1, 0], [1, -1, -1]]",0.5,,,1.0,,0.0,,,
"[[0, 1, -1], [0, 0, 1], [1, -1, -1]]",0.0,,,2.0,0.5,,,,
"[[0, 0, -1], [1, -1, 1], [1, -1, 0]]",0.0,0.0,,,,,,,-6.0
"[[0, 0, -1], [1, -1, 1], [0, -1, 1]]",0.0,0.0,,,,,0.0,,
"[[0, 0, -1], [1, -1, 1], [1, 0, -1]]",0.0,-2.0,,,,,,-6.0,
"[[0, 0, -1], [1, -1, 1], [0, 1, -1]]",0.0,0.0,,,,,0.0,,
"[[0, 0, -1], [1, -1, -1], [1, 1, 0]]",-8.0,-2.0,,,,,,,0.0
"[[0, 0, -1], [1, -1, -1], [1, 0, 1]]",-5.5,-6.0,,,,,,-4.5,
"[[0, 0, -1], [1, -1, 0], [1, -1, 1]]",2.0,0.0,,,,-8.0,,,
"[[0, 0, -1], [1, -1, 0], [1, 1, -1]]",0.0,-4.0,,,,0.0,,,
"[[0, 0, -1], [1, -1, -1], [0, 1, 1]]",-6.0,-2.0,,,,,0.0,,
"[[0, 0, -1], [1, 1, -1], [-1, 1, 0]]",-8.0,0.0,,,,,,,0.0
"[[0, 0, -1], [1, 1, -1], [-1, 0, 1]]",1.5,-4.0,,,,,,-1.5,
"[[0, 0, -1], [1, 1, -1], [1, -1, 0]]",0.0,-2.0,,,,,,,0.0
"[[0, 0, -1], [1, 1, -1], [0, -1, 1]]",4.0,-6.0,,,,,0.0,,
"[[0, 0, -1], [1, 0, -1], [1, -1, 1]]",1.0,-2.0,,,-1.5,,,,
"[[0, 0, -1], [1, 0, -1], [-1, 1, 1]]",0.0,0.0,,,0.0,,,,
"[[0, 0, -1], [1, 1, 0], [-1, -1, 1]]",1.0,-2.0,,,,-4.0,,,
"[[0, 0, -1], [1, 1, 0], [-1, 1, -1]]",0.0,-6.0,,,,0.0,,,
"[[0, 0, -1], [1, 0, 1], [-1, -1, 1]]",-2.0,-4.0,,,0.0,,,,
"[[0, 0, -1], [1, 0, 1], [-1, 1, -1]]",0.0,-2.0,,,0.0,,,,
"[[0, 0, -1], [1, 1, 0], [1, -1, -1]]",-4.0,-4.0,,,,0.0,,,
"[[0, 0, -1], [1, 0, 1], [1, -1, -1]]",-6.0,-6.0,,,-4.0,,,,
"[[0, 0, -1], [-1, 1, 1], [-1, 1, 0]]",0.0,1.0,,,,,,,-3.0
"[[0, 0, -1], [-1, 1, 1], [-1, 0, 1]]",0.0,-4.0,,,,,,0.0,
"[[0, 0, -1], [-1, 1, 1], [1, -1, 0]]",0.5,0.5,,,,,,,2.0
"[[0, 0, -1], [-1, 1, 1], [0, -1, 1]]",0.0,-10.0,,,,,-4.0,,
"[[0, 0, -1], [-1, 1, 1], [1, 0, -1]]",2.5,1.5,,,,,,2.0,
"[[0, 0, -1], [-1, 1, 1], [0, 1, -1]]",-2.0,0.5,,,,,-3.5,,
"[[0, 0, -1], [-1, 1, -1], [1, 1, 0]]",0.0,-2.0,,,,,,,0.0
"[[0, 0, -1], [-1, 1, -1], [1, 0, 1]]",-10.5,-12.0,,,,,,-8.0,
"[[0, 0, -1], [-1, 1, 0], [1, -1, 1]]",0.5,-2.0,,,,-1.5,,,
"[[0, 0, -1], [-1, 1, 0], [1, 1, -1]]",-12.0,0.0,,,,0.0,,,
"[[0, 0, -1], [-1, 1, -1], [0, 1, 1]]",-4.0,-4.0,,,,,-8.0,,
"[[0, 0, -1], [-1, 1, 0], [-1, 1, 1]]",0.0,-2.0,,,,-4.0,,,
"[[0, 0, -1], [0, 1, -1], [1, -1, 1]]",1.0,0.0,,-3.5,,,,,
"[[0, 0, -1], [0, 1, -1], [-1, 1, 1]]",-4.0,-4.0,,-4.0,,,,,
"[[0, 0, -1], [0, 1, 1], [-1, -1, 1]]",0.0,-2.0,,-2.0,,,,,
"[[0, 0, -1], [0, 1, 1], [-1, 1, -1]]",-4.0,-7.5,,-5.5,,,,,
"[[0, 0, -1], [0, 1, 1], [1, -1, -1]]",0.0,-2.5,,1.5,,,,,
"[[0, 0, -1], [-1, -1, 1], [1, 1, 0]]",-4.0,-2.0,,,,,,,0.0
"[[0, 0, -1], [-1, -1, 1], [1, 0, 1]]",-11.0,-6.0,,,,,,4.5,
"[[0, 0, -1], [-1, 0, 1], [1, -1, 1]]",0.5,0.0,,,1.0,,,,
"[[0, 0, -1], [-1, 0, 1], [1, 1, -1]]",0.0,1.5,,,0.5,,,,
"[[0, 0, -1], [-1, -1, 1], [0, 1, 1]]",0.0,-4.0,,,,,0.0,,
"[[0, 0, -1], [-1, 0, 1], [-1, 1, 1]]",0.0,0.0,,,0.0,,,,
"[[0, 0, -1], [0, -1, 1], [1, -1, 1]]",3.0,0.0,,2.5,,,,,
"[[0, 0, -1], [0, -1, 1], [1, 1, -1]]",0.0,0.0,,3.5,,,,,
"[[1, 1, 0], [-1, -1, 1], [-1, 0, 0]]",,,0.0,,,,,-14.0,-6.0
"[[1, 1, 0], [-1, -1, 0], [-1, 1, 0]]",,,0.0,,,0.0,,,-4.0
"[[1, 1, 0], [-1, -1, 0], [-1, 0, 1]]",,,0.0,,,0.0,,-2.0,
"[[1, 1, 0], [-1, -1, 1], [0, -1, 0]]",,,1.5,,,,-6.0,,-4.5
"[[1, 1, 0], [-1, -1, 0], [1, -1, 0]]",,,3.0,,,0.0,,,-4.0
"[[1, 1, 0], [-1, -1, 0], [0, -1, 1]]",,,0.0,,,0.0,-6.0,,
"[[1, 1, 0], [-1, -1, 1], [0, 0, -1]]",,,2.5,,,,-8.0,-3.0,
"[[1, 1, 0], [-1, -1, 0], [1, 0, -1]]",,,1.0,,,0.0,,-9.0,
"[[1, 1, 0], [-1, -1, 0], [0, 1, -1]]",,,0.0,,,0.0,-6.0,,
"[[1, 0, 1], [-1, -1, 1], [-1, 0, 0]]",,-4.5,,,,,,-10.0,-6.0
"[[1, 0, 1], [-1, -1, 0], [-1, 1, 0]]",,3.0,,,,0.0,,,0.5
"[[1, 0, 1], [-1, -1, 0], [-1, 0, 1]]",,-6.0,,,,0.0,,-8.0,
"[[1, 0, 1], [-1, -1, 1], [0, -1, 0]]",,0.0,,,,,-12.0,,-10.0
"[[1, 0, 1], [-1, -1, 0], [1, -1, 0]]",,0.0,,,,0.0,,,-6.0
"[[1, 0, 1], [-1, -1, 0], [0, -1, 1]]",,0.0,,,,0.0,-12.0,,
"[[1, 0, 1], [-1, -1, 1], [0, 0, -1]]",,3.0,,,,,-4.0,-12.0,
"[[1, 0, 1], [-1, -1, 0], [1, 0, -1]]",,0.0,,,,0.0,,-8.0,
"[[1, 0, 1], [-1, -1, 0], [0, 1, -1]]",,1.5,,,,0.0,-7.0,,
"[[1, 0, 0], [-1, -1, 1], [-1, 1, 0]]",,0.5,0.0,,,,,,1.0
"[[1, 0, 0], [-1, -1, 1], [-1, 0, 1]]",,-6.0,0.0,,,,,-6.0,
"[[1, 0, 0], [-1, -1, 1], [1, -1, 0]]",,0.0,0.5,,,,,,2.5
"[[1, 0, 0], [-1, -1, 1], [0, -1, 1]]",,0.0,0.0,,,,-6.0,,
"[[1, 0, 0], [-1, -1, 1], [1, 0, -1]]",,5.0,1.5,,,,,1.5,
"[[1, 0, 0], [-1, -1, 1], [0, 1, -1]]",,3.0,1.0,,,,0.5,,
"[[1, 0, 0], [-1, -1, 0], [1, -1, 1]]",,0.0,0.0,,,0.0,,,
"[[1, 0, 0], [-1, -1, 0], [1, 1, -1]]",,3.0,1.5,,,0.0,,,
"[[1, 0, 0], [-1, -1, 0], [-1, 1, 1]]",,0.0,0.0,,,0.0,,,
"[[1, 1, 0], [-1, 1, -1], [-1, 0, 0]]",,,-14.0,,,,,-10.0,-16.0
"[[1, 1, 0], [-1, 0, -1], [-1, 1, 0]]",,,0.0,,0.0,,,,-10.0
"[[1, 1, 0], [-1, 0, -1], [-1, 0, 1]]",,,-6.0,,0.0,,,-10.0,
"[[1, 1, 0], [-1, 1, -1], [0, -1, 0]]",,,-2.0,,,,-10.0,,0.0
"[[1, 1, 0], [-1, 0, -1], [1, -1, 0]]",,,0.0,,0.0,,,,-6.0
"[[1, 1, 0], [-1, 0, -1], [0, -1, 1]]",,,-2.0,,0.0,,-8.0,,
"[[1, 1, 0], [-1, 1, -1], [0, 0, -1]]",,,0.0,,,,-4.0,0.0,
"[[1, 1, 0], [-1, 0, -1], [1, 0, -1]]",,,0.0,,0.0,,,-4.0,
"[[1, 1, 0], [-1, 0, -1], [0, 1, -1]]",,,0.0,,0.0,,-4.0,,
"[[1, 0, 1], [-1, 1, -1], [-1, 0, 0]]",,-5.0,,,,,,-8.0,-3.0
"[[1, 0, 1], [-1, 0, -1], [-1, 1, 0]]",,1.0,,,0.0,,,,-1.5
"[[1, 0, 1], [-1, 0, -1], [-1, 0, 1]]",,-2.0,,,0.0,,,-8.0,
"[[1, 0, 1], [-1, 1, -1], [0, -1, 0]]",,-4.0,,,,,-6.0,,-4.0
"[[1, 0, 1], [-1, 0, -1], [1, -1, 0]]",,-8.0,,,0.0,,,,-2.0
"[[1, 0, 1], [-1, 0, -1], [0, -1, 1]]",,-2.0,,,0.0,,-6.0,,
"[[1, 0, 1], [-1, 1, -1], [0, 0, -1]]",,-5.0,,,,,-1.0,-4.0,
"[[1, 0, 1], [-1, 0, -1], [1, 0, -1]]",,0.0,,,0.0,,,-10.0,
"[[1, 0, 1], [-1, 0, -1], [0, 1, -1]]",,0.0,,,0.0,,-2.0,,
"[[1, 0, 0], [-1, 1, -1], [-1, 1, 0]]",,-5.5,-6.0,,,,,,-3.5
"[[1, 0, 0], [-1, 1, -1], [1, -1, 0]]",,-10.0,-2.0,,,,,,-2.0
"[[1, 0, 0], [-1, 1, -1], [1, 0, -1]]",,-2.0,0.0,,,,,-6.0,
"[[1, 0, 0], [-1, 1, -1], [0, 1, -1]]",,0.0,0.0,,,,-4.0,,
"[[1, 0, 0], [-1, 0, -1], [1, -1, 1]]",,-2.0,-6.0,,0.0,,,,
"[[1, 0, 0], [-1, 0, -1], [1, 1, -1]]",,0.0,0.0,,0.0,,,,
"[[1, 0, 0], [-1, 0, -1], [-1, 1, 1]]",,-4.0,-2.0,,0.0,,,,
"[[1, 1, 0], [-1, 1, 0], [-1, -1, 0]]",,,-2.0,,,-10.0,,,0.0
"[[1, 1, 0], [-1, 0, 1], [-1, -1, 0]]",,,0.0,,-2.0,,,,0.0
"[[1, 1, 0], [-1, 0, 0], [-1, -1, 1]]",,,-2.0,,-8.0,-2.0,,,
"[[1, 1, 0], [-1, 1, 0], [-1, 0, -1]]",,,-4.0,,,-8.0,,0.0,
"[[1, 1, 0], [-1, 0, 1], [-1, 0, -1]]",,,0.0,,0.0,,,0.0,
"[[1, 1, 0], [-1, 0, 0], [-1, 1, -1]]",,,-4.0,,-2.0,0.0,,,
"[[1, 0, 1], [-1, 1, 0], [-1, -1, 0]]",,-6.0,,,,-6.0,,,0.0
"[[1, 0, 1], [-1, 0, 1], [-1, -1, 0]]",,0.0,,,-2.0,,,,0.0
"[[1, 0, 1], [-1, 0, 0], [-1, -1, 1]]",,-12.0,,,-4.0,-2.0,,,
"[[1, 0, 1], [-1, 1, 0], [-1, 0, -1]]",,1.0,,,,1.5,,0.0,
"[[1, 0, 1], [-1, 0, 1], [-1, 0, -1]]",,0.5,,,-4.0,,,0.0,
"[[1, 0, 1], [-1, 0, 0], [-1, 1, -1]]",,1.5,,,-15.0,1.0,,,
"[[1, 0, 0], [-1, 1, 1], [-1, -1, 0]]",,-4.0,0.0,,,,,,0.0
"[[1, 0, 0], [-1, 1, 1], [-1, 0, -1]]",,1.0,3.5,,,,,0.0,
"[[1, 0, 0], [-1, 1, 0], [-1, 1, -1]]",,2.0,-3.0,,,-1.0,,,
"[[1, 0, 0], [-1, 0, 1], [-1, -1, 1]]",,-4.0,-2.0,,-2.0,,,,
"[[1, 0, 0], [-1, 0, 1], [-1, 1, -1]]",,2.5,0.5,,1.5,,,,
"[[1, 1, 0], [-1, 1, 0], [0, -1, -1]]",,,0.0,,,-4.0,0.0,,
"[[1, 1, 0], [-1, 0, 1], [0, -1, -1]]",,,1.0,,-7.5,,0.0,,
"[[1, 1, 0], [-1, 0, 0], [1, -1, -1]]",,,0.5,,-2.0,0.0,,,
"[[1, 0, 1], [-1, 1, 0], [0, -1, -1]]",,-6.0,,,,-6.0,0.0,,
"[[1, 0, 1], [-1, 0, 1], [0, -1, -1]]",,0.0,,,-6.0,,0.0,,
"[[1, 0, 1], [-1, 0, 0], [1, -1, -1]]",,-4.0,,,0.0,-2.0,,,
"[[1, 0, 0], [-1, 1, 1], [0, -1, -1]]",,1.0,0.5,,,,0.0,,
"[[1, 0, 0], [-1, 1, 0], [1, -1, -1]]",,-1.5,0.0,,,0.0,,,
"[[1, 0, 0], [-1, 0, 1], [1, -1, -1]]",,0.5,0.0,,0.0,,,,
"[[0, 1, 1], [-1, -1, 1], [-1, 0, 0]]",0.0,,,,,,,-4.0,-2.0
"[[0, 1, 1], [-1, -1, 0], [-1, 1, 0]]",0.0,,,,,0.0,,,-4.0
"[[0, 1, 1], [-1, -1, 0], [-1, 0, 1]]",0.0,,,,,0.0,,-4.0,
"[[0, 1, 1], [-1, -1, 1], [0, -1, 0]]",-8.0,,,,,,-16.0,,-8.0
"[[0, 1, 1], [-1, -1, 0], [1, -1, 0]]",0.0,,,,,0.0,,,-2.0
"[[0, 1, 1], [-1, -1, 0], [0, -1, 1]]",-2.0,,,,,0.0,-6.0,,
"[[0, 1, 1], [-1, -1, 1], [0, 0, -1]]",0.0,,,,,,-6.0,-2.0,
"[[0, 1, 1], [-1, -1, 0], [1, 0, -1]]",0.0,,,,,0.0,,-4.0,
"[[0, 1, 1], [-1, -1, 0], [0, 1, -1]]",0.0,,,,,0.0,-2.0,,
"[[0, 1, 0], [-1, -1, 1], [-1, 1, 0]]",0.0,,0.0,,,,,,0.0
"[[0, 1, 0], [-1, -1, 1], [-1, 0, 1]]",0.0,,0.0,,,,,-4.0,
"[[0, 1, 0], [-1, -1, 1], [1, -1, 0]]",1.0,,2.0,,,,,,3.0
"[[0, 1, 0], [-1, -1, 1], [0, -1, 1]]",-6.0,,0.0,,,,-8.0,,
"[[0, 1, 0], [-1, -1, 1], [1, 0, -1]]",0.0,,0.0,,,,,1.0,
"[[0, 1, 0], [-1, -1, 1], [0, 1, -1]]",0.0,,0.0,,,,0.0,,
"[[0, 1, 0], [-1, -1, 0], [1, -1, 1]]",1.0,,0.5,,,0.0,,,
"[[0, 1, 0], [-1, -1, 0], [1, 1, -1]]",0.0,,0.0,,,0.0,,,
"[[0, 1, 0], [-1, -1, 0], [-1, 1, 1]]",0.0,,0.0,,,0.0,,,
"[[0, 1, 1], [-1, 1, -1], [-1, 0, 0]]",0.0,,,,,,,0.0,-6.0
"[[0, 1, 1], [-1, 0, -1], [-1, 1, 0]]",0.0,,,,0.0,,,,-12.0
"[[0, 1, 1], [-1, 0, -1], [-1, 0, 1]]",0.0,,,,0.0,,,-4.0,
"[[0, 1, 1], [-1, 1, -1], [0, -1, 0]]",0.0,,,,,,-2.0,,-4.0
"[[0, 1, 1], [-1, 0, -1], [1, -1, 0]]",-6.0,,,,0.0,,,,-2.0
"[[0, 1, 1], [-1, 0, -1], [0, -1, 1]]",0.0,,,,0.0,,-2.0,,
"[[0, 1, 1], [-1, 1, -1], [0, 0, -1]]",-2.0,,,,,,-8.0,-8.0,
"[[0, 1, 1], [-1, 0, -1], [1, 0, -1]]",-2.0,,,,0.0,,,-4.0,
"[[0, 1, 1], [-1, 0, -1], [0, 1, -1]]",-4.0,,,,0.0,,0.0,,
"[[0, 1, 0], [-1, 1, -1], [-1, 0, 1]]",0.0,,-8.0,,,,,-4.0,
"[[0, 1, 0], [-1, 1, -1], [1, -1, 0]]",-3.0,,1.0,,,,,,0.0
"[[0, 1, 0], [-1, 1, -1], [0, -1, 1]]",2.5,,-7.0,,,,-8.0,,
"[[0, 1, 0], [-1, 1, -1], [1, 0, -1]]",-10.0,,0.0,,,,,-4.0,
"[[0, 1, 0], [-1, 0, -1], [1, -1, 1]]",1.0,,0.5,,0.0,,,,
"[[0, 1, 0], [-1, 0, -1], [1, 1, -1]]",-2.0,,0.0,,0.0,,,,
"[[0, 1, 0], [-1, 0, -1], [-1, 1, 1]]",0.0,,-2.0,,0.0,,,,
"[[0, 1, 1], [-1, 1, 0], [-1, -1, 0]]",0.0,,,,,-2.0,,,0.0
"[[0, 1, 1], [-1, 0, 1], [-1, -1, 0]]",0.0,,,,-6.0,,,,0.0
"[[0, 1, 1], [-1, 0, 0], [-1, -1, 1]]",0.0,,,,-14.0,0.0,,,
"[[0, 1, 1], [-1, 1, 0], [-1, 0, -1]]",0.0,,,,,-8.0,,0.0,
"[[0, 1, 1], [-1, 0, 1], [-1, 0, -1]]",0.0,,,,-2.0,,,0.0,
"[[0, 1, 1], [-1, 0, 0], [-1, 1, -1]]",0.0,,,,0.0,-2.0,,,
"[[0, 1, 0], [-1, 1, 1], [-1, -1, 0]]",0.0,,0.0,,,,,,0.0
"[[0, 1, 0], [-1, 1, 0], [-1, -1, 1]]",0.0,,-2.0,,,0.0,,,
"[[0, 1, 0], [-1, 1, 1], [-1, 0, -1]]",0.0,,-6.0,,,,,0.0,
"[[0, 1, 0], [-1, 0, 1], [-1, -1, 1]]",0.0,,0.0,,0.0,,,,
"[[0, 1, 0], [-1, 0, 1], [-1, 1, -1]]",0.0,,-2.0,,0.0,,,,
"[[0, 1, 1], [-1, 1, 0], [0, -1, -1]]",-4.0,,,,,-10.0,0.0,,
"[[0, 1, 1], [-1, 0, 1], [0, -1, -1]]",0.0,,,,-4.0,,0.0,,
"[[0, 1, 1], [-1, 0, 0], [1, -1, -1]]",0.0,,,,-2.0,-2.0,,,
"[[0, 1, 0], [-1, 1, 1], [0, -1, -1]]",0.0,,1.0,,,,0.0,,
"[[0, 1, 0], [-1, 1, 0], [1, -1, -1]]",-6.0,,3.5,,,-4.0,,,
"[[0, 1, 0], [-1, 0, 1], [1, -1, -1]]",0.5,,2.0,,0.0,,,,
"[[0, 0, 1], [-1, -1, 1], [-1, 1, 0]]",0.0,-1.5,,,,,,,0.5
"[[0, 0, 1], [-1, -1, 1], [1, -1, 0]]",-2.0,0.0,,,,,,,0.0
"[[0, 0, 1], [-1, -1, 1], [1, 0, -1]]",0.0,0.0,,,,,,0.0,
"[[0, 0, 1], [-1, -1, 1], [0, 1, -1]]",0.0,1.0,,,,,0.5,,
"[[0, 0, 1], [-1, -1, 0], [1, -1, 1]]",-2.0,0.0,,,,0.0,,,
"[[0, 0, 1], [-1, -1, 0], [1, 1, -1]]",0.0,0.0,,,,0.0,,,
"[[0, 0, 1], [-1, -1, 0], [-1, 1, 1]]",0.0,-4.0,,,,0.0,,,
"[[0, 0, 1], [-1, 1, -1], [-1, 1, 0]]",0.0,0.0,,,,,,,-4.0
"[[0, 0, 1], [-1, 1, -1], [-1, 0, 1]]",0.0,-4.0,,,,,,-4.0,
"[[0, 0, 1], [-1, 1, -1], [0, -1, 1]]",-6.0,-6.0,,,,,-4.0,,
"[[0, 0, 1], [-1, 1, -1], [0, 1, -1]]",-4.0,1.0,,,,,1.0,,
"[[0, 0, 1], [-1, 0, -1], [1, -1, 1]]",0.0,-4.0,,,0.0,,,,
"[[0, 0, 1], [-1, 0, -1], [1, 1, -1]]",-4.0,-2.0,,,0.0,,,,
"[[0, 0, 1], [-1, 0, -1], [-1, 1, 1]]",0.0,0.0,,,0.0,,,,
"[[0, 0, 1], [-1, 1, 1], [-1, -1, 0]]",0.0,0.0,,,,,,,0.0
"[[0, 0, 1], [-1, 1, 0], [-1, -1, 1]]",0.0,-6.0,,,,-6.0,,,
"[[0, 0, 1], [-1, 1, 1], [-1, 0, -1]]",0.0,0.0,,,,,,0.0,
"[[0, 0, 1], [-1, 1, 0], [-1, 1, -1]]",0.0,0.5,,,,-5.5,,,
"[[0, 0, 1], [-1, 0, 1], [-1, 1, -1]]",0.0,0.5,,,0.5,,,,
"[[0, 0, 1], [-1, 1, 1], [0, -1, -1]]",0.0,-10.0,,,,,0.0,,
"[[0, 0, 1], [-1, 0, 1], [1, -1, -1]]",-2.0,-2.0,,,0.0,,,,
"[[0, 0, 0], [-1, 1, -1], [1, -1, 1]]",-1.0,-6.0,-1.5,,,,,,
"[[0, 0, 0], [-1, 1, -1], [1, 1, -1]]",-6.0,-2.0,0.0,,,,,,
"[[0, 0, 0], [-1, 1, -1], [-1, 1, 1]]",0.0,-6.0,-2.0,,,,,,
"[[0, 0, 0], [-1, 1, 1], [-1, -1, 1]]",0.0,-4.0,-2.0,,,,,,
"[[0, 0, 0], [-1, 1, 1], [-1, 1, -1]]",0.0,2.0,-6.0,,,,,,
"[[0, 0, 0], [-1, 1, 1], [1, -1, -1]]",-4.0,-3.5,2.5,,,,,,
"[[0, 0, 0], [-1, -1, 1], [1, -1, 1]]",0.5,0.0,1.5,,,,,,
"[[0, 0, 0], [-1, -1, 1], [1, 1, -1]]",0.0,0.5,3.0,,,,,,
"[[0, 0, 0], [-1, -1, 1], [-1, 1, 1]]",0.0,-6.0,0.0,,,,,,
"[[1, 1, 0], [1, -1, -1], [-1, 0, 0]]",,,0.0,,,,,-2.0,-6.0
"[[1, 1, 0], [0, -1, -1], [-1, 1, 0]]",,,0.0,0.0,,,,,-8.0
"[[1, 1, 0], [0, -1, -1], [-1, 0, 1]]",,,0.0,0.0,,,,-12.0,
"[[1, 1, 0], [1, -1, -1], [0, -1, 0]]",,,-4.0,,,,-10.0,,-4.0
"[[1, 1, 0], [0, -1, -1], [1, -1, 0]]",,,-6.0,0.0,,,,,-10.0
"[[1, 1, 0], [0, -1, -1], [0, -1, 1]]",,,0.0,0.0,,,-4.0,,
"[[1, 1, 0], [1, -1, -1], [0, 0, -1]]",,,0.0,,,,-8.0,-12.0,
"[[1, 1, 0], [0, -1, -1], [1, 0, -1]]",,,0.0,0.0,,,,-10.0,
"[[1, 1, 0], [0, -1, -1], [0, 1, -1]]",,,0.0,0.0,,,-6.0,,
"[[1, 0, 1], [1, -1, -1], [-1, 0, 0]]",,4.5,,,,,,-12.0,-13.0
"[[1, 0, 1], [0, -1, -1], [-1, 1, 0]]",,1.0,,0.0,,,,,-1.0
"[[1, 0, 1], [0, -1, -1], [-1, 0, 1]]",,0.0,,0.0,,,,-2.0,
"[[1, 0, 1], [1, -1, -1], [0, -1, 0]]",,0.0,,,,,-4.0,,-2.0
"[[1, 0, 1], [0, -1, -1], [1, -1, 0]]",,0.0,,0.0,,,,,-20.0
"[[1, 0, 1], [0, -1, -1], [0, -1, 1]]",,0.0,,0.0,,,-8.0,,
"[[1, 0, 1], [1, -1, -1], [0, 0, -1]]",,-5.5,,,,,-10.5,-8.0,
"[[1, 0, 1], [0, -1, -1], [1, 0, -1]]",,0.0,,0.0,,,,-4.0,
"[[1, 0, 1], [0, -1, -1], [0, 1, -1]]",,2.0,,0.0,,,-3.0,,
"[[1, 0, 0], [1, -1, -1], [-1, 1, 0]]",,1.5,0.0,,,,,,2.0
"[[1, 0, 0], [1, -1, -1], [-1, 0, 1]]",,0.0,0.0,,,,,0.0,
"[[1, 0, 0], [1, -1, -1], [0, -1, 1]]",,0.0,-2.0,,,,0.0,,
"[[1, 0, 0], [1, -1, -1], [0, 1, -1]]",,-3.0,0.0,,,,2.0,,
"[[1, 0, 0], [0, -1, -1], [1, -1, 1]]",,0.0,-10.0,0.0,,,,,
"[[1, 0, 0], [0, -1, -1], [1, 1, -1]]",,-6.0,0.0,0.0,,,,,
"[[1, 0, 0], [0, -1, -1], [-1, 1, 1]]",,0.0,0.0,0.0,,,,,
"[[1, 1, 0], [1, -1, 0], [-1, -1, 0]]",,,0.0,,,-8.0,,,0.0
"[[1, 1, 0], [0, -1, 1], [-1, -1, 0]]",,,0.0,-6.0,,,,,0.0
"[[1, 1, 0], [0, -1, 0], [-1, -1, 1]]",,,0.0,-4.0,,-10.0,,,
"[[1, 1, 0], [1, -1, 0], [-1, 0, -1]]",,,0.0,,,-4.0,,0.0,
"[[1, 1, 0], [0, -1, 1], [-1, 0, -1]]",,,0.0,-4.0,,,,0.0,
"[[1, 1, 0], [0, -1, 0], [-1, 1, -1]]",,,0.0,-2.0,,-4.0,,,
"[[1, 0, 1], [1, -1, 0], [-1, -1, 0]]",,0.0,,,,-2.0,,,0.0
"[[1, 0, 1], [0, -1, 1], [-1, -1, 0]]",,0.0,,-8.0,,,,,0.0
"[[1, 0, 1], [0, -1, 0], [-1, -1, 1]]",,0.0,,-6.0,,-4.0,,,
"[[1, 0, 1], [1, -1, 0], [-1, 0, -1]]",,3.5,,,,-11.0,,0.0,
"[[1, 0, 1], [0, -1, 1], [-1, 0, -1]]",,5.0,,-8.5,,,,0.0,
"[[1, 0, 1], [0, -1, 0], [-1, 1, -1]]",,8.0,,-5.0,,-8.5,,,
"[[1, 0, 0], [1, -1, 1], [-1, -1, 0]]",,0.0,0.0,,,,,,0.0
"[[1, 0, 0], [1, -1, 0], [-1, -1, 1]]",,0.0,0.0,,,0.0,,,
"[[1, 0, 0], [1, -1, 1], [-1, 0, -1]]",,0.0,0.0,,,,,0.0,
"[[1, 0, 0], [1, -1, 0], [-1, 1, -1]]",,2.0,0.0,,,3.5,,,
"[[1, 0, 0], [0, -1, 1], [-1, -1, 1]]",,0.0,0.0,0.0,,,,,
"[[1, 0, 0], [0, -1, 1], [-1, 1, -1]]",,0.0,0.0,1.5,,,,,
"[[1, 1, 0], [1, -1, 0], [0, -1, -1]]",,,-4.0,,,-8.0,0.0,,
"[[1, 1, 0], [0, -1, 1], [0, -1, -1]]",,,2.0,-6.0,,,0.0,,
"[[1, 1, 0], [0, -1, 0], [1, -1, -1]]",,,-7.5,-4.5,,-12.0,,,
"[[1, 0, 1], [1, -1, 0], [0, -1, -1]]",,0.0,,,,-2.0,0.0,,
"[[1, 0, 1], [0, -1, 1], [0, -1, -1]]",,0.0,,-8.0,,,0.0,,
"[[1, 0, 1], [0, -1, 0], [1, -1, -1]]",,0.0,,-4.0,,-16.0,,,
"[[1, 0, 0], [1, -1, 1], [0, -1, -1]]",,0.0,-6.0,,,,0.0,,
"[[1, 0, 0], [0, -1, 1], [1, -1, -1]]",,0.0,-2.0,5.0,,,,,
"[[0, 1, 1], [1, -1, -1], [-1, 0, 0]]",6.0,,,,,,,0.0,0.0
"[[0, 1, 1], [0, -1, -1], [-1, 1, 0]]",0.0,,,0.0,,,,,-4.0
"[[0, 1, 1], [0, -1, -1], [-1, 0, 1]]",1.0,,,0.0,,,,-4.0,
"[[0, 1, 1], [1, -1, -1], [0, -1, 0]]",1.5,,,,,,-7.5,,-6.0
"[[0, 1, 1], [0, -1, -1], [1, -1, 0]]",0.0,,,0.0,,,,,-6.0
"[[0, 1, 1], [0, -1, -1], [0, -1, 1]]",3.0,,,0.0,,,-4.5,,
"[[0, 1, 1], [1, -1, -1], [0, 0, -1]]",0.0,,,,,,0.0,-2.0,
"[[0, 1, 1], [0, -1, -1], [1, 0, -1]]",0.0,,,0.0,,,,-4.0,
"[[0, 1, 1], [0, -1, -1], [0, 1, -1]]",0.0,,,0.0,,,-6.0,,
"[[0, 1, 0], [1, -1, -1], [-1, 1, 0]]",0.0,,0.0,,,,,,0.0
"[[0, 1, 0], [1, -1, -1], [-1, 0, 1]]",1.5,,0.0,,,,,2.0,
"[[0, 1, 0], [1, -1, -1], [1, -1, 0]]",2.5,,-1.0,,,,,,-2.0
"[[0, 1, 0], [1, -1, -1], [0, -1, 1]]",5.0,,0.0,,,,1.5,,
"[[0, 1, 0], [1, -1, -1], [1, 0, -1]]",0.0,,0.0,,,,,-2.0,
"[[0, 1, 0], [1, -1, -1], [0, 1, -1]]",0.0,,0.0,,,,0.0,,
"[[0, 1, 0], [0, -1, -1], [1, -1, 1]]",1.5,,2.0,0.0,,,,,
"[[0, 1, 0], [0, -1, -1], [1, 1, -1]]",0.0,,0.0,0.0,,,,,
"[[0, 1, 0], [0, -1, -1], [-1, 1, 1]]",0.0,,0.0,0.0,,,,,
"[[0, 1, 1], [1, -1, 0], [-1, -1, 0]]",0.5,,,,,-6.0,,,0.0
"[[0, 1, 1], [0, -1, 1], [-1, -1, 0]]",-6.0,,,-8.0,,,,,0.0
"[[0, 1, 1], [0, -1, 0], [-1, -1, 1]]",-3.5,,,-6.0,,-3.0,,,
"[[0, 1, 1], [1, -1, 0], [-1, 0, -1]]",0.0,,,,,-8.0,,0.0,
"[[0, 1, 1], [0, -1, 1], [-1, 0, -1]]",0.0,,,-6.0,,,,0.0,
"[[0, 1, 1], [0, -1, 0], [-1, 1, -1]]",0.0,,,-8.0,,-6.0,,,
"[[0, 1, 0], [1, -1, 1], [-1, -1, 0]]",0.0,,0.0,,,,,,0.0
"[[0, 1, 0], [1, -1, 0], [-1, -1, 1]]",0.5,,0.0,,,0.5,,,
"[[0, 1, 0], [1, -1, 1], [-1, 0, -1]]",0.0,,0.0,,,,,0.0,
"[[0, 1, 0], [1, -1, 0], [-1, 1, -1]]",0.0,,0.0,,,0.0,,,
"[[0, 1, 0], [0, -1, 1], [-1, -1, 1]]",-4.0,,0.0,0.0,,,,,
"[[0, 1, 0], [0, -1, 1], [-1, 1, -1]]",0.0,,0.0,0.0,,,,,
"[[0, 1, 1], [1, -1, 0], [0, -1, -1]]",0.0,,,,,-6.0,0.0,,
"[[0, 1, 1], [0, -1, 1], [0, -1, -1]]",0.0,,,-6.0,,,0.0,,
"[[0, 1, 1], [0, -1, 0], [1, -1, -1]]",0.0,,,0.0,,-2.0,,,
"[[0, 1, 0], [1, -1, 1], [0, -1, -1]]",0.0,,0.0,,,,0.0,,
"[[0, 1, 0], [1, -1, 0], [1, -1, -1]]",0.0,,-2.0,,,-6.0,,,
"[[0, 1, 0], [0, -1, 1], [1, -1, -1]]",0.0,,1.5,1.0,,,,,
"[[0, 0, 1], [1, -1, -1], [-1, 1, 0]]",0.0,1.5,,,,,,,2.0
"[[0, 0, 1], [1, -1, -1], [-1, 0, 1]]",4.0,1.5,,,,,,2.5,
"[[0, 0, 1], [1, -1, -1], [1, -1, 0]]",0.0,0.0,,,,,,,-4.0
"[[0, 0, 1], [1, -1, -1], [0, -1, 1]]",1.0,0.0,,,,,2.5,,
"[[0, 0, 1], [1, -1, -1], [1, 0, -1]]",0.0,-4.0,,,,,,-6.0,
"[[0, 0, 1], [1, -1, -1], [0, 1, -1]]",0.0,3.0,,,,,0.5,,
"[[0, 0, 1], [0, -1, -1], [1, -1, 1]]",0.0,0.0,,0.0,,,,,
"[[0, 0, 1], [0, -1, -1], [1, 1, -1]]",0.0,0.0,,0.0,,,,,
"[[0, 0, 1], [0, -1, -1], [-1, 1, 1]]",0.5,4.0,,0.0,,,,,
"[[0, 0, 1], [1, -1, 1], [-1, -1, 0]]",-8.0,0.0,,,,,,,0.0
"[[0, 0, 1], [1, -1, 0], [-1, -1, 1]]",-10.0,0.0,,,,2.5,,,
"[[0, 0, 1], [1, -1, 1], [-1, 0, -1]]",0.0,0.0,,,,,,0.0,
"[[0, 0, 1], [1, -1, 0], [-1, 1, -1]]",0.0,2.0,,,,0.5,,,
"[[0, 0, 1], [0, -1, 1], [-1, 1, -1]]",0.0,1.0,,2.5,,,,,
"[[0, 0, 1], [1, -1, 1], [0, -1, -1]]",0.0,0.0,,,,,0.0,,
"[[0, 0, 1], [1, -1, 0], [1, -1, -1]]",0.0,0.0,,,,-4.0,,,
"[[0, 0, 1], [0, -1, 1], [1, -1, -1]]",0.0,0.0,,0.0,,,,,
"[[0, 0, 0], [1, -1, -1], [1, -1, 1]]",3.0,0.0,-2.5,,,,,,
"[[0, 0, 0], [1, -1, -1], [1, 1, -1]]",0.0,-6.0,0.0,,,,,,
"[[0, 0, 0], [1, -1, -1], [-1, 1, 1]]",2.0,2.0,0.0,,,,,,
"[[0, 0, 0], [1, -1, 1], [-1, -1, 1]]",-2.0,0.0,0.0,,,,,,
"[[0, 0, 0], [1, -1, 1], [-1, 1, -1]]",0.0,0.0,0.0,,,,,,
"[[0, 0, 0], [1, -1, 1], [1, -1, -1]]",0.0,0.0,-4.0,,,,,,
"[[1, 1, 0], [1, 0, -1], [-1, -1, 0]]",,,0.0,,-2.0,,,,0.0
"[[1, 1, 0], [0, 1, -1], [-1, -1, 0]]",,,0.0,0.0,,,,,0.0
"[[1, 1, 0], [0, 0, -1], [-1, -1, 1]]",,,-4.0,-4.0,-4.0,,,,
"[[1, 1, 0], [1, 0, -1], [-1, 0, -1]]",,,0.0,,-2.0,,,0.0,
"[[1, 1, 0], [0, 1, -1], [-1, 0, -1]]",,,0.0,-4.0,,,,0.0,
"[[1, 1, 0], [0, 0, -1], [-1, 1, -1]]",,,0.0,-4.0,-2.0,,,,
"[[1, 0, 1], [1, 0, -1], [-1, -1, 0]]",,0.0,,,-6.0,,,,0.0
"[[1, 0, 1], [0, 1, -1], [-1, -1, 0]]",,-10.0,,-2.0,,,,,0.0
"[[1, 0, 1], [0, 0, -1], [-1, -1, 1]]",,-4.0,,-2.0,-4.0,,,,
"[[1, 0, 1], [1, 0, -1], [-1, 0, -1]]",,0.5,,,-2.5,,,0.0,
"[[1, 0, 1], [0, 1, -1], [-1, 0, -1]]",,1.0,,-2.0,,,,0.0,
"[[1, 0, 1], [0, 0, -1], [-1, 1, -1]]",,1.0,,0.5,-1.0,,,,
"[[1, 0, 0], [1, 1, -1], [-1, -1, 0]]",,-4.0,-4.0,,,,,,0.0
"[[1, 0, 0], [1, 0, -1], [-1, -1, 1]]",,-6.0,-2.0,,0.0,,,,
"[[1, 0, 0], [1, 1, -1], [-1, 0, -1]]",,0.0,0.0,,,,,0.0,
"[[1, 0, 0], [1, 0, -1], [-1, 1, -1]]",,0.5,0.0,,1.5,,,,
"[[1, 0, 0], [0, 1, -1], [-1, 1, -1]]",,1.5,0.0,-9.0,,,,,
"[[1, 1, 0], [1, 0, -1], [0, -1, -1]]",,,0.0,,-4.0,,0.0,,
"[[1, 1, 0], [0, 1, -1], [0, -1, -1]]",,,0.0,-6.0,,,0.0,,
"[[1, 1, 0], [0, 0, -1], [1, -1, -1]]",,,0.0,-2.0,-4.0,,,,
"[[1, 0, 1], [1, 0, -1], [0, -1, -1]]",,-2.0,,,-4.0,,0.0,,
"[[1, 0, 1], [0, 1, -1], [0, -1, -1]]",,-6.0,,-10.0,,,0.0,,
"[[1, 0, 1], [0, 0, -1], [1, -1, -1]]",,-10.0,,-6.0,-6.0,,,,
"[[1, 0, 0], [1, 1, -1], [0, -1, -1]]",,-6.0,0.0,,,,0.0,,
"[[1, 0, 0], [0, 1, -1], [1, -1, -1]]",,-10.0,0.0,-2.0,,,,,
"[[0, 1, 1], [1, 0, -1], [-1, -1, 0]]",1.5,,,,-4.0,,,,0.0
"[[0, 1, 1], [0, 1, -1], [-1, -1, 0]]",0.0,,,-4.0,,,,,0.0
"[[0, 1, 1], [0, 0, -1], [-1, -1, 1]]",1.0,,,-4.0,-5.0,,,,
"[[0, 1, 1], [1, 0, -1], [-1, 0, -1]]",0.0,,,,0.0,,,0.0,
"[[0, 1, 1], [0, 1, -1], [-1, 0, -1]]",-6.0,,,-14.0,,,,0.0,
"[[0, 1, 1], [0, 0, -1], [-1, 1, -1]]",-2.0,,,-10.0,0.0,,,,
"[[0, 1, 0], [1, 1, -1], [-1, -1, 0]]",2.0,,1.0,,,,,,0.0
"[[0, 1, 0], [1, 0, -1], [-1, -1, 1]]",3.0,,0.0,,0.5,,,,
"[[0, 1, 0], [1, 1, -1], [-1, 0, -1]]",0.0,,0.0,,,,,0.0,
"[[0, 1, 0], [1, 0, -1], [-1, 1, -1]]",-6.0,,0.0,,0.0,,,,
"[[0, 1, 0], [0, 1, -1], [-1, -1, 1]]",0.0,,-5.0,-4.0,,,,,
"[[0, 1, 1], [1, 0, -1], [0, -1, -1]]",0.0,,,,0.0,,0.0,,
"[[0, 1, 1], [0, 1, -1], [0, -1, -1]]",-6.0,,,-2.0,,,0.0,,
"[[0, 1, 1], [0, 0, -1], [1, -1, -1]]",-2.0,,,-6.0,-2.0,,,,
"[[0, 1, 0], [1, 1, -1], [0, -1, -1]]",0.0,,0.0,,,,0.0,,
"[[0, 1, 0], [1, 0, -1], [1, -1, -1]]",0.0,,0.0,,-2.0,,,,
"[[0, 1, 0], [0, 1, -1], [1, -1, -1]]",-8.0,,0.0,-8.0,,,,,
"[[0, 0, 1], [1, 1, -1], [-1, -1, 0]]",1.0,1.5,,,,,,,0.0
"[[0, 0, 1], [1, 0, -1], [-1, -1, 1]]",1.5,0.5,,,2.0,,,,
"[[0, 0, 1], [1, 1, -1], [-1, 0, -1]]",1.0,2.5,,,,,,0.0,
"[[0, 0, 1], [1, 0, -1], [-1, 1, -1]]",0.0,0.5,,,1.0,,,,
"[[0, 0, 1], [0, 1, -1], [-1, -1, 1]]",4.5,-1.0,,-2.0,,,,,
"[[0, 0, 1], [0, 1, -1], [-1, 1, -1]]",-3.0,0.5,,-3.5,,,,,
"[[0, 0, 1], [1, 1, -1], [0, -1, -1]]",-2.0,-4.0,,,,,0.0,,
"[[0, 0, 1], [1, 0, -1], [1, -1, -1]]",-8.0,-6.0,,,-8.0,,,,
"[[0, 0, 0], [1, 1, -1], [-1, -1, 1]]",0.5,-1.0,-1.5,,,,,,
"[[0, 0, 0], [1, 1, -1], [-1, 1, -1]]",-5.5,0.5,0.0,,,,,,
"[[0, 0, 0], [1, 1, -1], [1, -1, -1]]",-2.0,-4.0,0.0,,,,,,
"[[-1, 1, -1], [1, -1, 1], [0, -1, 0]]",,,,,,,0.0,,0.0
"[[-1, 1, -1], [1, -1, -1], [1, 0, 0]]",,,,,,,,0.0,21.0
"[[-1, 1, -1], [1, -1, 0], [1, -1, 0]]",,,,,,0.0,,,24.0
"[[-1, 1, -1], [1, -1, -1], [0, 1, 0]]",,,,,,,0.0,,0.0
"[[-1, 1, -1], [1, -1, -1], [0, 0, 1]]",,,,,,,24.0,0.0,
"[[-1, 1, -1], [1, -1, 0], [0, -1, 1]]",,,,,,0.0,19.0,,
"[[-1, 1, -1], [1, 1, -1], [-1, 0, 0]]",,,,,,,,32.0,16.0
"[[-1, 1, -1], [1, 1, -1], [0, -1, 0]]",,,,,,,0.0,,21.0
"[[-1, 1, -1], [1, 0, -1], [1, -1, 0]]",,,,,0.0,,,,10.0
"[[-1, 1, -1], [1, 0, -1], [-1, 1, 0]]",,,,,24.0,,,,0.0
"[[-1, 1, -1], [1, 0, -1], [-1, 0, 1]]",,,,,9.0,,,0.0,
"[[-1, 1, -1], [1, 0, -1], [0, -1, 1]]",,,,,12.0,,5.0,,
"[[-1, 1, -1], [1, 1, 0], [-1, -1, 0]]",,,,,,44.0,,,15.0
"[[-1, 1, -1], [1, 1, 0], [-1, 0, -1]]",,,,,,28.0,,24.0,
"[[-1, 1, -1], [1, 0, 1], [-1, -1, 0]]",,,,,28.0,,,,0.0
"[[-1, 1, -1], [1, 0, 1], [-1, 0, -1]]",,,,,22.0,,,0.0,
"[[-1, 1, -1], [1, 0, 0], [-1, 1, -1]]",,,,,20.0,0.0,,,
"[[-1, 1, -1], [1, 0, 0], [-1, -1, 1]]",,,,,11.0,0.0,,,
"[[-1, 1, -1], [1, 1, 0], [0, -1, -1]]",,,,,,20.0,0.0,,
"[[-1, 1, -1], [1, 0, 1], [0, -1, -1]]",,,,,20.0,,0.0,,
"[[-1, 1, -1], [1, 0, 0], [1, -1, -1]]",,,,,0.0,0.0,,,
"[[-1, 1, -1], [-1, 1, 1], [0, -1, 0]]",,,,,,,27.0,,0.0
"[[-1, 1, -1], [-1, 1, 1], [0, 0, -1]]",,,,,,,13.0,28.0,
"[[-1, 1, -1], [-1, 1, -1], [1, 0, 0]]",,,,,,,,32.0,7.0
"[[-1, 1, -1], [-1, 1, 0], [1, -1, 0]]",,,,,,13.0,,,34.0
"[[-1, 1, -1], [-1, 1, 0], [1, 0, -1]]",,,,,,9.0,,30.0,
"[[-1, 1, -1], [-1, 1, -1], [0, 0, 1]]",,,,,,,17.0,40.0,
"[[-1, 1, -1], [-1, 1, 0], [0, -1, 1]]",,,,,,0.0,18.0,,
"[[-1, 1, -1], [0, 1, -1], [1, -1, 0]]",,,,0.0,,,,,20.0
"[[-1, 1, -1], [0, 1, -1], [-1, 0, 1]]",,,,15.0,,,,42.0,
"[[-1, 1, -1], [0, 1, -1], [0, -1, 1]]",,,,12.0,,,27.0,,
"[[-1, 1, -1], [0, 1, 1], [-1, -1, 0]]",,,,26.0,,,,,0.0
"[[-1, 1, -1], [0, 1, 1], [-1, 0, -1]]",,,,20.0,,,,36.0,
"[[-1, 1, -1], [0, 1, 0], [-1, -1, 1]]",,,,24.0,,0.0,,,
"[[-1, 1, -1], [0, 1, 1], [0, -1, -1]]",,,,44.0,,,10.0,,
"[[-1, 1, -1], [0, 1, 0], [1, -1, -1]]",,,,0.0,,40.0,,,
"[[-1, 1, -1], [-1, -1, 1], [1, 0, 0]]",,,,,,,,0.0,22.0
"[[-1, 1, -1], [-1, 0, 1], [1, -1, 0]]",,,,,7.0,,,,19.0
"[[-1, 1, -1], [-1, 0, 1], [1, 0, -1]]",,,,,9.0,,,0.0,
"[[-1, 1, -1], [-1, -1, 1], [0, 1, 0]]",,,,,,,0.0,,0.0
"[[-1, 1, -1], [-1, 0, 1], [0, 1, -1]]",,,,,4.0,,0.0,,
"[[-1, 1, -1], [-1, -1, 1], [0, 0, 1]]",,,,,,,22.0,0.0,
"[[-1, 1, -1], [-1, 0, 1], [0, -1, 1]]",,,,,0.0,,15.0,,
"[[-1, 1, -1], [0, -1, 1], [1, -1, 0]]",,,,0.0,,,,,18.0
"[[-1, 1, -1], [0, -1, 1], [0, -1, 1]]",,,,0.0,,,20.0,,
"[[-1, 1, -1], [0, 0, 1], [-1, 1, -1]]",,,,0.0,32.0,,,,
"[[-1, 1, -1], [0, 0, 1], [-1, -1, 1]]",,,,0.0,0.0,,,,
"[[-1, 1, -1], [0, 0, 1], [1, -1, -1]]",,,,0.0,9.0,,,,
"[[-1, 1, -1], [-1, -1, 0], [1, 1, 0]]",,,,,,0.0,,,34.0
"[[-1, 1, -1], [-1, 0, -1], [1, 1, 0]]",,,,,16.0,,,,30.0
"[[-1, 1, -1], [-1, 0, 0], [1, 1, -1]]",,,,,28.0,0.0,,,
"[[-1, 1, -1], [-1, -1, 0], [1, 0, 1]]",,,,,,11.0,,18.0,
"[[-1, 1, -1], [-1, 0, -1], [1, 0, 1]]",,,,,8.0,,,12.0,
"[[-1, 1, -1], [-1, 0, 0], [1, -1, 1]]",,,,,15.0,10.0,,,
"[[-1, 1, -1], [0, -1, -1], [1, 1, 0]]",,,,0.0,,,,,26.0
"[[-1, 1, -1], [0, -1, -1], [1, 0, 1]]",,,,15.0,,,,30.0,
"[[-1, 1, -1], [0, -1, 0], [1, -1, 1]]",,,,29.0,,16.0,,,
"[[-1, 1, -1], [0, 0, -1], [1, -1, 1]]",,,,15.0,9.0,,,,
"[[-1, 1, -1], [-1, -1, 0], [0, 1, 1]]",,,,,,0.0,16.0,,
"[[-1, 1, -1], [-1, 0, -1], [0, 1, 1]]",,,,,20.0,,28.0,,
"[[-1, 1, -1], [0, -1, -1], [0, 1, 1]]",,,,0.0,,,30.0,,
"[[-1, 1, -1], [0, 0, -1], [-1, 1, 1]]",,,,0.0,26.0,,,,
"[[-1, 1, 1], [-1, -1, 1], [0, -1, 0]]",,,,,,,0.0,,40.0
"[[-1, 1, 1], [-1, -1, 0], [1, -1, 0]]",,,,,,0.0,,,0.0
"[[-1, 1, 1], [-1, -1, 0], [0, -1, 1]]",,,,,,38.0,0.0,,
"[[-1, 1, 1], [-1, 1, -1], [0, -1, 0]]",,,,,,,24.0,,0.0
"[[-1, 1, 1], [-1, 1, -1], [0, 0, -1]]",,,,,,,20.0,10.0,
"[[-1, 1, 1], [-1, 0, -1], [1, -1, 0]]",,,,,24.0,,,,0.0
"[[-1, 1, 1], [-1, 0, -1], [1, 0, -1]]",,,,,20.0,,,0.0,
"[[-1, 1, 1], [-1, 0, -1], [0, 1, -1]]",,,,,22.0,,0.0,,
"[[-1, 1, 1], [-1, 0, -1], [0, -1, 1]]",,,,,0.0,,0.0,,
"[[-1, 1, 1], [-1, 1, 0], [0, -1, -1]]",,,,,,0.0,26.0,,
"[[-1, 1, 1], [-1, 0, 1], [0, -1, -1]]",,,,,0.0,,0.0,,
"[[-1, 1, 1], [-1, 0, 0], [1, -1, -1]]",,,,,26.0,0.0,,,
"[[-1, 1, 0], [-1, 1, -1], [1, -1, 0]]",,,30.0,,,,,,13.0
"[[-1, 1, 0], [-1, 1, -1], [1, 0, -1]]",,,28.0,,,,,14.0,
"[[-1, 1, 0], [-1, 1, -1], [0, -1, 1]]",,,0.0,,,,18.0,,
"[[-1, 1, 0], [-1, 1, 1], [0, -1, -1]]",,,0.0,,,,18.0,,
"[[-1, 1, 0], [-1, 1, 0], [1, -1, -1]]",,,30.0,,,12.0,,,
"[[-1, 1, 0], [-1, -1, 1], [1, -1, 0]]",,,0.0,,,,,,17.0
"[[-1, 1, 0], [-1, -1, 1], [0, -1, 1]]",,,24.0,,,,11.0,,
"[[-1, 1, 0], [-1, 0, 1], [1, -1, -1]]",,,0.0,,5.0,,,,
"[[-1, 1, 0], [-1, -1, 0], [1, -1, 1]]",,,0.0,,,24.0,,,
"[[-1, 1, 0], [-1, 0, -1], [1, 1, -1]]",,,0.0,,16.0,,,,
"[[-1, 1, 0], [-1, 0, -1], [1, -1, 1]]",,,0.0,,17.0,,,,
"[[-1, 1, 1], [1, -1, -1], [-1, 0, 0]]",,,,,,,,0.0,36.0
"[[-1, 1, 1], [1, -1, -1], [0, -1, 0]]",,,,,,,0.0,,31.0
"[[-1, 1, 1], [0, -1, -1], [1, -1, 0]]",,,,0.0,,,,,0.0
"[[-1, 1, 1], [0, -1, -1], [-1, 1, 0]]",,,,0.0,,,,,0.0
"[[-1, 1, 1], [0, -1, -1], [-1, 0, 1]]",,,,29.0,,,,0.0,
"[[-1, 1, 1], [0, -1, -1], [0, -1, 1]]",,,,38.0,,,0.0,,
"[[-1, 1, 1], [1, -1, 0], [-1, -1, 0]]",,,,,,0.0,,,11.0
"[[-1, 1, 1], [0, -1, 1], [-1, -1, 0]]",,,,0.0,,,,,40.0
"[[-1, 1, 1], [0, -1, 0], [-1, -1, 1]]",,,,21.0,,48.0,,,
"[[-1, 1, 0], [1, -1, -1], [1, -1, 0]]",,,0.0,,,,,,20.0
"[[-1, 1, 0], [1, -1, -1], [-1, 1, 0]]",,,0.0,,,,,,0.0
"[[-1, 1, 0], [1, -1, -1], [-1, 0, 1]]",,,28.0,,,,,0.0,
"[[-1, 1, 0], [1, -1, -1], [0, -1, 1]]",,,25.0,,,,34.0,,
"[[-1, 1, 0], [1, -1, 1], [-1, -1, 0]]",,,0.0,,,,,,0.0
"[[-1, 1, 0], [1, -1, 0], [-1, -1, 1]]",,,16.0,,,0.0,,,
"[[-1, 1, 0], [0, -1, 1], [-1, -1, 1]]",,,26.0,0.0,,,,,
"[[-1, 1, 0], [0, -1, -1], [1, -1, 1]]",,,0.0,15.0,,,,,
"[[-1, 1, 0], [0, -1, -1], [-1, 1, 1]]",,,0.0,0.0,,,,,
"[[-1, 1, 1], [1, 0, -1], [-1, -1, 0]]",,,,,0.0,,,,22.0
"[[-1, 1, 1], [1, 0, -1], [-1, 0, -1]]",,,,,0.0,,,0.0,
"[[-1, 1, 1], [0, 1, -1], [-1, -1, 0]]",,,,0.0,,,,,0.0
"[[-1, 1, 1], [0, 1, -1], [-1, 0, -1]]",,,,0.0,,,,52.0,
"[[-1, 1, 1], [0, 0, -1], [-1, 1, -1]]",,,,0.0,24.0,,,,
"[[-1, 1, 1], [0, 0, -1], [-1, -1, 1]]",,,,21.0,0.0,,,,
"[[-1, 1, 1], [1, 0, -1], [0, -1, -1]]",,,,,0.0,,0.0,,
"[[-1, 1, 1], [0, 1, -1], [0, -1, -1]]",,,,0.0,,,52.0,,
"[[-1, 1, 1], [0, 0, -1], [1, -1, -1]]",,,,0.0,20.0,,,,
"[[-1, 1, 0], [1, 1, -1], [-1, -1, 0]]",,,0.0,,,,,,35.0
"[[-1, 1, 0], [1, 1, -1], [-1, 0, -1]]",,,0.0,,,,,20.0,
"[[-1, 1, 0], [1, 0, -1], [-1, 1, -1]]",,,0.0,,20.0,,,,
"[[-1, 1, 0], [1, 0, -1], [-1, -1, 1]]",,,17.0,,14.0,,,,
"[[-1, 1, 0], [1, 1, -1], [0, -1, -1]]",,,0.0,,,,0.0,,
"[[-1, 1, 0], [1, 0, -1], [1, -1, -1]]",,,0.0,,0.0,,,,
"[[-1, 1, 0], [0, 1, -1], [-1, -1, 1]]",,,0.0,23.0,,,,,
"[[-1, 1, 0], [0, 1, -1], [1, -1, -1]]",,,30.0,0.0,,,,,
"[[-1, -1, 1], [1, -1, 1], [-1, 0, 0]]",,,,,,,,0.0,42.0
"[[-1, -1, 1], [1, -1, -1], [1, 0, 0]]",,,,,,,,0.0,0.0
"[[-1, -1, 1], [1, -1, -1], [0, 1, 0]]",,,,,,,0.0,,11.0
"[[-1, -1, 1], [1, -1, 0], [-1, 1, 0]]",,,,,,0.0,,,23.0
"[[-1, -1, 1], [1, -1, -1], [0, 0, 1]]",,,,,,,0.0,18.0,
"[[-1, -1, 1], [1, -1, 0], [-1, 0, 1]]",,,,,,42.0,,11.0,
"[[-1, -1, 1], [1, 1, -1], [-1, 0, 0]]",,,,,,,,11.0,9.0
"[[-1, -1, 1], [1, 1, -1], [0, -1, 0]]",,,,,,,36.0,,13.0
"[[-1, -1, 1], [1, 1, -1], [0, 0, -1]]",,,,,,,24.0,14.0,
"[[-1, -1, 1], [1, 0, -1], [1, -1, 0]]",,,,,22.0,,,,0.0
"[[-1, -1, 1], [1, 0, -1], [1, 0, -1]]",,,,,24.0,,,0.0,
"[[-1, -1, 1], [1, 0, -1], [-1, 1, 0]]",,,,,9.0,,,,16.0
"[[-1, -1, 1], [1, 0, -1], [0, 1, -1]]",,,,,14.0,,0.0,,
"[[-1, -1, 1], [1, 0, -1], [-1, 0, 1]]",,,,,25.0,,,15.0,
"[[-1, -1, 1], [1, 0, -1], [0, -1, 1]]",,,,,19.0,,0.0,,
"[[-1, -1, 1], [1, 1, 0], [-1, -1, 0]]",,,,,,52.0,,,9.0
"[[-1, -1, 1], [1, 1, 0], [-1, 0, -1]]",,,,,,32.0,,10.0,
"[[-1, -1, 1], [1, 0, 1], [-1, -1, 0]]",,,,,18.0,,,,10.0
"[[-1, -1, 1], [1, 0, 1], [-1, 0, -1]]",,,,,30.0,,,0.0,
"[[-1, -1, 1], [1, 0, 0], [-1, 1, -1]]",,,,,18.0,0.0,,,
"[[-1, -1, 1], [1, 0, 0], [-1, -1, 1]]",,,,,9.0,26.0,,,
"[[-1, -1, 1], [1, 1, 0], [0, -1, -1]]",,,,,,26.0,6.0,,
"[[-1, -1, 1], [1, 0, 1], [0, -1, -1]]",,,,,30.0,,0.0,,
"[[-1, -1, 1], [1, 0, 0], [1, -1, -1]]",,,,,30.0,0.0,,,
"[[-1, -1, 1], [-1, 1, 1], [0, -1, 0]]",,,,,,,32.0,,30.0
"[[-1, -1, 1], [-1, 1, 1], [0, 0, -1]]",,,,,,,36.0,0.0,
"[[-1, -1, 1], [-1, 1, -1], [0, 1, 0]]",,,,,,,30.0,,0.0
"[[-1, -1, 1], [-1, 1, 0], [0, 1, -1]]",,,,,,0.0,28.0,,
"[[-1, -1, 1], [-1, 1, -1], [0, 0, 1]]",,,,,,,32.0,0.0,
"[[-1, -1, 1], [-1, 1, 0], [0, -1, 1]]",,,,,,28.0,20.0,,
"[[-1, -1, 1], [0, 1, -1], [-1, 1, 0]]",,,,21.0,,,,,0.0
"[[-1, -1, 1], [0, 1, -1], [0, 1, -1]]",,,,15.0,,,24.0,,
"[[-1, -1, 1], [0, 1, -1], [-1, 0, 1]]",,,,21.0,,,,0.0,
"[[-1, -1, 1], [0, 1, -1], [0, -1, 1]]",,,,16.0,,,38.0,,
"[[-1, -1, 1], [0, 1, 1], [-1, -1, 0]]",,,,14.0,,,,,26.0
"[[-1, -1, 1], [0, 1, 1], [-1, 0, -1]]",,,,28.0,,,,0.0,
"[[-1, -1, 1], [0, 1, 0], [-1, 1, -1]]",,,,22.0,,0.0,,,
"[[-1, -1, 1], [0, 1, 0], [-1, -1, 1]]",,,,14.0,,28.0,,,
"[[-1, -1, 1], [0, 1, 1], [0, -1, -1]]",,,,22.0,,,36.0,,
"[[-1, -1, 1], [-1, -1, 1], [1, 0, 0]]",,,,,,,,0.0,30.0
"[[-1, -1, 1], [-1, 0, 1], [1, -1, 0]]",,,,,16.0,,,,30.0
"[[-1, -1, 1], [-1, 0, 1], [1, 0, -1]]",,,,,20.0,,,0.0,
"[[-1, -1, 1], [-1, -1, 1], [0, 1, 0]]",,,,,,,0.0,,20.0
"[[-1, -1, 1], [-1, 0, 1], [0, 1, -1]]",,,,,0.0,,0.0,,
"[[-1, -1, 1], [0, -1, 1], [-1, 1, 0]]",,,,0.0,,,,,34.0
"[[-1, -1, 1], [0, 0, 1], [-1, 1, -1]]",,,,0.0,0.0,,,,
"[[-1, -1, 1], [0, 0, 1], [1, -1, -1]]",,,,0.0,18.0,,,,
"[[-1, -1, 1], [-1, -1, 0], [1, 1, 0]]",,,,,,0.0,,,42.0
"[[-1, -1, 1], [-1, 0, -1], [1, 1, 0]]",,,,,22.0,,,,8.0
"[[-1, -1, 1], [-1, 0, 0], [1, 1, -1]]",,,,,14.0,0.0,,,
"[[-1, -1, 1], [-1, -1, 0], [1, 0, 1]]",,,,,,28.0,,42.0,
"[[-1, -1, 1], [-1, 0, -1], [1, 0, 1]]",,,,,26.0,,,10.0,
"[[-1, -1, 1], [-1, 0, 0], [1, -1, 1]]",,,,,16.0,30.0,,,
"[[-1, -1, 1], [0, -1, -1], [1, 1, 0]]",,,,0.0,,,,,24.0
"[[-1, -1, 1], [0, -1, -1], [1, 0, 1]]",,,,0.0,,,,30.0,
"[[-1, -1, 1], [0, 0, -1], [1, 1, -1]]",,,,0.0,12.0,,,,
"[[-1, -1, 1], [0, 0, -1], [1, -1, 1]]",,,,0.0,24.0,,,,
"[[-1, -1, 1], [-1, -1, 0], [0, 1, 1]]",,,,,,12.0,30.0,,
"[[-1, -1, 1], [-1, 0, -1], [0, 1, 1]]",,,,,0.0,,22.0,,
"[[-1, -1, 1], [0, -1, -1], [0, 1, 1]]",,,,26.0,,,18.0,,
"[[-1, -1, 1], [0, -1, 0], [-1, 1, 1]]",,,,20.0,,22.0,,,
"[[-1, -1, 1], [0, 0, -1], [-1, 1, 1]]",,,,11.0,0.0,,,,
"[[-1, 0, 1], [-1, 1, -1], [0, 1, -1]]",,18.0,,,,,18.0,,
"[[-1, 0, 1], [-1, 1, -1], [0, -1, 1]]",,0.0,,,,,26.0,,
"[[-1, 0, 1], [-1, 1, 1], [0, -1, -1]]",,0.0,,,,,26.0,,
"[[-1, 0, 1], [-1, -1, 1], [1, -1, 0]]",,0.0,,,,,,,26.0
"[[-1, 0, 1], [-1, 0, 1], [1, -1, -1]]",,0.0,,,18.0,,,,
"[[-1, 0, 1], [-1, -1, 0], [1, -1, 1]]",,0.0,,,,28.0,,,
"[[-1, 0, 1], [-1, 0, -1], [1, 1, -1]]",,0.0,,,30.0,,,,
"[[-1, 0, 1], [-1, 0, -1], [1, -1, 1]]",,0.0,,,22.0,,,,
"[[-1, 0, 1], [1, -1, -1], [1, -1, 0]]",,0.0,,,,,,,0.0
"[[-1, 0, 1], [1, -1, -1], [-1, 1, 0]]",,0.0,,,,,,,18.0
"[[-1, 0, 1], [1, -1, -1], [-1, 0, 1]]",,40.0,,,,,,28.0,
"[[-1, 0, 1], [1, -1, -1], [0, -1, 1]]",,17.0,,,,,0.0,,
"[[-1, 0, 1], [1, -1, 1], [-1, -1, 0]]",,0.0,,,,,,,66.0
"[[-1, 0, 1], [1, -1, 0], [-1, -1, 1]]",,14.0,,,,46.0,,,
"[[-1, 0, 1], [0, -1, -1], [1, -1, 1]]",,0.0,,0.0,,,,,
"[[-1, 0, 1], [0, -1, -1], [-1, 1, 1]]",,0.0,,18.0,,,,,
"[[-1, 0, 1], [1, 1, -1], [-1, -1, 0]]",,0.0,,,,,,,15.0
"[[-1, 0, 1], [1, 1, -1], [-1, 0, -1]]",,0.0,,,,,,24.0,
"[[-1, 0, 1], [1, 0, -1], [-1, 1, -1]]",,0.0,,,14.0,,,,
"[[-1, 0, 1], [1, 0, -1], [-1, -1, 1]]",,27.0,,,14.0,,,,
"[[-1, 0, 1], [1, 1, -1], [0, -1, -1]]",,0.0,,,,,32.0,,
"[[-1, 0, 1], [1, 0, -1], [1, -1, -1]]",,0.0,,,30.0,,,,
"[[-1, 0, 1], [0, 1, -1], [-1, 1, -1]]",,34.0,,14.0,,,,,
"[[-1, 0, 1], [0, 1, -1], [-1, -1, 1]]",,0.0,,34.0,,,,,
"[[-1, -1, 0], [1, 1, -1], [1, -1, 0]]",,,42.0,,,,,,0.0
"[[-1, -1, 0], [1, 1, -1], [1, 0, -1]]",,,34.0,,,,,0.0,
"[[-1, -1, 0], [1, 1, -1], [-1, 1, 0]]",,,20.0,,,,,,0.0
"[[-1, -1, 0], [1, 1, -1], [0, 1, -1]]",,,17.0,,,,0.0,,
"[[-1, -1, 0], [1, 1, -1], [-1, 0, 1]]",,,34.0,,,,,0.0,
"[[-1, -1, 0], [1, 1, -1], [0, -1, 1]]",,,10.0,,,,0.0,,
"[[-1, -1, 0], [1, 1, 0], [-1, 1, -1]]",,,18.0,,,28.0,,,
"[[-1, -1, 0], [1, 1, 0], [-1, -1, 1]]",,,15.0,,,34.0,,,
"[[-1, -1, 0], [1, 1, 0], [1, -1, -1]]",,,22.0,,,28.0,,,
"[[-1, -1, 0], [1, -1, 1], [-1, 1, 0]]",,,0.0,,,,,,0.0
"[[-1, -1, 0], [1, -1, 1], [-1, 0, 1]]",,,34.0,,,,,0.0,
"[[-1, -1, 0], [1, 0, 1], [-1, 1, -1]]",,,0.0,,28.0,,,,
"[[-1, -1, 0], [1, 0, 1], [-1, -1, 1]]",,,20.0,,8.0,,,,
"[[-1, -1, 0], [1, 0, 1], [1, -1, -1]]",,,0.0,,14.0,,,,
"[[-1, -1, 0], [1, -1, -1], [1, 1, 0]]",,,0.0,,,,,,28.0
"[[-1, -1, 0], [1, -1, -1], [1, 0, 1]]",,,0.0,,,,,36.0,
"[[-1, -1, 0], [1, 0, -1], [1, 1, -1]]",,,0.0,,0.0,,,,
"[[-1, -1, 0], [1, 0, -1], [1, -1, 1]]",,,0.0,,0.0,,,,
"[[-1, -1, 0], [1, -1, -1], [0, 1, 1]]",,,13.0,,,,28.0,,
"[[-1, -1, 0], [1, -1, 0], [-1, 1, 1]]",,,28.0,,,0.0,,,
"[[-1, -1, 0], [1, 0, -1], [-1, 1, 1]]",,,10.0,,0.0,,,,
"[[-1, 0, -1], [1, 1, -1], [1, -1, 0]]",,0.0,,,,,,,0.0
"[[-1, 0, -1], [1, 1, -1], [-1, 1, 0]]",,26.0,,,,,,,0.0
"[[-1, 0, -1], [1, 1, -1], [-1, 0, 1]]",,26.0,,,,,,0.0,
"[[-1, 0, -1], [1, 1, -1], [0, -1, 1]]",,21.0,,,,,0.0,,
"[[-1, 0, -1], [1, 1, 0], [-1, 1, -1]]",,14.0,,,,14.0,,,
"[[-1, 0, -1], [1, 1, 0], [-1, -1, 1]]",,16.0,,,,32.0,,,
"[[-1, 0, -1], [1, 1, 0], [1, -1, -1]]",,0.0,,,,38.0,,,
"[[-1, 0, -1], [1, -1, 1], [1, -1, 0]]",,0.0,,,,,,,0.0
"[[-1, 0, -1], [1, -1, 1], [0, -1, 1]]",,0.0,,,,,0.0,,
"[[-1, 0, -1], [1, 0, 1], [-1, 1, -1]]",,0.0,,,16.0,,,,
"[[-1, 0, -1], [1, 0, 1], [-1, -1, 1]]",,0.0,,,26.0,,,,
"[[-1, 0, -1], [1, 0, 1], [1, -1, -1]]",,0.0,,,18.0,,,,
"[[-1, 0, -1], [1, -1, -1], [1, 1, 0]]",,0.0,,,,,,,24.0
"[[-1, 0, -1], [1, -1, -1], [1, 0, 1]]",,17.0,,,,,,38.0,
"[[-1, 0, -1], [1, -1, 0], [1, -1, 1]]",,25.0,,,,0.0,,,
"[[-1, 0, -1], [1, 0, -1], [1, -1, 1]]",,11.0,,,0.0,,,,
"[[-1, 0, -1], [1, -1, -1], [0, 1, 1]]",,0.0,,,,,40.0,,
"[[-1, 0, -1], [1, 0, -1], [-1, 1, 1]]",,0.0,,,0.0,,,,
"[[-1, 0, 0], [1, -1, 1], [-1, -1, 1]]",,0.0,18.0,,,,,,
"[[-1, 0, 0], [1, -1, -1], [1, -1, 1]]",,38.0,0.0,,,,,,
"[[-1, 0, 0], [1, -1, -1], [-1, 1, 1]]",,0.0,26.0,,,,,,
"[[-1, 0, 0], [1, 1, -1], [-1, 1, -1]]",,46.0,12.0,,,,,,
"[[-1, 0, 0], [1, 1, -1], [-1, -1, 1]]",,19.0,13.0,,,,,,
"[[-1, 0, 0], [1, 1, -1], [1, -1, -1]]",,0.0,24.0,,,,,,
"[[-1, -1, 0], [-1, 1, 1], [1, -1, 0]]",,,26.0,,,,,,0.0
"[[-1, -1, 0], [-1, 1, 1], [1, 0, -1]]",,,22.0,,,,,0.0,
"[[-1, -1, 0], [-1, 1, 1], [0, 1, -1]]",,,0.0,,,,0.0,,
"[[-1, -1, 0], [-1, 1, 1], [0, -1, 1]]",,,32.0,,,,0.0,,
"[[-1, -1, 0], [0, 1, 1], [-1, 1, -1]]",,,0.0,34.0,,,,,
"[[-1, -1, 0], [0, 1, 1], [-1, -1, 1]]",,,32.0,20.0,,,,,
"[[-1, -1, 0], [0, 1, 1], [1, -1, -1]]",,,16.0,26.0,,,,,
"[[-1, -1, 0], [-1, 1, -1], [1, 1, 0]]",,,28.0,,,,,,48.0
"[[-1, -1, 0], [-1, 1, 0], [1, 1, -1]]",,,46.0,,,0.0,,,
"[[-1, -1, 0], [-1, 1, -1], [1, 0, 1]]",,,40.0,,,,,22.0,
"[[-1, -1, 0], [-1, 1, 0], [1, -1, 1]]",,,36.0,,,0.0,,,
"[[-1, -1, 0], [0, 1, -1], [1, 1, -1]]",,,26.0,0.0,,,,,
"[[-1, -1, 0], [0, 1, -1], [1, -1, 1]]",,,42.0,0.0,,,,,
"[[-1, -1, 0], [-1, 1, -1], [0, 1, 1]]",,,0.0,,,,18.0,,
"[[-1, -1, 0], [0, 1, -1], [-1, 1, 1]]",,,0.0,0.0,,,,,
"[[-1, 0, -1], [-1, 1, 1], [1, -1, 0]]",,32.0,,,,,,,0.0
"[[-1, 0, -1], [-1, 1, 1], [1, 0, -1]]",,20.0,,,,,,0.0,
"[[-1, 0, -1], [-1, 1, 1], [0, 1, -1]]",,52.0,,,,,0.0,,
"[[-1, 0, -1], [-1, 1, 1], [0, -1, 1]]",,0.0,,,,,0.0,,
"[[-1, 0, -1], [0, 1, 1], [-1, 1, -1]]",,24.0,,34.0,,,,,
"[[-1, 0, -1], [0, 1, 1], [-1, -1, 1]]",,0.0,,34.0,,,,,
"[[-1, 0, -1], [0, 1, 1], [1, -1, -1]]",,32.0,,40.0,,,,,
"[[-1, 0, -1], [-1, 1, -1], [1, 1, 0]]",,18.0,,,,,,,30.0
"[[-1, 0, -1], [-1, 1, 0], [1, 1, -1]]",,50.0,,,,0.0,,,
"[[-1, 0, -1], [-1, 1, -1], [1, 0, 1]]",,26.0,,,,,,56.0,
"[[-1, 0, -1], [-1, 1, 0], [1, -1, 1]]",,19.0,,,,0.0,,,
"[[-1, 0, -1], [0, 1, -1], [1, -1, 1]]",,37.0,,0.0,,,,,
"[[-1, 0, -1], [-1, 1, -1], [0, 1, 1]]",,26.0,,,,,16.0,,
"[[-1, 0, -1], [0, 1, -1], [-1, 1, 1]]",,26.0,,0.0,,,,,
"[[-1, 0, 0], [-1, 1, 1], [1, -1, -1]]",,12.0,46.0,,,,,,
"[[-1, 0, 0], [-1, 1, -1], [1, 1, -1]]",,20.0,26.0,,,,,,
"[[-1, 0, 0], [-1, 1, -1], [1, -1, 1]]",,13.0,48.0,,,,,,
"[[-1, -1, 0], [-1, -1, 1], [1, 1, 0]]",,,0.0,,,,,,20.0
"[[-1, -1, 0], [-1, 0, 1], [1, 1, -1]]",,,0.0,,0.0,,,,
"[[-1, -1, 0], [-1, -1, 1], [1, 0, 1]]",,,14.0,,,,,32.0,
"[[-1, -1, 0], [-1, 0, 1], [1, -1, 1]]",,,22.0,,0.0,,,,
"[[-1, -1, 0], [-1, -1, 1], [0, 1, 1]]",,,30.0,,,,18.0,,
"[[-1, -1, 0], [0, -1, 1], [-1, 1, 1]]",,,46.0,0.0,,,,,
"[[-1, 0, -1], [-1, -1, 1], [1, 1, 0]]",,0.0,,,,,,,22.0
"[[-1, 0, -1], [-1, 0, 1], [1, 1, -1]]",,0.0,,,0.0,,,,
"[[-1, 0, -1], [-1, -1, 1], [1, 0, 1]]",,10.0,,,,,,38.0,
"[[-1, 0, -1], [-1, 0, 1], [1, -1, 1]]",,12.0,,,0.0,,,,
"[[-1, 0, -1], [0, -1, 1], [1, -1, 1]]",,28.0,,0.0,,,,,
"[[-1, 0, -1], [-1, -1, 1], [0, 1, 1]]",,0.0,,,,,20.0,,
"[[-1, 0, 0], [-1, -1, 1], [1, -1, 1]]",,15.0,34.0,,,,,,
"[[1, -1, -1], [1, -1, 1], [0, 0, -1]]",,,,,,,40.0,0.0,
"[[1, -1, -1], [1, -1, -1], [0, 1, 0]]",,,,,,,38.0,,0.0
"[[1, -1, -1], [1, -1, 0], [0, 1, -1]]",,,,,,0.0,44.0,,
"[[1, -1, -1], [1, -1, -1], [0, 0, 1]]",,,,,,,48.0,0.0,
"[[1, -1, -1], [1, 1, -1], [-1, 0, 0]]",,,,,,,,0.0,32.0
"[[1, -1, -1], [1, 1, -1], [0, -1, 0]]",,,,,,,38.0,,20.0
"[[1, -1, -1], [1, 0, -1], [-1, 1, 0]]",,,,,0.0,,,,0.0
"[[1, -1, -1], [1, 0, -1], [-1, 0, 1]]",,,,,16.0,,,0.0,
"[[1, -1, -1], [1, 0, -1], [0, -1, 1]]",,,,,14.0,,12.0,,
"[[1, -1, -1], [1, 1, 0], [-1, -1, 0]]",,,,,,30.0,,,16.0
"[[1, -1, -1], [1, 1, 0], [-1, 0, -1]]",,,,,,40.0,,0.0,
"[[1, -1, -1], [1, 0, 1], [-1, -1, 0]]",,,,,16.0,,,,0.0
"[[1, -1, -1], [1, 0, 1], [-1, 0, -1]]",,,,,20.0,,,0.0,
"[[1, -1, -1], [1, 0, 0], [-1, 1, -1]]",,,,,0.0,0.0,,,
"[[1, -1, -1], [1, 0, 0], [-1, -1, 1]]",,,,,22.0,0.0,,,
"[[1, -1, -1], [1, 1, 0], [0, -1, -1]]",,,,,,42.0,20.0,,
"[[1, -1, -1], [1, 0, 1], [0, -1, -1]]",,,,,6.0,,14.0,,
"[[1, -1, -1], [-1, 1, 1], [-1, 0, 0]]",,,,,,,,16.0,30.0
"[[1, -1, -1], [-1, 1, 1], [0, -1, 0]]",,,,,,,10.0,,40.0
"[[1, -1, -1], [-1, 1, 1], [0, 0, -1]]",,,,,,,14.0,26.0,
"[[1, -1, -1], [-1, 1, -1], [1, 0, 0]]",,,,,,,,0.0,26.0
"[[1, -1, -1], [-1, 1, 0], [1, -1, 0]]",,,,,,12.0,,,32.0
"[[1, -1, -1], [-1, 1, 0], [1, 0, -1]]",,,,,,18.0,,0.0,
"[[1, -1, -1], [-1, 1, -1], [0, 1, 0]]",,,,,,,0.0,,42.0
"[[1, -1, -1], [-1, 1, 0], [-1, 1, 0]]",,,,,,14.0,,,42.0
"[[1, -1, -1], [-1, 1, 0], [0, 1, -1]]",,,,,,32.0,0.0,,
"[[1, -1, -1], [0, 1, -1], [1, -1, 0]]",,,,44.0,,,,,24.0
"[[1, -1, -1], [0, 1, -1], [-1, 1, 0]]",,,,0.0,,,,,24.0
"[[1, -1, -1], [0, 1, 1], [-1, -1, 0]]",,,,20.0,,,,,30.0
"[[1, -1, -1], [0, 1, 1], [-1, 0, -1]]",,,,52.0,,,,17.0,
"[[1, -1, -1], [0, 1, 0], [-1, 1, -1]]",,,,0.0,,15.0,,,
"[[1, -1, -1], [0, 1, 1], [0, -1, -1]]",,,,32.0,,,5.0,,
"[[1, -1, -1], [0, 1, 0], [1, -1, -1]]",,,,34.0,,15.0,,,
"[[1, -1, -1], [-1, -1, 1], [1, 0, 0]]",,,,,,,,30.0,0.0
"[[1, -1, -1], [-1, 0, 1], [1, -1, 0]]",,,,,8.0,,,,0.0
"[[1, -1, -1], [-1, 0, 1], [1, 0, -1]]",,,,,20.0,,,13.0,
"[[1, -1, -1], [-1, -1, 1], [0, 1, 0]]",,,,,,,23.0,,0.0
"[[1, -1, -1], [-1, 0, 1], [-1, 1, 0]]",,,,,12.0,,,,0.0
"[[1, -1, -1], [-1, 0, 1], [0, 1, -1]]",,,,,13.0,,21.0,,
"[[1, -1, -1], [-1, -1, 1], [0, 0, 1]]",,,,,,,0.0,0.0,
"[[1, -1, -1], [-1, 0, 1], [-1, 0, 1]]",,,,,32.0,,,0.0,
"[[1, -1, -1], [-1, 0, 1], [0, -1, 1]]",,,,,22.0,,0.0,,
"[[1, -1, -1], [0, -1, 1], [1, 0, -1]]",,,,38.0,,,,16.0,
"[[1, -1, -1], [0, -1, 1], [0, 1, -1]]",,,,0.0,,,24.0,,
"[[1, -1, -1], [0, 0, 1], [-1, 1, -1]]",,,,0.0,10.0,,,,
"[[1, -1, -1], [0, 0, 1], [-1, -1, 1]]",,,,0.0,28.0,,,,
"[[1, -1, -1], [0, 0, 1], [1, -1, -1]]",,,,12.0,7.0,,,,
"[[1, -1, -1], [-1, -1, 0], [1, 1, 0]]",,,,,,10.0,,,46.0
"[[1, -1, -1], [-1, 0, -1], [1, 1, 0]]",,,,,0.0,,,,16.0
"[[1, -1, -1], [-1, 0, 0], [1, 1, -1]]",,,,,0.0,12.0,,,
"[[1, -1, -1], [-1, -1, 0], [1, 0, 1]]",,,,,,0.0,,48.0,
"[[1, -1, -1], [-1, 0, -1], [1, 0, 1]]",,,,,26.0,,,18.0,
"[[1, -1, -1], [-1, 0, 0], [1, -1, 1]]",,,,,20.0,0.0,,,
"[[1, -1, -1], [0, -1, -1], [1, 1, 0]]",,,,38.0,,,,,18.0
"[[1, -1, -1], [0, -1, 0], [1, 1, -1]]",,,,42.0,,17.0,,,
"[[1, -1, -1], [0, -1, -1], [1, 0, 1]]",,,,24.0,,,,28.0,
"[[1, -1, -1], [0, 0, -1], [1, -1, 1]]",,,,10.0,30.0,,,,
"[[1, -1, -1], [-1, -1, 0], [0, 1, 1]]",,,,,,0.0,40.0,,
"[[1, -1, -1], [-1, 0, -1], [0, 1, 1]]",,,,,22.0,,24.0,,
"[[1, -1, -1], [-1, 0, 0], [-1, 1, 1]]",,,,,26.0,0.0,,,
"[[1, -1, -1], [0, -1, -1], [0, 1, 1]]",,,,0.0,,,42.0,,
"[[1, -1, -1], [0, 0, -1], [-1, 1, 1]]",,,,0.0,30.0,,,,
"[[1, -1, 1], [-1, -1, 1], [-1, 0, 0]]",,,,,,,,14.0,44.0
"[[1, -1, 1], [-1, -1, 1], [0, 0, -1]]",,,,,,,0.0,42.0,
"[[1, -1, 1], [-1, -1, 0], [1, 0, -1]]",,,,,,0.0,,0.0,
"[[1, -1, 1], [-1, -1, 0], [-1, 1, 0]]",,,,,,24.0,,,0.0
"[[1, -1, 1], [-1, -1, 0], [0, 1, -1]]",,,,,,31.0,0.0,,
"[[1, -1, 1], [-1, -1, 0], [-1, 0, 1]]",,,,,,42.0,,0.0,
"[[1, -1, 1], [-1, 1, -1], [-1, 0, 0]]",,,,,,,,13.0,30.0
"[[1, -1, 1], [-1, 1, -1], [0, -1, 0]]",,,,,,,18.0,,22.0
"[[1, -1, 1], [-1, 1, -1], [0, 0, -1]]",,,,,,,26.0,16.0,
"[[1, -1, 1], [-1, 0, -1], [1, -1, 0]]",,,,,16.0,,,,0.0
"[[1, -1, 1], [-1, 0, -1], [1, 0, -1]]",,,,,12.0,,,0.0,
"[[1, -1, 1], [-1, 0, -1], [-1, 1, 0]]",,,,,29.0,,,,0.0
"[[1, -1, 1], [-1, 0, -1], [0, 1, -1]]",,,,,9.0,,0.0,,
"[[1, -1, 1], [-1, 0, -1], [-1, 0, 1]]",,,,,22.0,,,0.0,
"[[1, -1, 1], [-1, 0, -1], [0, -1, 1]]",,,,,14.0,,0.0,,
"[[1, -1, 1], [-1, 1, 0], [-1, -1, 0]]",,,,,,0.0,,,40.0
"[[1, -1, 1], [-1, 1, 0], [-1, 0, -1]]",,,,,,0.0,,25.0,
"[[1, -1, 1], [-1, 0, 1], [-1, -1, 0]]",,,,,0.0,,,,24.0
"[[1, -1, 1], [-1, 0, 1], [-1, 0, -1]]",,,,,0.0,,,17.0,
"[[1, -1, 1], [-1, 0, 0], [-1, 1, -1]]",,,,,3.0,12.0,,,
"[[1, -1, 1], [-1, 0, 0], [-1, -1, 1]]",,,,,30.0,22.0,,,
"[[1, -1, 1], [-1, 1, 0], [0, -1, -1]]",,,,,,0.0,34.0,,
"[[1, -1, 1], [-1, 0, 1], [0, -1, -1]]",,,,,0.0,,0.0,,
"[[1, -1, 1], [-1, 0, 0], [1, -1, -1]]",,,,,14.0,0.0,,,
"[[1, -1, 0], [-1, 1, -1], [1, -1, 0]]",,,24.0,,,,,,24.0
"[[1, -1, 0], [-1, 1, -1], [1, 0, -1]]",,,22.0,,,,,0.0,
"[[1, -1, 0], [-1, 1, -1], [-1, 1, 0]]",,,12.0,,,,,,32.0
"[[1, -1, 0], [-1, 1, -1], [0, 1, -1]]",,,21.0,,,,0.0,,
"[[1, -1, 0], [-1, 1, 1], [-1, -1, 0]]",,,0.0,,,,,,24.0
"[[1, -1, 0], [-1, 1, 1], [-1, 0, -1]]",,,0.0,,,,,15.0,
"[[1, -1, 0], [-1, 1, 0], [-1, 1, -1]]",,,23.0,,,19.0,,,
"[[1, -1, 0], [-1, 1, 1], [0, -1, -1]]",,,0.0,,,,18.0,,
"[[1, -1, 0], [-1, 1, 0], [1, -1, -1]]",,,24.0,,,10.0,,,
"[[1, -1, 0], [-1, -1, 1], [1, 0, -1]]",,,0.0,,,,,36.0,
"[[1, -1, 0], [-1, -1, 1], [-1, 1, 0]]",,,14.0,,,,,,0.0
"[[1, -1, 0], [-1, -1, 1], [0, 1, -1]]",,,20.0,,,,42.0,,
"[[1, -1, 0], [-1, -1, 1], [-1, 0, 1]]",,,34.0,,,,,0.0,
"[[1, -1, 0], [-1, 0, 1], [-1, 1, -1]]",,,15.0,,23.0,,,,
"[[1, -1, 0], [-1, 0, 1], [-1, -1, 1]]",,,26.0,,14.0,,,,
"[[1, -1, 0], [-1, 0, 1], [1, -1, -1]]",,,0.0,,15.0,,,,
"[[1, -1, 0], [-1, -1, 0], [1, 1, -1]]",,,0.0,,,43.0,,,
"[[1, -1, 0], [-1, 0, -1], [1, 1, -1]]",,,0.0,,0.0,,,,
"[[1, -1, 0], [-1, 0, -1], [1, -1, 1]]",,,0.0,,12.0,,,,
"[[1, -1, 0], [-1, -1, 0], [-1, 1, 1]]",,,0.0,,,0.0,,,
"[[1, -1, 0], [-1, 0, -1], [-1, 1, 1]]",,,0.0,,34.0,,,,
"[[1, -1, 1], [1, -1, -1], [-1, 0, 0]]",,,,,,,,36.0,0.0
"[[1, -1, 1], [1, -1, -1], [0, 0, -1]]",,,,,,,56.0,16.0,
"[[1, -1, 1], [0, -1, -1], [1, 0, -1]]",,,,26.0,,,,0.0,
"[[1, -1, 1], [0, -1, -1], [-1, 1, 0]]",,,,27.0,,,,,0.0
"[[1, -1, 1], [0, -1, -1], [0, 1, -1]]",,,,27.0,,,0.0,,
"[[1, -1, 1], [0, -1, -1], [-1, 0, 1]]",,,,0.0,,,,0.0,
"[[1, -1, 1], [1, -1, 0], [-1, 0, -1]]",,,,,,0.0,,52.0,
"[[1, -1, 1], [0, -1, 1], [-1, 0, -1]]",,,,0.0,,,,43.0,
"[[1, -1, 1], [0, -1, 0], [-1, 1, -1]]",,,,44.0,,57.0,,,
"[[1, -1, 0], [1, -1, -1], [-1, 1, 0]]",,,26.0,,,,,,0.0
"[[1, -1, 0], [1, -1, -1], [0, 1, -1]]",,,12.0,,,,32.0,,
"[[1, -1, 0], [1, -1, -1], [-1, 0, 1]]",,,0.0,,,,,0.0,
"[[1, -1, 0], [1, -1, 1], [-1, 0, -1]]",,,0.0,,,,,0.0,
"[[1, -1, 0], [1, -1, 0], [-1, 1, -1]]",,,30.0,,,0.0,,,
"[[1, -1, 0], [0, -1, 1], [-1, 1, -1]]",,,21.0,0.0,,,,,
"[[1, -1, 0], [0, -1, -1], [1, 1, -1]]",,,0.0,40.0,,,,,
"[[1, -1, 0], [0, -1, -1], [-1, 1, 1]]",,,0.0,0.0,,,,,
"[[1, -1, 1], [1, 0, -1], [-1, -1, 0]]",,,,,0.0,,,,0.0
"[[1, -1, 1], [1, 0, -1], [-1, 0, -1]]",,,,,0.0,,,19.0,
"[[1, -1, 1], [0, 1, -1], [-1, -1, 0]]",,,,0.0,,,,,30.0
"[[1, -1, 1], [0, 1, -1], [-1, 0, -1]]",,,,0.0,,,,17.0,
"[[1, -1, 1], [0, 0, -1], [-1, 1, -1]]",,,,14.0,10.0,,,,
"[[1, -1, 1], [0, 0, -1], [-1, -1, 1]]",,,,0.0,28.0,,,,
"[[1, -1, 1], [1, 0, -1], [0, -1, -1]]",,,,,0.0,,10.0,,
"[[1, -1, 1], [0, 1, -1], [0, -1, -1]]",,,,0.0,,,50.0,,
"[[1, -1, 1], [0, 0, -1], [1, -1, -1]]",,,,4.0,32.0,,,,
"[[1, -1, 0], [1, 1, -1], [-1, -1, 0]]",,,0.0,,,,,,20.0
"[[1, -1, 0], [1, 1, -1], [-1, 0, -1]]",,,0.0,,,,,0.0,
"[[1, -1, 0], [1, 0, -1], [-1, 1, -1]]",,,6.0,,0.0,,,,
"[[1, -1, 0], [1, 0, -1], [-1, -1, 1]]",,,0.0,,14.0,,,,
"[[1, -1, 0], [1, 1, -1], [0, -1, -1]]",,,0.0,,,,18.0,,
"[[1, -1, 0], [0, 1, -1], [-1, 1, -1]]",,,19.0,0.0,,,,,
"[[1, -1, 0], [0, 1, -1], [1, -1, -1]]",,,16.0,38.0,,,,,
"[[0, -1, 1], [-1, 1, -1], [-1, 1, 0]]",8.0,,,,,,,,0.0
"[[0, -1, 1], [-1, 1, -1], [0, 1, -1]]",10.0,,,,,,30.0,,
"[[0, -1, 1], [-1, 1, -1], [-1, 0, 1]]",32.0,,,,,,,0.0,
"[[0, -1, 1], [-1, 1, -1], [0, -1, 1]]",50.0,,,,,,14.0,,
"[[0, -1, 1], [-1, 1, 1], [-1, -1, 0]]",0.0,,,,,,,,26.0
"[[0, -1, 1], [-1, 1, 1], [-1, 0, -1]]",0.0,,,,,,,0.0,
"[[0, -1, 1], [-1, 1, 0], [-1, 1, -1]]",13.0,,,,,0.0,,,
"[[0, -1, 1], [-1, 1, 0], [-1, -1, 1]]",34.0,,,,,18.0,,,
"[[0, -1, 1], [-1, 1, 1], [0, -1, -1]]",0.0,,,,,,40.0,,
"[[0, -1, 1], [-1, -1, 1], [1, 0, -1]]",0.0,,,,,,,0.0,
"[[0, -1, 1], [-1, -1, 1], [-1, 1, 0]]",8.0,,,,,,,,18.0
"[[0, -1, 1], [-1, -1, 1], [0, 1, -1]]",39.0,,,,,,0.0,,
"[[0, -1, 1], [-1, 0, 1], [-1, 1, -1]]",9.0,,,,0.0,,,,
"[[0, -1, 1], [-1, 0, 1], [1, -1, -1]]",0.0,,,,26.0,,,,
"[[0, -1, 1], [-1, -1, 0], [1, 1, -1]]",0.0,,,,,0.0,,,
"[[0, -1, 1], [-1, 0, -1], [1, 1, -1]]",0.0,,,,22.0,,,,
"[[0, -1, 1], [-1, 0, -1], [1, -1, 1]]",0.0,,,,22.0,,,,
"[[0, -1, 1], [-1, -1, 0], [-1, 1, 1]]",0.0,,,,,30.0,,,
"[[0, -1, 1], [-1, 0, -1], [-1, 1, 1]]",0.0,,,,0.0,,,,
"[[0, -1, 1], [1, -1, -1], [1, 0, -1]]",34.0,,,,,,,0.0,
"[[0, -1, 1], [1, -1, -1], [-1, 1, 0]]",20.0,,,,,,,,37.0
"[[0, -1, 1], [1, -1, -1], [0, 1, -1]]",18.0,,,,,,0.0,,
"[[0, -1, 1], [1, -1, -1], [-1, 0, 1]]",0.0,,,,,,,14.0,
"[[0, -1, 1], [1, -1, 1], [-1, 0, -1]]",0.0,,,,,,,0.0,
"[[0, -1, 1], [1, -1, 0], [-1, 1, -1]]",22.0,,,,,0.0,,,
"[[0, -1, 1], [0, -1, 1], [-1, 1, -1]]",30.0,,,0.0,,,,,
"[[0, -1, 1], [0, -1, -1], [1, 1, -1]]",0.0,,,0.0,,,,,
"[[0, -1, 1], [0, -1, -1], [-1, 1, 1]]",0.0,,,27.0,,,,,
"[[0, -1, 1], [1, 1, -1], [-1, -1, 0]]",0.0,,,,,,,,17.0
"[[0, -1, 1], [1, 1, -1], [-1, 0, -1]]",0.0,,,,,,,24.0,
"[[0, -1, 1], [1, 0, -1], [-1, 1, -1]]",14.0,,,,20.0,,,,
"[[0, -1, 1], [1, 0, -1], [-1, -1, 1]]",0.0,,,,15.0,,,,
"[[0, -1, 1], [1, 1, -1], [0, -1, -1]]",0.0,,,,,,24.0,,
"[[0, -1, 1], [1, 0, -1], [1, -1, -1]]",26.0,,,,24.0,,,,
"[[0, -1, 1], [0, 1, -1], [-1, 1, -1]]",19.0,,,16.0,,,,,
"[[0, -1, 1], [0, 1, -1], [-1, -1, 1]]",26.0,,,13.0,,,,,
"[[0, -1, -1], [1, 1, -1], [1, -1, 0]]",24.0,,,,,,,,0.0
"[[0, -1, -1], [1, 1, -1], [-1, 1, 0]]",0.0,,,,,,,,0.0
"[[0, -1, -1], [1, 1, -1], [-1, 0, 1]]",24.0,,,,,,,0.0,
"[[0, -1, -1], [1, 1, -1], [0, -1, 1]]",28.0,,,,,,0.0,,
"[[0, -1, -1], [1, 1, 0], [-1, 1, -1]]",0.0,,,,,24.0,,,
"[[0, -1, -1], [1, 1, 0], [-1, -1, 1]]",22.0,,,,,24.0,,,
"[[0, -1, -1], [1, 1, 0], [1, -1, -1]]",22.0,,,,,26.0,,,
"[[0, -1, -1], [1, -1, 1], [1, 0, -1]]",22.0,,,,,,,0.0,
"[[0, -1, -1], [1, -1, 1], [0, 1, -1]]",0.0,,,,,,0.0,,
"[[0, -1, -1], [1, 0, 1], [-1, 1, -1]]",0.0,,,,16.0,,,,
"[[0, -1, -1], [1, 0, 1], [-1, -1, 1]]",0.0,,,,36.0,,,,
"[[0, -1, -1], [1, 0, 1], [1, -1, -1]]",16.0,,,,28.0,,,,
"[[0, -1, -1], [1, -1, -1], [1, 1, 0]]",20.0,,,,,,,,28.0
"[[0, -1, -1], [1, -1, 0], [1, 1, -1]]",40.0,,,,,0.0,,,
"[[0, -1, -1], [1, -1, -1], [1, 0, 1]]",34.0,,,,,,,18.0,
"[[0, -1, -1], [1, 0, -1], [1, -1, 1]]",18.0,,,,0.0,,,,
"[[0, -1, -1], [1, -1, -1], [0, 1, 1]]",0.0,,,,,,22.0,,
"[[0, -1, -1], [1, 0, -1], [-1, 1, 1]]",0.0,,,,0.0,,,,
"[[0, -1, 0], [1, -1, 1], [-1, 1, -1]]",0.0,,0.0,,,,,,
"[[0, -1, 0], [1, -1, -1], [1, 1, -1]]",40.0,,0.0,,,,,,
"[[0, -1, 0], [1, -1, -1], [-1, 1, 1]]",0.0,,21.0,,,,,,
"[[0, -1, 0], [1, 1, -1], [-1, 1, -1]]",0.0,,9.0,,,,,,
"[[0, -1, 0], [1, 1, -1], [-1, -1, 1]]",36.0,,20.0,,,,,,
"[[0, -1, 0], [1, 1, -1], [1, -1, -1]]",28.0,,10.0,,,,,,
"[[0, -1, -1], [-1, 1, 1], [1, -1, 0]]",12.0,,,,,,,,0.0
"[[0, -1, -1], [-1, 1, 1], [1, 0, -1]]",15.0,,,,,,,0.0,
"[[0, -1, -1], [-1, 1, 1], [-1, 1, 0]]",28.0,,,,,,,,0.0
"[[0, -1, -1], [-1, 1, 1], [0, 1, -1]]",19.0,,,,,,0.0,,
"[[0, -1, -1], [-1, 1, 1], [-1, 0, 1]]",36.0,,,,,,,0.0,
"[[0, -1, -1], [-1, 1, 1], [0, -1, 1]]",40.0,,,,,,0.0,,
"[[0, -1, -1], [0, 1, 1], [-1, 1, -1]]",14.0,,,32.0,,,,,
"[[0, -1, -1], [0, 1, 1], [-1, -1, 1]]",16.0,,,24.0,,,,,
"[[0, -1, -1], [0, 1, 1], [1, -1, -1]]",12.0,,,34.0,,,,,
"[[0, -1, -1], [-1, 1, -1], [1, 1, 0]]",0.0,,,,,,,,26.0
"[[0, -1, -1], [-1, 1, 0], [1, 1, -1]]",0.0,,,,,0.0,,,
"[[0, -1, -1], [-1, 1, -1], [1, 0, 1]]",28.0,,,,,,,40.0,
"[[0, -1, -1], [-1, 1, 0], [1, -1, 1]]",36.0,,,,,0.0,,,
"[[0, -1, -1], [0, 1, -1], [1, -1, 1]]",22.0,,,0.0,,,,,
"[[0, -1, -1], [-1, 1, -1], [0, 1, 1]]",14.0,,,,,,14.0,,
"[[0, -1, -1], [-1, 1, 0], [-1, 1, 1]]",38.0,,,,,0.0,,,
"[[0, -1, -1], [0, 1, -1], [-1, 1, 1]]",30.0,,,0.0,,,,,
"[[0, -1, 0], [-1, 1, 1], [-1, 1, -1]]",23.0,,0.0,,,,,,
"[[0, -1, 0], [-1, 1, 1], [-1, -1, 1]]",28.0,,18.0,,,,,,
"[[0, -1, 0], [-1, 1, 1], [1, -1, -1]]",6.0,,30.0,,,,,,
"[[0, -1, 0], [-1, 1, -1], [1, 1, -1]]",0.0,,26.0,,,,,,
"[[0, -1, 0], [-1, 1, -1], [1, -1, 1]]",32.0,,14.0,,,,,,
"[[0, -1, 0], [-1, 1, -1], [-1, 1, 1]]",40.0,,0.0,,,,,,
"[[0, -1, -1], [-1, -1, 1], [1, 1, 0]]",8.0,,,,,,,,34.0
"[[0, -1, -1], [-1, 0, 1], [1, 1, -1]]",18.0,,,,0.0,,,,
"[[0, -1, -1], [-1, -1, 1], [1, 0, 1]]",0.0,,,,,,,28.0,
"[[0, -1, -1], [-1, 0, 1], [1, -1, 1]]",0.0,,,,0.0,,,,
"[[0, -1, -1], [0, -1, 1], [1, 1, -1]]",18.0,,,0.0,,,,,
"[[0, -1, -1], [-1, -1, 1], [0, 1, 1]]",0.0,,,,,,22.0,,
"[[0, -1, -1], [-1, 0, 1], [-1, 1, 1]]",0.0,,,,0.0,,,,
"[[0, -1, 0], [-1, -1, 1], [1, 1, -1]]",16.0,,0.0,,,,,,
"[[0, -1, 0], [-1, -1, 1], [-1, 1, 1]]",0.0,,40.0,,,,,,
"[[1, 1, -1], [-1, -1, 1], [0, -1, 0]]",,,,,,,32.0,,0.0
"[[1, 1, -1], [-1, -1, 1], [0, 0, -1]]",,,,,,,39.0,0.0,
"[[1, 1, -1], [-1, -1, 0], [1, -1, 0]]",,,,,,56.0,,,0.0
"[[1, 1, -1], [-1, -1, 0], [1, 0, -1]]",,,,,,35.0,,0.0,
"[[1, 1, -1], [-1, -1, 0], [0, 1, -1]]",,,,,,0.0,0.0,,
"[[1, 1, -1], [-1, -1, 0], [0, -1, 1]]",,,,,,0.0,0.0,,
"[[1, 1, -1], [-1, 1, -1], [-1, 0, 0]]",,,,,,,,20.0,32.0
"[[1, 1, -1], [-1, 1, -1], [0, -1, 0]]",,,,,,,0.0,,32.0
"[[1, 1, -1], [-1, 0, -1], [1, -1, 0]]",,,,,0.0,,,,0.0
"[[1, 1, -1], [-1, 0, -1], [-1, 1, 0]]",,,,,16.0,,,,0.0
"[[1, 1, -1], [-1, 0, -1], [-1, 0, 1]]",,,,,20.0,,,0.0,
"[[1, 1, -1], [-1, 0, -1], [0, -1, 1]]",,,,,24.0,,0.0,,
"[[1, 1, -1], [-1, 1, 0], [-1, -1, 0]]",,,,,,0.0,,,18.0
"[[1, 1, -1], [-1, 1, 0], [-1, 0, -1]]",,,,,,0.0,,22.0,
"[[1, 1, -1], [-1, 0, 1], [-1, -1, 0]]",,,,,0.0,,,,0.0
"[[1, 1, -1], [-1, 0, 1], [-1, 0, -1]]",,,,,0.0,,,0.0,
"[[1, 1, -1], [-1, 0, 0], [-1, 1, -1]]",,,,,22.0,0.0,,,
"[[1, 1, -1], [-1, 0, 0], [-1, -1, 1]]",,,,,24.0,0.0,,,
"[[1, 1, -1], [-1, 1, 0], [0, -1, -1]]",,,,,,0.0,0.0,,
"[[1, 1, -1], [-1, 0, 1], [0, -1, -1]]",,,,,0.0,,22.0,,
"[[1, 1, -1], [-1, 0, 0], [1, -1, -1]]",,,,,0.0,11.0,,,
"[[1, 0, -1], [-1, 1, -1], [1, -1, 0]]",,0.0,,,,,,,24.0
"[[1, 0, -1], [-1, 1, -1], [-1, 1, 0]]",,44.0,,,,,,,22.0
"[[1, 0, -1], [-1, 1, 1], [-1, -1, 0]]",,0.0,,,,,,,40.0
"[[1, 0, -1], [-1, 1, 1], [-1, 0, -1]]",,0.0,,,,,,42.0,
"[[1, 0, -1], [-1, 1, 0], [-1, 1, -1]]",,38.0,,,,16.0,,,
"[[1, 0, -1], [-1, 1, 1], [0, -1, -1]]",,0.0,,,,,16.0,,
"[[1, 0, -1], [-1, 1, 0], [1, -1, -1]]",,0.0,,,,16.0,,,
"[[1, 0, -1], [-1, -1, 1], [1, -1, 0]]",,29.0,,,,,,,0.0
"[[1, 0, -1], [-1, -1, 1], [1, 0, -1]]",,19.0,,,,,,24.0,
"[[1, 0, -1], [-1, -1, 1], [0, 1, -1]]",,0.0,,,,,15.0,,
"[[1, 0, -1], [-1, -1, 1], [0, -1, 1]]",,0.0,,,,,0.0,,
"[[1, 0, -1], [-1, 0, 1], [-1, 1, -1]]",,0.0,,,8.0,,,,
"[[1, 0, -1], [-1, 0, 1], [-1, -1, 1]]",,0.0,,,32.0,,,,
"[[1, 0, -1], [-1, 0, 1], [1, -1, -1]]",,16.0,,,6.0,,,,
"[[1, 0, -1], [-1, -1, 0], [1, 1, -1]]",,0.0,,,,34.0,,,
"[[1, 0, -1], [-1, -1, 0], [1, -1, 1]]",,0.0,,,,0.0,,,
"[[1, 0, -1], [-1, 0, -1], [1, -1, 1]]",,0.0,,,38.0,,,,
"[[1, 0, -1], [-1, 0, -1], [-1, 1, 1]]",,0.0,,,18.0,,,,
"[[1, 1, -1], [1, -1, -1], [0, -1, 0]]",,,,,,,44.0,,0.0
"[[1, 1, -1], [0, -1, -1], [1, -1, 0]]",,,,52.0,,,,,0.0
"[[1, 1, -1], [0, -1, -1], [0, -1, 1]]",,,,0.0,,,0.0,,
"[[1, 1, -1], [1, -1, 0], [0, -1, -1]]",,,,,,0.0,38.0,,
"[[1, 1, -1], [0, -1, 1], [0, -1, -1]]",,,,0.0,,,26.0,,
"[[1, 1, -1], [0, -1, 0], [1, -1, -1]]",,,,52.0,,14.0,,,
"[[1, 0, -1], [1, -1, -1], [0, -1, 1]]",,0.0,,,,,34.0,,
"[[1, 0, -1], [1, -1, 1], [0, -1, -1]]",,0.0,,,,,30.0,,
"[[1, 0, -1], [0, -1, 1], [1, -1, -1]]",,24.0,,42.0,,,,,
"[[1, 0, -1], [0, -1, -1], [1, -1, 1]]",,0.0,,52.0,,,,,
"[[1, 1, -1], [1, 0, -1], [-1, -1, 0]]",,,,,0.0,,,,0.0
"[[1, 1, -1], [0, 1, -1], [-1, -1, 0]]",,,,0.0,,,,,18.0
"[[1, 1, -1], [0, 0, -1], [-1, -1, 1]]",,,,0.0,18.0,,,,
"[[1, 0, -1], [1, 1, -1], [-1, -1, 0]]",,0.0,,,,,,,22.0
"[[1, 0, -1], [1, 0, -1], [-1, -1, 1]]",,0.0,,,24.0,,,,
"[[0, 1, -1], [-1, 1, -1], [1, -1, 0]]",0.0,,,,,,,,13.0
"[[0, 1, -1], [-1, 1, -1], [-1, 0, 1]]",26.0,,,,,,,28.0,
"[[0, 1, -1], [-1, 1, -1], [0, -1, 1]]",44.0,,,,,,18.0,,
"[[0, 1, -1], [-1, 1, 1], [-1, -1, 0]]",0.0,,,,,,,,0.0
"[[0, 1, -1], [-1, 1, 1], [-1, 0, -1]]",0.0,,,,,,,44.0,
"[[0, 1, -1], [-1, 1, 0], [-1, -1, 1]]",38.0,,,,,0.0,,,
"[[0, 1, -1], [-1, 1, 1], [0, -1, -1]]",0.0,,,,,,23.0,,
"[[0, 1, -1], [-1, 1, 0], [1, -1, -1]]",0.0,,,,,29.0,,,
"[[0, 1, -1], [-1, -1, 1], [1, -1, 0]]",25.0,,,,,,,,13.0
"[[0, 1, -1], [-1, -1, 1], [1, 0, -1]]",23.0,,,,,,,0.0,
"[[0, 1, -1], [-1, -1, 1], [0, 1, -1]]",0.0,,,,,,0.0,,
"[[0, 1, -1], [-1, -1, 1], [0, -1, 1]]",0.0,,,,,,15.0,,
"[[0, 1, -1], [-1, 0, 1], [-1, 1, -1]]",0.0,,,,30.0,,,,
"[[0, 1, -1], [-1, 0, 1], [-1, -1, 1]]",0.0,,,,0.0,,,,
"[[0, 1, -1], [-1, 0, 1], [1, -1, -1]]",13.0,,,,19.0,,,,
"[[0, 1, -1], [-1, -1, 0], [1, 1, -1]]",0.0,,,,,0.0,,,
"[[0, 1, -1], [-1, -1, 0], [1, -1, 1]]",0.0,,,,,14.0,,,
"[[0, 1, -1], [-1, 0, -1], [1, -1, 1]]",0.0,,,,10.0,,,,
"[[0, 1, -1], [-1, 0, -1], [-1, 1, 1]]",0.0,,,,22.0,,,,
"[[0, 1, -1], [1, -1, -1], [1, -1, 0]]",34.0,,,,,,,,13.0
"[[0, 1, -1], [1, -1, -1], [0, -1, 1]]",0.0,,,,,,12.0,,
"[[0, 1, -1], [1, -1, 1], [0, -1, -1]]",0.0,,,,,,0.0,,
"[[0, 1, -1], [1, -1, 0], [1, -1, -1]]",20.0,,,,,0.0,,,
"[[0, 1, -1], [0, -1, 1], [1, -1, -1]]",9.0,,,0.0,,,,,
"[[0, 1, -1], [0, -1, -1], [1, -1, 1]]",0.0,,,14.0,,,,,
"[[0, 1, -1], [1, 1, -1], [-1, -1, 0]]",0.0,,,,,,,,10.0
"[[0, 1, -1], [1, 0, -1], [-1, -1, 1]]",0.0,,,,12.0,,,,
"[[0, 1, -1], [0, 1, -1], [-1, -1, 1]]",40.0,,,10.0,,,,,
"[[0, 0, -1], [1, -1, 1], [1, -1, -1]]",46.0,0.0,,,,,,,
"[[0, 0, -1], [1, -1, -1], [1, -1, 1]]",54.0,19.0,,,,,,,
"[[0, 0, -1], [1, 1, -1], [-1, -1, 1]]",24.0,15.0,,,,,,,
"[[0, 0, -1], [-1, 1, 1], [-1, 1, -1]]",12.0,36.0,,,,,,,
"[[0, 0, -1], [-1, 1, 1], [-1, -1, 1]]",28.0,0.0,,,,,,,
"[[0, 0, -1], [-1, 1, 1], [1, -1, -1]]",25.0,10.0,,,,,,,
"[[0, 0, -1], [-1, 1, -1], [1, -1, 1]]",34.0,16.0,,,,,,,
"[[0, 0, -1], [-1, 1, -1], [-1, 1, 1]]",36.0,4.0,,,,,,,
"[[0, 0, -1], [-1, -1, 1], [1, 1, -1]]",23.0,0.0,,,,,,,
"[[0, 0, -1], [-1, -1, 1], [1, -1, 1]]",0.0,27.0,,,,,,,
"[[1, 1, 0], [-1, -1, 1], [-1, -1, 0]]",,,46.0,,,,,,0.0
"[[1, 1, 0], [-1, -1, 1], [-1, 0, -1]]",,,40.0,,,,,0.0,
"[[1, 1, 0], [-1, -1, 0], [-1, 1, -1]]",,,40.0,,,0.0,,,
"[[1, 1, 0], [-1, -1, 0], [-1, -1, 1]]",,,26.0,,,0.0,,,
"[[1, 1, 0], [-1, -1, 1], [0, -1, -1]]",,,54.0,,,,14.0,,
"[[1, 1, 0], [-1, -1, 0], [1, -1, -1]]",,,48.0,,,14.0,,,
"[[1, 0, 1], [-1, -1, 1], [-1, -1, 0]]",,36.0,,,,,,,32.0
"[[1, 0, 1], [-1, -1, 1], [-1, 0, -1]]",,54.0,,,,,,8.0,
"[[1, 0, 1], [-1, -1, 0], [-1, 1, -1]]",,48.0,,,,21.0,,,
"[[1, 0, 1], [-1, -1, 0], [-1, -1, 1]]",,26.0,,,,48.0,,,
"[[1, 0, 1], [-1, -1, 1], [0, -1, -1]]",,48.0,,,,,0.0,,
"[[1, 0, 1], [-1, -1, 0], [1, -1, -1]]",,32.0,,,,0.0,,,
"[[1, 0, 0], [-1, -1, 1], [-1, 1, -1]]",,0.0,27.0,,,,,,
"[[1, 0, 0], [-1, -1, 1], [-1, -1, 1]]",,0.0,22.0,,,,,,
"[[1, 0, 0], [-1, -1, 1], [1, -1, -1]]",,25.0,0.0,,,,,,
"[[1, 1, 0], [-1, 1, -1], [-1, -1, 0]]",,,28.0,,,,,,32.0
"[[1, 1, 0], [-1, 1, -1], [-1, 0, -1]]",,,34.0,,,,,22.0,
"[[1, 1, 0], [-1, 0, -1], [-1, 1, -1]]",,,6.0,,26.0,,,,
"[[1, 1, 0], [-1, 0, -1], [-1, -1, 1]]",,,14.0,,24.0,,,,
"[[1, 1, 0], [-1, 1, -1], [0, -1, -1]]",,,28.0,,,,0.0,,
"[[1, 1, 0], [-1, 0, -1], [1, -1, -1]]",,,22.0,,0.0,,,,
"[[1, 0, 1], [-1, 1, -1], [-1, -1, 0]]",,40.0,,,,,,,18.0
"[[1, 0, 1], [-1, 1, -1], [-1, 0, -1]]",,26.0,,,,,,13.0,
"[[1, 0, 1], [-1, 0, -1], [-1, 1, -1]]",,6.0,,,12.0,,,,
"[[1, 0, 1], [-1, 0, -1], [-1, -1, 1]]",,18.0,,,30.0,,,,
"[[1, 0, 1], [-1, 1, -1], [0, -1, -1]]",,14.0,,,,,42.0,,
"[[1, 0, 1], [-1, 0, -1], [1, -1, -1]]",,26.0,,,18.0,,,,
"[[1, 0, 0], [-1, 1, -1], [-1, 1, -1]]",,28.0,16.0,,,,,,
"[[1, 0, 0], [-1, 1, -1], [1, -1, -1]]",,0.0,28.0,,,,,,
"[[0, 1, 1], [-1, -1, 1], [-1, -1, 0]]",18.0,,,,,,,,44.0
"[[0, 1, 1], [-1, -1, 1], [-1, 0, -1]]",38.0,,,,,,,0.0,
"[[0, 1, 1], [-1, -1, 0], [-1, 1, -1]]",30.0,,,,,0.0,,,
"[[0, 1, 1], [-1, -1, 0], [-1, -1, 1]]",30.0,,,,,42.0,,,
"[[0, 1, 1], [-1, -1, 1], [0, -1, -1]]",46.0,,,,,,0.0,,
"[[0, 1, 1], [-1, -1, 0], [1, -1, -1]]",14.0,,,,,0.0,,,
"[[0, 1, 0], [-1, -1, 1], [-1, 1, -1]]",0.0,,0.0,,,,,,
"[[0, 1, 0], [-1, -1, 1], [-1, -1, 1]]",0.0,,22.0,,,,,,
"[[0, 1, 0], [-1, -1, 1], [1, -1, -1]]",18.0,,0.0,,,,,,
"[[0, 1, 1], [-1, 1, -1], [-1, -1, 0]]",18.0,,,,,,,,0.0
"[[0, 1, 1], [-1, 1, -1], [-1, 0, -1]]",26.0,,,,,,,34.0,
"[[0, 1, 1], [-1, 0, -1], [-1, 1, -1]]",26.0,,,,18.0,,,,
"[[0, 1, 1], [-1, 0, -1], [-1, -1, 1]]",26.0,,,,0.0,,,,
"[[0, 1, 1], [-1, 1, -1], [0, -1, -1]]",30.0,,,,,,26.0,,
"[[0, 1, 1], [-1, 0, -1], [1, -1, -1]]",8.0,,,,12.0,,,,
"[[0, 1, 0], [-1, 1, -1], [-1, -1, 1]]",32.0,,0.0,,,,,,
"[[0, 1, 0], [-1, 1, -1], [1, -1, -1]]",0.0,,24.0,,,,,,
"[[0, 0, 1], [-1, -1, 1], [-1, 1, -1]]",13.0,0.0,,,,,,,
"[[0, 0, 1], [-1, -1, 1], [1, -1, -1]]",0.0,0.0,,,,,,,
"[[0, 0, 1], [-1, 1, -1], [-1, 1, -1]]",7.0,26.0,,,,,,,
"[[0, 0, 1], [-1, 1, -1], [-1, -1, 1]]",32.0,0.0,,,,,,,
"[[1, 1, 0], [1, -1, -1], [-1, -1, 0]]",,,34.0,,,,,,0.0
"[[1, 1, 0], [1, -1, -1], [-1, 0, -1]]",,,42.0,,,,,0.0,
"[[1, 1, 0], [0, -1, -1], [-1, 1, -1]]",,,32.0,0.0,,,,,
"[[1, 1, 0], [0, -1, -1], [-1, -1, 1]]",,,46.0,0.0,,,,,
"[[1, 1, 0], [1, -1, -1], [0, -1, -1]]",,,38.0,,,,28.0,,
"[[1, 1, 0], [0, -1, -1], [1, -1, -1]]",,,28.0,40.0,,,,,
"[[1, 0, 1], [1, -1, -1], [-1, -1, 0]]",,40.0,,,,,,,0.0
"[[1, 0, 1], [1, -1, -1], [-1, 0, -1]]",,80.0,,,,,,25.0,
"[[1, 0, 1], [0, -1, -1], [-1, 1, -1]]",,38.0,,19.0,,,,,
"[[1, 0, 1], [0, -1, -1], [-1, -1, 1]]",,32.0,,0.0,,,,,
"[[1, 0, 1], [1, -1, -1], [0, -1, -1]]",,28.0,,,,,16.0,,
"[[1, 0, 1], [0, -1, -1], [1, -1, -1]]",,28.0,,44.0,,,,,
"[[1, 0, 0], [1, -1, -1], [-1, 1, -1]]",,0.0,42.0,,,,,,
"[[1, 0, 0], [1, -1, -1], [-1, -1, 1]]",,0.0,0.0,,,,,,
"[[0, 1, 1], [1, -1, -1], [-1, -1, 0]]",34.0,,,,,,,,14.0
"[[0, 1, 1], [1, -1, -1], [-1, 0, -1]]",16.0,,,,,,,0.0,
"[[0, 1, 1], [0, -1, -1], [-1, 1, -1]]",30.0,,,0.0,,,,,
"[[0, 1, 1], [0, -1, -1], [-1, -1, 1]]",44.0,,,12.0,,,,,
"[[0, 1, 1], [1, -1, -1], [0, -1, -1]]",30.0,,,,,,0.0,,
"[[0, 1, 1], [0, -1, -1], [1, -1, -1]]",24.0,,,0.0,,,,,
"[[0, 1, 0], [1, -1, -1], [-1, 1, -1]]",0.0,,0.0,,,,,,
"[[0, 1, 0], [1, -1, -1], [-1, -1, 1]]",0.0,,17.0,,,,,,
"[[0, 1, 0], [1, -1, -1], [1, -1, -1]]",26.0,,0.0,,,,,,
"[[0, 0, 1], [1, -1, -1], [-1, 1, -1]]",17.0,0.0,,,,,,,
"[[0, 0, 1], [1, -1, -1], [-1, -1, 1]]",0.0,37.0,,,,,,,
"[[0, 0, 1], [1, -1, -1], [1, -1, -1]]",36.0,0.0,,,,,,,
"[[-1, 1, -1], [1, -1, 1], [1, -1, 0]]",,,,,,,,,0.0
"[[-1, 1, -1], [1, -1, 1], [0, -1, 1]]",,,,,,,0.0,,
"[[-1, 1, -1], [1, -1, -1], [1, 1, 0]]",,,,,,,,,0.0
"[[-1, 1, -1], [1, -1, -1], [1, 0, 1]]",,,,,,,,36.0,
"[[-1, 1, -1], [1, -1, 0], [1, -1, 1]]",,,,,,56.0,,,
"[[-1, 1, -1], [1, -1, -1], [0, 1, 1]]",,,,,,,0.0,,
"[[-1, 1, -1], [1, 1, -1], [-1, 0, 1]]",,,,,,,,31.0,
"[[-1, 1, -1], [1, 1, -1], [1, -1, 0]]",,,,,,,,,0.0
"[[-1, 1, -1], [1, 1, -1], [0, -1, 1]]",,,,,,,39.0,,
"[[-1, 1, -1], [1, 0, -1], [1, -1, 1]]",,,,,27.0,,,,
"[[-1, 1, -1], [1, 0, -1], [-1, 1, 1]]",,,,,0.0,,,,
"[[-1, 1, -1], [1, 1, 0], [-1, -1, 1]]",,,,,,33.0,,,
"[[-1, 1, -1], [1, 0, 1], [-1, -1, 1]]",,,,,0.0,,,,
"[[-1, 1, -1], [1, 0, 1], [-1, 1, -1]]",,,,,0.0,,,,
"[[-1, 1, -1], [1, 1, 0], [1, -1, -1]]",,,,,,0.0,,,
"[[-1, 1, -1], [1, 0, 1], [1, -1, -1]]",,,,,0.0,,,,
"[[-1, 1, -1], [-1, 1, 1], [1, -1, 0]]",,,,,,,,,40.0
"[[-1, 1, -1], [-1, 1, 1], [0, -1, 1]]",,,,,,,0.0,,
"[[-1, 1, -1], [-1, 1, 1], [1, 0, -1]]",,,,,,,,20.0,
"[[-1, 1, -1], [-1, 1, -1], [1, 0, 1]]",,,,,,,,27.0,
"[[-1, 1, -1], [-1, 1, 0], [1, -1, 1]]",,,,,,38.0,,,
"[[-1, 1, -1], [0, 1, -1], [1, -1, 1]]",,,,44.0,,,,,
"[[-1, 1, -1], [0, 1, 1], [-1, -1, 1]]",,,,0.0,,,,,
"[[-1, 1, -1], [0, 1, 1], [1, -1, -1]]",,,,37.0,,,,,
"[[-1, 1, -1], [-1, -1, 1], [1, 1, 0]]",,,,,,,,,0.0
"[[-1, 1, -1], [-1, -1, 1], [1, 0, 1]]",,,,,,,,40.0,
"[[-1, 1, -1], [-1, 0, 1], [1, -1, 1]]",,,,,33.0,,,,
"[[-1, 1, -1], [-1, 0, 1], [1, 1, -1]]",,,,,0.0,,,,
"[[-1, 1, -1], [-1, -1, 1], [0, 1, 1]]",,,,,,,0.0,,
"[[-1, 1, -1], [0, -1, 1], [1, -1, 1]]",,,,47.0,,,,,
"[[-1, 1, 1], [-1, -1, 1], [1, -1, 0]]",,,,,,,,,0.0
"[[-1, 1, 1], [-1, -1, 0], [1, -1, 1]]",,,,,,0.0,,,
"[[-1, 1, 1], [-1, 1, -1], [0, -1, 1]]",,,,,,,0.0,,
"[[-1, 1, 1], [-1, 0, -1], [1, -1, 1]]",,,,,0.0,,,,
"[[-1, 1, 1], [-1, 0, -1], [1, 1, -1]]",,,,,0.0,,,,
"[[-1, 1, 1], [-1, 1, 1], [0, -1, -1]]",,,,,,,0.0,,
"[[-1, 1, 1], [-1, 0, 1], [1, -1, -1]]",,,,,0.0,,,,
"[[-1, 1, 0], [-1, 1, -1], [1, -1, 1]]",,,32.0,,,,,,
"[[-1, 1, 0], [-1, 1, 1], [1, -1, -1]]",,,22.0,,,,,,
"[[-1, 1, 0], [-1, -1, 1], [1, -1, 1]]",,,33.0,,,,,,
"[[-1, 1, 1], [1, -1, -1], [-1, 1, 0]]",,,,,,,,,0.0
"[[-1, 1, 1], [1, -1, -1], [-1, 0, 1]]",,,,,,,,78.0,
"[[-1, 1, 1], [1, -1, -1], [1, -1, 0]]",,,,,,,,,0.0
"[[-1, 1, 1], [1, -1, -1], [0, -1, 1]]",,,,,,,58.0,,
"[[-1, 1, 1], [0, -1, -1], [1, -1, 1]]",,,,0.0,,,,,
"[[-1, 1, 1], [0, -1, -1], [-1, 1, 1]]",,,,0.0,,,,,
"[[-1, 1, 1], [1, -1, 1], [-1, -1, 0]]",,,,,,,,,0.0
"[[-1, 1, 1], [1, -1, 0], [-1, -1, 1]]",,,,,,35.0,,,
"[[-1, 1, 0], [1, -1, -1], [1, -1, 1]]",,,51.0,,,,,,
"[[-1, 1, 0], [1, -1, -1], [-1, 1, 1]]",,,0.0,,,,,,
"[[-1, 1, 0], [1, -1, 1], [-1, -1, 1]]",,,0.0,,,,,,
"[[-1, 1, 1], [1, 1, -1], [-1, -1, 0]]",,,,,,,,,0.0
"[[-1, 1, 1], [1, 0, -1], [-1, -1, 1]]",,,,,36.0,,,,
"[[-1, 1, 1], [1, 1, -1], [-1, 0, -1]]",,,,,,,,0.0,
"[[-1, 1, 1], [1, 0, -1], [-1, 1, -1]]",,,,,0.0,,,,
"[[-1, 1, 1], [0, 1, -1], [-1, -1, 1]]",,,,0.0,,,,,
"[[-1, 1, 1], [1, 1, -1], [0, -1, -1]]",,,,,,,0.0,,
"[[-1, 1, 1], [1, 0, -1], [1, -1, -1]]",,,,,0.0,,,,
"[[-1, 1, 0], [1, 1, -1], [-1, -1, 1]]",,,40.0,,,,,,
"[[-1, 1, 0], [1, 1, -1], [1, -1, -1]]",,,0.0,,,,,,
"[[-1, -1, 1], [1, -1, 1], [-1, 1, 0]]",,,,,,,,,0.0
"[[-1, -1, 1], [1, -1, -1], [1, 1, 0]]",,,,,,,,,0.0
"[[-1, -1, 1], [1, -1, -1], [1, 0, 1]]",,,,,,,,0.0,
"[[-1, -1, 1], [1, -1, -1], [0, 1, 1]]",,,,,,,36.0,,
"[[-1, -1, 1], [1, -1, 0], [-1, 1, 1]]",,,,,,43.0,,,
"[[-1, -1, 1], [1, 1, -1], [-1, 1, 0]]",,,,,,,,,32.0
"[[-1, -1, 1], [1, 1, -1], [-1, 0, 1]]",,,,,,,,45.0,
"[[-1, -1, 1], [1, 1, -1], [0, -1, 1]]",,,,,,,27.0,,
"[[-1, -1, 1], [1, 1, -1], [0, 1, -1]]",,,,,,,34.0,,
"[[-1, -1, 1], [1, 0, -1], [1, -1, 1]]",,,,,0.0,,,,
"[[-1, -1, 1], [1, 0, -1], [1, 1, -1]]",,,,,0.0,,,,
"[[-1, -1, 1], [1, 0, -1], [-1, 1, 1]]",,,,,32.0,,,,
"[[-1, -1, 1], [1, 1, 0], [-1, -1, 1]]",,,,,,27.0,,,
"[[-1, -1, 1], [1, 1, 0], [-1, 1, -1]]",,,,,,39.0,,,
"[[-1, -1, 1], [1, 0, 1], [-1, 1, -1]]",,,,,0.0,,,,
"[[-1, -1, 1], [1, 0, 1], [1, -1, -1]]",,,,,0.0,,,,
"[[-1, -1, 1], [-1, 1, 1], [0, 1, -1]]",,,,,,,0.0,,
"[[-1, -1, 1], [-1, 1, -1], [0, 1, 1]]",,,,,,,0.0,,
"[[-1, -1, 1], [0, 1, -1], [-1, 1, 1]]",,,,0.0,,,,,
"[[-1, -1, 1], [0, 1, 1], [-1, 1, -1]]",,,,0.0,,,,,
"[[-1, -1, 1], [-1, -1, 1], [1, 1, 0]]",,,,,,,,,0.0
"[[-1, -1, 1], [-1, 0, 1], [1, 1, -1]]",,,,,0.0,,,,
"[[-1, 0, 1], [1, -1, -1], [1, -1, 1]]",,0.0,,,,,,,
"[[-1, 0, 1], [1, -1, -1], [-1, 1, 1]]",,45.0,,,,,,,
"[[-1, 0, 1], [1, 1, -1], [-1, -1, 1]]",,44.0,,,,,,,
"[[-1, 0, 1], [1, 1, -1], [-1, 1, -1]]",,28.0,,,,,,,
"[[-1, -1, 0], [1, 1, -1], [1, -1, 1]]",,,0.0,,,,,,
"[[-1, -1, 0], [1, 1, -1], [1, 1, -1]]",,,0.0,,,,,,
"[[-1, -1, 0], [1, 1, -1], [-1, 1, 1]]",,,0.0,,,,,,
"[[-1, -1, 0], [1, -1, 1], [-1, 1, 1]]",,,0.0,,,,,,
"[[-1, 0, -1], [1, 1, -1], [1, -1, 1]]",,0.0,,,,,,,
"[[-1, 0, -1], [1, 1, -1], [-1, 1, 1]]",,0.0,,,,,,,
"[[-1, 0, -1], [1, -1, 1], [1, -1, 1]]",,0.0,,,,,,,
"[[-1, -1, 0], [-1, 1, 1], [1, -1, 1]]",,,0.0,,,,,,
"[[-1, -1, 0], [-1, 1, 1], [1, 1, -1]]",,,0.0,,,,,,
"[[-1, 0, -1], [-1, 1, 1], [1, -1, 1]]",,0.0,,,,,,,
"[[-1, 0, -1], [-1, 1, 1], [1, 1, -1]]",,0.0,,,,,,,
"[[1, -1, -1], [1, -1, 1], [0, 1, -1]]",,,,,,,0.0,,
"[[1, -1, -1], [1, -1, -1], [0, 1, 1]]",,,,,,,0.0,,
"[[1, -1, -1], [1, 1, -1], [-1, 1, 0]]",,,,,,,,,0.0
"[[1, -1, -1], [1, 0, -1], [-1, 1, 1]]",,,,,0.0,,,,
"[[1, -1, -1], [1, 1, 0], [-1, 1, -1]]",,,,,,0.0,,,
"[[1, -1, -1], [1, 0, 1], [-1, -1, 1]]",,,,,0.0,,,,
"[[1, -1, -1], [1, 0, 1], [-1, 1, -1]]",,,,,0.0,,,,
"[[1, -1, -1], [-1, 1, 1], [-1, 1, 0]]",,,,,,,,,31.0
"[[1, -1, -1], [-1, 1, 1], [1, -1, 0]]",,,,,,,,,22.0
"[[1, -1, -1], [-1, 1, 1], [1, 0, -1]]",,,,,,,,33.0,
"[[1, -1, -1], [-1, 1, 1], [0, 1, -1]]",,,,,,,42.0,,
"[[1, -1, -1], [-1, 1, -1], [1, 1, 0]]",,,,,,,,,0.0
"[[1, -1, -1], [-1, 1, 0], [1, 1, -1]]",,,,,,0.0,,,
"[[1, -1, -1], [0, 1, 1], [-1, 1, -1]]",,,,27.0,,,,,
"[[1, -1, -1], [0, 1, 1], [1, -1, -1]]",,,,17.0,,,,,
"[[1, -1, -1], [-1, -1, 1], [1, 1, 0]]",,,,,,,,,34.0
"[[1, -1, -1], [-1, -1, 1], [1, 0, 1]]",,,,,,,,0.0,
"[[1, -1, -1], [-1, 0, 1], [1, -1, 1]]",,,,,0.0,,,,
"[[1, -1, -1], [-1, 0, 1], [1, 1, -1]]",,,,,33.0,,,,
"[[1, -1, -1], [-1, -1, 1], [0, 1, 1]]",,,,,,,0.0,,
"[[1, -1, -1], [-1, 0, 1], [-1, 1, 1]]",,,,,0.0,,,,
"[[1, -1, -1], [0, -1, 1], [1, 1, -1]]",,,,31.0,,,,,
"[[1, -1, 1], [-1, -1, 1], [-1, 1, 0]]",,,,,,,,,32.0
"[[1, -1, 1], [-1, -1, 1], [1, 0, -1]]",,,,,,,,0.0,
"[[1, -1, 1], [-1, -1, 1], [0, 1, -1]]",,,,,,,61.0,,
"[[1, -1, 1], [-1, -1, 0], [1, 1, -1]]",,,,,,0.0,,,
"[[1, -1, 1], [-1, -1, 0], [-1, 1, 1]]",,,,,,0.0,,,
"[[1, -1, 1], [-1, 1, -1], [-1, 1, 0]]",,,,,,,,,30.0
"[[1, -1, 1], [-1, 1, -1], [0, 1, -1]]",,,,,,,24.0,,
"[[1, -1, 1], [-1, 0, -1], [1, -1, 1]]",,,,,0.0,,,,
"[[1, -1, 1], [-1, 0, -1], [1, 1, -1]]",,,,,0.0,,,,
"[[1, -1, 1], [-1, 0, -1], [-1, 1, 1]]",,,,,0.0,,,,
"[[1, -1, 1], [-1, 1, 1], [-1, -1, 0]]",,,,,,,,,0.0
"[[1, -1, 1], [-1, 1, 1], [-1, 0, -1]]",,,,,,,,0.0,
"[[1, -1, 1], [-1, 1, 0], [-1, 1, -1]]",,,,,,31.0,,,
"[[1, -1, 1], [-1, 0, 1], [-1, 1, -1]]",,,,,30.0,,,,
"[[1, -1, 1], [-1, 1, 1], [0, -1, -1]]",,,,,,,0.0,,
"[[1, -1, 1], [-1, 0, 1], [1, -1, -1]]",,,,,0.0,,,,
"[[1, -1, 0], [-1, 1, -1], [1, 1, -1]]",,,0.0,,,,,,
"[[1, -1, 0], [-1, 1, 1], [-1, 1, -1]]",,,34.0,,,,,,
"[[1, -1, 0], [-1, 1, 1], [1, -1, -1]]",,,25.0,,,,,,
"[[1, -1, 0], [-1, -1, 1], [1, 1, -1]]",,,78.0,,,,,,
"[[1, -1, 0], [-1, -1, 1], [-1, 1, 1]]",,,0.0,,,,,,
"[[1, -1, 1], [1, -1, -1], [-1, 1, 0]]",,,,,,,,,59.0
"[[1, -1, 1], [1, -1, -1], [-1, 0, 1]]",,,,,,,,0.0,
"[[1, -1, 1], [1, -1, -1], [0, 1, -1]]",,,,,,,37.0,,
"[[1, -1, 1], [0, -1, -1], [1, 1, -1]]",,,,0.0,,,,,
"[[1, -1, 1], [0, -1, -1], [-1, 1, 1]]",,,,0.0,,,,,
"[[1, -1, 1], [1, -1, 1], [-1, 0, -1]]",,,,,,,,0.0,
"[[1, -1, 1], [1, -1, 0], [-1, 1, -1]]",,,,,,79.0,,,
"[[1, -1, 1], [0, -1, 1], [-1, 1, -1]]",,,,78.0,,,,,
"[[1, -1, 0], [1, -1, -1], [-1, 1, 1]]",,,0.0,,,,,,
"[[1, -1, 0], [1, -1, 1], [-1, 1, -1]]",,,0.0,,,,,,
"[[1, -1, 1], [1, 1, -1], [-1, -1, 0]]",,,,,,,,,0.0
"[[1, -1, 1], [1, 0, -1], [-1, -1, 1]]",,,,,0.0,,,,
"[[1, -1, 1], [1, 1, -1], [-1, 0, -1]]",,,,,,,,0.0,
"[[1, -1, 1], [1, 0, -1], [-1, 1, -1]]",,,,,25.0,,,,
"[[1, -1, 1], [0, 1, -1], [-1, 1, -1]]",,,,32.0,,,,,
"[[1, -1, 1], [1, 1, -1], [0, -1, -1]]",,,,,,,0.0,,
"[[1, -1, 0], [1, 1, -1], [-1, 1, -1]]",,,0.0,,,,,,
"[[0, -1, 1], [-1, 1, -1], [-1, 1, 1]]",0.0,,,,,,,,
"[[0, -1, 1], [-1, 1, 1], [-1, 1, -1]]",0.0,,,,,,,,
"[[0, -1, 1], [-1, -1, 1], [1, 1, -1]]",0.0,,,,,,,,
"[[0, -1, 1], [1, -1, -1], [1, 1, -1]]",0.0,,,,,,,,
"[[0, -1, 1], [1, -1, -1], [-1, 1, 1]]",43.0,,,,,,,,
"[[0, -1, 1], [1, -1, 1], [-1, 1, -1]]",0.0,,,,,,,,
"[[0, -1, 1], [1, 1, -1], [-1, -1, 1]]",35.0,,,,,,,,
"[[0, -1, 1], [1, 1, -1], [-1, 1, -1]]",33.0,,,,,,,,
"[[0, -1, -1], [1, 1, -1], [1, -1, 1]]",0.0,,,,,,,,
"[[0, -1, -1], [1, 1, -1], [-1, 1, 1]]",0.0,,,,,,,,
"[[0, -1, -1], [1, -1, 1], [1, 1, -1]]",0.0,,,,,,,,
"[[0, -1, -1], [-1, 1, 1], [1, -1, 1]]",0.0,,,,,,,,
"[[0, -1, -1], [-1, 1, 1], [1, 1, -1]]",0.0,,,,,,,,
"[[0, -1, -1], [-1, 1, 1], [-1, 1, 1]]",0.0,,,,,,,,
"[[1, 1, -1], [-1, -1, 1], [1, -1, 0]]",,,,,,,,,65.0
"[[1, 1, -1], [-1, -1, 1], [0, -1, 1]]",,,,,,,0.0,,
"[[1, 1, -1], [-1, -1, 1], [1, 0, -1]]",,,,,,,,58.0,
"[[1, 1, -1], [-1, -1, 1], [0, 1, -1]]",,,,,,,0.0,,
"[[1, 1, -1], [-1, -1, 0], [1, -1, 1]]",,,,,,0.0,,,
"[[1, 1, -1], [-1, -1, 0], [1, 1, -1]]",,,,,,0.0,,,
"[[1, 1, -1], [-1, 1, -1], [1, -1, 0]]",,,,,,,,,0.0
"[[1, 1, -1], [-1, 0, -1], [1, -1, 1]]",,,,,0.0,,,,
"[[1, 1, -1], [-1, 0, -1], [-1, 1, 1]]",,,,,0.0,,,,
"[[1, 1, -1], [-1, 1, 1], [-1, -1, 0]]",,,,,,,,,0.0
"[[1, 1, -1], [-1, 1, 1], [-1, 0, -1]]",,,,,,,,0.0,
"[[1, 1, -1], [-1, 0, 1], [-1, -1, 1]]",,,,,0.0,,,,
"[[1, 1, -1], [-1, 0, 1], [-1, 1, -1]]",,,,,0.0,,,,
"[[1, 1, -1], [-1, 1, 1], [0, -1, -1]]",,,,,,,0.0,,
"[[1, 1, -1], [-1, 1, 0], [1, -1, -1]]",,,,,,0.0,,,
"[[1, 1, -1], [-1, 0, 1], [1, -1, -1]]",,,,,24.0,,,,
"[[1, 0, -1], [-1, 1, 1], [-1, 1, -1]]",,43.0,,,,,,,
"[[1, 0, -1], [-1, 1, 1], [1, -1, -1]]",,29.0,,,,,,,
"[[1, 0, -1], [-1, -1, 1], [1, -1, 1]]",,0.0,,,,,,,
"[[1, 0, -1], [-1, -1, 1], [1, 1, -1]]",,50.0,,,,,,,
"[[1, 1, -1], [1, -1, -1], [0, -1, 1]]",,,,,,,0.0,,
"[[1, 1, -1], [0, -1, -1], [1, -1, 1]]",,,,0.0,,,,,
"[[1, 1, -1], [1, -1, 1], [0, -1, -1]]",,,,,,,0.0,,
"[[1, 1, -1], [0, -1, 1], [1, -1, -1]]",,,,38.0,,,,,
"[[1, 1, -1], [1, 1, -1], [-1, -1, 0]]",,,,,,,,,0.0
"[[1, 1, -1], [1, 0, -1], [-1, -1, 1]]",,,,,0.0,,,,
"[[0, 1, -1], [-1, 1, -1], [1, -1, 1]]",26.0,,,,,,,,
"[[0, 1, -1], [-1, 1, 1], [-1, -1, 1]]",0.0,,,,,,,,
"[[0, 1, -1], [-1, 1, 1], [1, -1, -1]]",38.0,,,,,,,,
"[[0, 1, -1], [-1, -1, 1], [1, -1, 1]]",37.0,,,,,,,,
"[[0, 1, -1], [-1, -1, 1], [1, 1, -1]]",0.0,,,,,,,,
"[[0, 1, -1], [1, -1, -1], [1, -1, 1]]",30.0,,,,,,,,
"[[0, 1, -1], [1, -1, 1], [1, -1, -1]]",0.0,,,,,,,,
"[[0, 1, -1], [1, 1, -1], [-1, -1, 1]]",22.0,,,,,,,,
"[[1, 1, 0], [-1, -1, 1], [-1, -1, 1]]",,,0.0,,,,,,
"[[1, 1, 0], [-1, -1, 1], [-1, 1, -1]]",,,0.0,,,,,,
"[[1, 1, 0], [-1, -1, 1], [1, -1, -1]]",,,39.0,,,,,,
"[[1, 0, 1], [-1, -1, 1], [-1, 1, -1]]",,27.0,,,,,,,
"[[1, 0, 1], [-1, -1, 1], [1, -1, -1]]",,0.0,,,,,,,
"[[1, 1, 0], [-1, 1, -1], [1, -1, -1]]",,,0.0,,,,,,
"[[1, 0, 1], [-1, 1, -1], [-1, 1, -1]]",,24.0,,,,,,,
"[[0, 1, 1], [-1, -1, 1], [-1, 1, -1]]",0.0,,,,,,,,
"[[0, 1, 1], [-1, -1, 1], [1, -1, -1]]",0.0,,,,,,,,
"[[0, 1, 1], [-1, 1, -1], [-1, -1, 1]]",0.0,,,,,,,,
"[[1, 1, 0], [1, -1, -1], [-1, -1, 1]]",,,0.0,,,,,,
"[[1, 1, 0], [1, -1, -1], [-1, 1, -1]]",,,0.0,,,,,,
"[[1, 0, 1], [1, -1, -1], [-1, -1, 1]]",,0.0,,,,,,,
"[[1, 0, 1], [1, -1, -1], [-1, 1, -1]]",,49.0,,,,,,,
"[[0, 1, 1], [1, -1, -1], [-1, -1, 1]]",40.0,,,,,,,,
"[[0, 1, 1], [1, -1, -1], [-1, 1, -1]]",0.0,,,,,,,,
"[[0, 1, 1], [1, -1, -1], [1, -1, -1]]",0.0,,,,,,,,
