state,00,01,02,10,11,12,20,21,22
"[[0, 0, 0], [0, 0, 0], [0, 0, 0]]",448.75,819.25,473.25,656.5,325.75,605.0,466.25,722.0,470.5
"[[-1, 0, 0], [0, 0, 0], [0, 0, 0]]",,-30.25,-34.0,-30.5,-39.25,-30.25,-36.25,-30.75,-35.5
"[[0, -1, 0], [0, 0, 0], [0, 0, 0]]",-109.5,,-109.5,-109.75,-140.25,-109.75,-120.25,-109.25,-111.0
"[[0, 0, -1], [0, 0, 0], [0, 0, 0]]",-34.5,-34.25,,-36.25,-47.0,-34.25,-34.5,-35.0,-39.5
"[[0, 0, 0], [-1, 0, 0], [0, 0, 0]]",-41.0,-40.5,-50.25,,-45.25,-40.5,-43.0,-40.25,-45.75
"[[0, 0, 0], [0, -1, 0], [0, 0, 0]]",-25.5,-23.75,-30.0,-24.0,,-24.0,-29.25,-23.75,-28.75
"[[0, 0, 0], [0, 0, -1], [0, 0, 0]]",-51.5,-43.0,-49.75,-42.5,-60.5,,-42.75,-42.75,-42.75
"[[0, 0, 0], [0, 0, 0], [-1, 0, 0]]",-43.0,-33.25,-33.5,-33.25,-44.25,-36.0,,-33.0,-35.75
"[[0, 0, 0], [0, 0, 0], [0, -1, 0]]",-43.75,-41.25,-41.25,-41.0,-53.25,-40.75,-40.75,,-41.0
"[[0, 0, 0], [0, 0, 0], [0, 0, -1]]",-29.75,-30.0,-37.0,-30.0,-48.0,-29.75,-37.75,-30.0,
"[[-1, 1, 0], [0, 0, 0], [0, 0, 0]]",,,23.0,22.5,1.5,24.5,13.5,6.5,10.5
"[[-1, 0, 1], [0, 0, 0], [0, 0, 0]]",,16.5,,33.0,7.5,21.0,11.0,15.5,12.5
"[[-1, 0, 0], [1, 0, 0], [0, 0, 0]]",,17.0,20.5,,7.0,6.5,30.5,19.0,28.0
"[[-1, 0, 0], [0, 1, 0], [0, 0, 0]]",,10.5,12.5,16.0,,20.0,26.5,19.5,17.5
"[[-1, 0, 0], [0, 0, 1], [0, 0, 0]]",,22.5,4.5,11.0,11.5,,17.5,24.5,24.5
"[[-1, 0, 0], [0, 0, 0], [1, 0, 0]]",,13.0,20.0,22.5,6.0,15.0,,14.5,25.5
"[[-1, 0, 0], [0, 0, 0], [0, 1, 0]]",,10.0,16.0,27.0,11.5,17.0,5.5,,17.0
"[[-1, 0, 0], [0, 0, 0], [0, 0, 1]]",,14.0,2.5,32.0,8.0,28.0,3.5,18.0,
"[[1, -1, 0], [0, 0, 0], [0, 0, 0]]",,,72.0,54.5,25.0,70.0,57.0,68.0,41.5
"[[0, -1, 1], [0, 0, 0], [0, 0, 0]]",91.5,,,70.0,34.0,57.0,44.0,60.0,34.5
"[[0, -1, 0], [1, 0, 0], [0, 0, 0]]",38.5,,62.0,,19.0,66.0,38.5,96.0,52.5
"[[0, -1, 0], [0, 1, 0], [0, 0, 0]]",60.0,,35.5,74.5,,55.5,51.5,122.5,90.0
"[[0, -1, 0], [0, 0, 1], [0, 0, 0]]",53.0,,65.5,62.0,24.0,,55.5,86.5,48.5
"[[0, -1, 0], [0, 0, 0], [1, 0, 0]]",42.0,,42.5,82.5,38.0,66.0,,69.5,42.0
"[[0, -1, 0], [0, 0, 0], [0, 1, 0]]",48.5,,65.0,78.5,71.0,66.5,27.5,,26.0
"[[0, -1, 0], [0, 0, 0], [0, 0, 1]]",41.5,,56.0,53.5,46.5,88.5,47.0,50.0,
"[[1, 0, -1], [0, 0, 0], [0, 0, 0]]",,22.0,,17.5,18.5,12.0,22.0,24.0,6.5
"[[0, 1, -1], [0, 0, 0], [0, 0, 0]]",8.0,,,26.0,4.0,24.5,18.5,11.5,8.0
"[[0, 0, -1], [1, 0, 0], [0, 0, 0]]",3.5,27.0,,,13.5,17.0,7.5,32.0,24.5
"[[0, 0, -1], [0, 1, 0], [0, 0, 0]]",8.0,14.0,,28.5,,23.5,34.0,16.0,8.0
"[[0, 0, -1], [0, 0, 1], [0, 0, 0]]",28.0,5.0,,11.0,4.5,,23.0,20.5,27.5
"[[0, 0, -1], [0, 0, 0], [1, 0, 0]]",5.5,28.0,,11.5,17.5,17.0,,13.0,11.0
"[[0, 0, -1], [0, 0, 0], [0, 1, 0]]",14.5,11.0,,13.0,15.0,25.5,18.0,,17.0
"[[0, 0, -1], [0, 0, 0], [0, 0, 1]]",6.0,26.0,,17.0,15.0,21.0,14.0,21.5,
"[[1, 0, 0], [-1, 0, 0], [0, 0, 0]]",,21.5,16.0,,14.0,23.5,21.5,43.5,17.5
"[[0, 1, 0], [-1, 0, 0], [0, 0, 0]]",18.0,,15.5,,16.5,27.0,14.5,20.5,23.5
"[[0, 0, 1], [-1, 0, 0], [0, 0, 0]]",10.0,26.5,,,15.0,21.5,20.5,42.0,24.0
"[[0, 0, 0], [-1, 1, 0], [0, 0, 0]]",24.0,24.5,16.5,,,33.0,11.5,24.5,28.0
"[[0, 0, 0], [-1, 0, 1], [0, 0, 0]]",19.0,37.5,5.5,,20.5,,17.0,30.5,15.0
"[[0, 0, 0], [-1, 0, 0], [1, 0, 0]]",36.5,18.5,17.0,,17.5,32.5,,25.5,17.0
"[[0, 0, 0], [-1, 0, 0], [0, 1, 0]]",17.0,12.5,34.5,,6.0,30.0,12.5,,9.5
"[[0, 0, 0], [-1, 0, 0], [0, 0, 1]]",21.5,27.5,25.5,,14.5,21.0,26.5,31.5,
"[[1, 0, 0], [0, -1, 0], [0, 0, 0]]",,8.5,24.0,8.0,,13.0,2.5,10.5,3.0
"[[0, 1, 0], [0, -1, 0], [0, 0, 0]]",9.5,,4.0,14.0,,11.5,7.0,25.5,14.5
"[[0, 0, 1], [0, -1, 0], [0, 0, 0]]",13.0,7.0,,21.0,,9.5,18.0,16.5,11.5
"[[0, 0, 0], [1, -1, 0], [0, 0, 0]]",15.0,9.0,14.5,,,19.0,9.5,12.5,14.0
"[[0, 0, 0], [0, -1, 1], [0, 0, 0]]",9.5,8.0,4.0,17.0,,,11.0,19.5,9.5
"[[0, 0, 0], [0, -1, 0], [1, 0, 0]]",7.5,14.0,14.0,10.5,,15.0,,4.5,14.0
"[[0, 0, 0], [0, -1, 0], [0, 1, 0]]",7.5,26.0,10.5,10.0,,11.5,2.0,,3.0
"[[0, 0, 0], [0, -1, 0], [0, 0, 1]]",23.0,17.5,7.5,18.5,,6.0,10.5,7.5,
"[[1, 0, 0], [0, 0, -1], [0, 0, 0]]",,29.0,25.0,23.5,21.0,,23.0,25.0,16.5
"[[0, 1, 0], [0, 0, -1], [0, 0, 0]]",23.0,,19.0,17.5,15.5,,26.0,21.0,20.0
"[[0, 0, 1], [0, 0, -1], [0, 0, 0]]",15.5,30.5,,22.5,25.0,,12.0,19.5,34.0
"[[0, 0, 0], [1, 0, -1], [0, 0, 0]]",12.0,40.5,23.0,,15.5,,11.5,23.0,18.0
"[[0, 0, 0], [0, 1, -1], [0, 0, 0]]",21.5,26.5,28.0,48.5,,,24.5,25.5,22.5
"[[0, 0, 0], [0, 0, -1], [1, 0, 0]]",35.5,31.5,19.0,14.0,11.5,,,25.0,13.0
"[[0, 0, 0], [0, 0, -1], [0, 1, 0]]",21.5,33.5,23.5,38.0,8.5,,19.5,,18.0
"[[0, 0, 0], [0, 0, -1], [0, 0, 1]]",17.0,23.0,28.5,31.5,8.0,,9.5,17.0,
"[[1, 0, 0], [0, 0, 0], [-1, 0, 0]]",,13.5,12.5,39.0,9.0,22.5,,24.0,6.5
"[[0, 1, 0], [0, 0, 0], [-1, 0, 0]]",12.5,,10.5,8.0,7.5,23.0,,15.0,24.5
"[[0, 0, 1], [0, 0, 0], [-1, 0, 0]]",13.5,10.5,,13.0,13.5,22.5,,32.0,10.5
"[[0, 0, 0], [1, 0, 0], [-1, 0, 0]]",30.0,23.0,27.5,,9.0,15.0,,16.5,13.5
"[[0, 0, 0], [0, 1, 0], [-1, 0, 0]]",18.5,20.5,25.5,21.0,,23.0,,15.5,15.0
"[[0, 0, 0], [0, 0, 1], [-1, 0, 0]]",17.5,26.0,8.5,11.0,11.5,,,17.5,6.0
"[[0, 0, 0], [0, 0, 0], [-1, 1, 0]]",14.5,14.0,28.0,21.0,5.0,21.5,,,19.5
"[[0, 0, 0], [0, 0, 0], [-1, 0, 1]]",5.0,24.5,17.5,15.5,16.0,16.5,,29.0,
"[[1, 0, 0], [0, 0, 0], [0, -1, 0]]",,24.0,16.0,30.5,12.0,20.0,21.5,,29.0
"[[0, 1, 0], [0, 0, 0], [0, -1, 0]]",15.0,,6.0,23.0,36.0,23.0,28.5,,23.0
"[[0, 0, 1], [0, 0, 0], [0, -1, 0]]",24.5,23.5,,21.5,11.5,31.0,12.0,,15.5
"[[0, 0, 0], [1, 0, 0], [0, -1, 0]]",25.0,15.5,12.5,,10.5,33.0,14.0,,17.0
"[[0, 0, 0], [0, 1, 0], [0, -1, 0]]",22.5,33.5,14.5,26.0,,26.5,17.0,,30.0
"[[0, 0, 0], [0, 0, 1], [0, -1, 0]]",15.0,30.5,14.0,32.0,12.5,,19.0,,12.0
"[[0, 0, 0], [0, 0, 0], [1, -1, 0]]",13.0,23.5,12.5,20.0,11.5,31.0,,,30.0
"[[0, 0, 0], [0, 0, 0], [0, -1, 1]]",18.0,26.0,22.5,32.5,6.5,23.0,21.5,,
"[[1, 0, 0], [0, 0, 0], [0, 0, -1]]",,11.0,14.5,18.5,11.0,16.0,11.5,11.0,
"[[0, 1, 0], [0, 0, 0], [0, 0, -1]]",13.0,,8.0,11.0,11.0,18.5,21.5,10.5,
"[[0, 0, 1], [0, 0, 0], [0, 0, -1]]",9.5,21.5,,24.0,5.5,25.0,2.0,32.0,
"[[0, 0, 0], [1, 0, 0], [0, 0, -1]]",6.5,19.5,10.5,,11.0,16.0,7.5,18.0,
"[[0, 0, 0], [0, 1, 0], [0, 0, -1]]",26.0,28.5,3.0,23.5,,24.0,10.0,22.0,
"[[0, 0, 0], [0, 0, 1], [0, 0, -1]]",21.0,23.5,24.0,11.0,7.0,,9.5,11.0,
"[[0, 0, 0], [0, 0, 0], [1, 0, -1]]",23.0,9.0,17.5,18.0,10.5,20.5,,28.0,
"[[0, 0, 0], [0, 0, 0], [0, 1, -1]]",14.0,8.5,16.5,21.5,7.5,19.0,15.0,,
"[[-1, 1, -1], [0, 0, 0], [0, 0, 0]]",,,,-2.0,-5.0,-2.5,-0.5,-8.0,-1.0
"[[-1, 1, 0], [-1, 0, 0], [0, 0, 0]]",,,-2.5,,-7.0,-1.0,-1.5,-3.5,-2.0
"[[-1, 1, 0], [0, -1, 0], [0, 0, 0]]",,,-0.5,0.0,,-1.5,0.0,-1.0,-2.0
"[[-1, 1, 0], [0, 0, -1], [0, 0, 0]]",,,-4.0,-2.0,-9.5,,-2.5,-9.0,-2.0
"[[-1, 1, 0], [0, 0, 0], [-1, 0, 0]]",,,-1.5,-3.5,-6.0,-1.0,,-2.5,0.0
"[[-1, 1, 0], [0, 0, 0], [0, -1, 0]]",,,-1.5,-1.5,-3.0,-1.0,-2.0,,-1.0
"[[-1, 1, 0], [0, 0, 0], [0, 0, -1]]",,,-2.0,-1.5,-3.0,-1.0,-1.5,-6.0,
"[[-1, -1, 1], [0, 0, 0], [0, 0, 0]]",,,,-9.0,-18.0,-22.5,-14.5,-9.0,-13.5
"[[-1, 0, 1], [-1, 0, 0], [0, 0, 0]]",,-2.5,,,-10.0,-5.0,-5.5,-2.5,-6.5
"[[-1, 0, 1], [0, -1, 0], [0, 0, 0]]",,-1.0,,-1.0,,-3.5,-2.0,-1.5,-4.0
"[[-1, 0, 1], [0, 0, -1], [0, 0, 0]]",,-2.5,,-0.5,-5.5,,-0.5,-1.5,-3.0
"[[-1, 0, 1], [0, 0, 0], [-1, 0, 0]]",,0.0,,-0.5,-0.5,-5.0,,-1.5,-0.5
"[[-1, 0, 1], [0, 0, 0], [0, -1, 0]]",,-0.5,,-3.5,-9.0,-4.5,-6.5,,-1.5
"[[-1, 0, 1], [0, 0, 0], [0, 0, -1]]",,-1.0,,-1.5,-3.0,-2.0,-5.0,-1.5,
"[[-1, -1, 0], [1, 0, 0], [0, 0, 0]]",,,-2.5,,-8.0,-5.0,-3.0,-3.5,-2.0
"[[-1, 0, -1], [1, 0, 0], [0, 0, 0]]",,-2.5,,,-8.0,-3.5,0.0,-2.0,-0.5
"[[-1, 0, 0], [1, -1, 0], [0, 0, 0]]",,0.0,-1.0,,,-1.0,0.0,-1.5,-1.5
"[[-1, 0, 0], [1, 0, -1], [0, 0, 0]]",,-0.5,-0.5,,-1.0,,-1.0,-0.5,-1.0
"[[-1, 0, 0], [1, 0, 0], [-1, 0, 0]]",,-4.0,-4.0,,-8.0,-8.5,,-7.5,-1.5
"[[-1, 0, 0], [1, 0, 0], [0, -1, 0]]",,-1.5,-4.5,,-5.0,-6.0,-1.5,,-1.5
"[[-1, 0, 0], [1, 0, 0], [0, 0, -1]]",,-1.5,-1.5,,-3.5,-5.0,-2.0,-1.5,
"[[-1, -1, 0], [0, 1, 0], [0, 0, 0]]",,,-10.0,-7.5,,-11.0,-6.5,-2.0,-4.5
"[[-1, 0, -1], [0, 1, 0], [0, 0, 0]]",,-6.5,,-2.0,,-2.0,-2.5,-3.5,-1.5
"[[-1, 0, 0], [-1, 1, 0], [0, 0, 0]]",,-3.5,-4.5,,,-2.5,-4.0,-2.0,-2.5
"[[-1, 0, 0], [0, 1, -1], [0, 0, 0]]",,-7.5,-2.5,-1.5,,,-5.0,-3.0,-2.0
"[[-1, 0, 0], [0, 1, 0], [-1, 0, 0]]",,-6.5,-2.0,-6.5,,-4.0,,-3.0,-2.0
"[[-1, 0, 0], [0, 1, 0], [0, -1, 0]]",,-2.5,-6.0,-6.0,,-3.5,-5.5,,-2.5
"[[-1, 0, 0], [0, 1, 0], [0, 0, -1]]",,-7.0,-6.5,-6.0,,-6.0,-6.5,-6.5,
"[[-1, -1, 0], [0, 0, 1], [0, 0, 0]]",,,-8.0,-7.0,-10.0,,-3.0,-2.5,-11.0
"[[-1, 0, -1], [0, 0, 1], [0, 0, 0]]",,-2.5,,-6.5,-5.0,,-2.0,-2.0,-2.5
"[[-1, 0, 0], [-1, 0, 1], [0, 0, 0]]",,-1.0,-4.0,,-1.0,,-2.0,-1.5,-7.0
"[[-1, 0, 0], [0, -1, 1], [0, 0, 0]]",,0.0,-2.0,-0.5,,,-2.0,-1.0,-2.5
"[[-1, 0, 0], [0, 0, 1], [-1, 0, 0]]",,-1.0,-5.0,-5.5,-4.5,,,-1.0,-6.5
"[[-1, 0, 0], [0, 0, 1], [0, -1, 0]]",,-2.5,-7.0,-7.0,-10.5,,-3.0,,-3.5
"[[-1, 0, 0], [0, 0, 1], [0, 0, -1]]",,-1.5,-3.5,-5.5,-5.0,,0.0,-0.5,
"[[-1, -1, 0], [0, 0, 0], [1, 0, 0]]",,,-11.0,-3.0,-7.5,-2.5,,-9.5,-10.0
"[[-1, 0, -1], [0, 0, 0], [1, 0, 0]]",,0.0,,-0.5,-0.5,-1.0,,-2.0,-2.5
"[[-1, 0, 0], [-1, 0, 0], [1, 0, 0]]",,-5.0,-8.0,,-7.0,-5.5,,-7.0,-9.5
"[[-1, 0, 0], [0, -1, 0], [1, 0, 0]]",,0.0,-0.5,-1.0,,-0.5,,-1.0,-4.0
"[[-1, 0, 0], [0, 0, -1], [1, 0, 0]]",,-2.5,-4.5,-3.0,-6.5,,,-7.5,-6.5
"[[-1, 0, 0], [0, 0, 0], [1, -1, 0]]",,-1.0,-6.5,-1.0,-6.0,-2.0,,,-1.0
"[[-1, 0, 0], [0, 0, 0], [1, 0, -1]]",,-2.5,-9.5,-3.5,-10.5,-1.5,,-4.0,
"[[-1, -1, 0], [0, 0, 0], [0, 1, 0]]",,,-5.0,-2.0,-3.0,-2.0,-8.5,,-9.5
"[[-1, 0, -1], [0, 0, 0], [0, 1, 0]]",,-3.0,,-1.5,-4.5,-2.0,-2.0,,-3.0
"[[-1, 0, 0], [-1, 0, 0], [0, 1, 0]]",,-2.5,-2.0,,-3.5,-2.5,-7.0,,-5.0
"[[-1, 0, 0], [0, -1, 0], [0, 1, 0]]",,-0.5,-0.5,-0.5,,-1.0,-3.5,,-1.5
"[[-1, 0, 0], [0, 0, -1], [0, 1, 0]]",,-9.5,-3.0,-1.5,-3.5,,-4.5,,-4.5
"[[-1, 0, 0], [0, 0, 0], [-1, 1, 0]]",,-3.0,-1.5,-0.5,-2.0,-1.5,,,-1.5
"[[-1, 0, 0], [0, 0, 0], [0, 1, -1]]",,-5.0,-1.5,-1.5,-3.0,-2.5,-1.5,,
"[[-1, -1, 0], [0, 0, 0], [0, 0, 1]]",,,-8.0,-3.5,-4.0,-6.5,-8.5,-7.0,
"[[-1, 0, -1], [0, 0, 0], [0, 0, 1]]",,-1.0,,0.0,-1.0,0.0,-2.0,-2.5,
"[[-1, 0, 0], [-1, 0, 0], [0, 0, 1]]",,-3.0,-7.0,,-3.5,-6.0,-11.0,-4.0,
"[[-1, 0, 0], [0, -1, 0], [0, 0, 1]]",,-1.5,-4.0,-1.5,,-4.0,-5.5,-6.0,
"[[-1, 0, 0], [0, 0, -1], [0, 0, 1]]",,-1.5,-2.5,-1.0,-1.5,,-5.0,-5.0,
"[[-1, 0, 0], [0, 0, 0], [-1, 0, 1]]",,-1.0,-3.5,-1.0,-1.5,-2.0,,-1.0,
"[[-1, 0, 0], [0, 0, 0], [0, -1, 1]]",,0.0,-3.5,0.0,-4.5,-3.5,-1.0,,
"[[1, -1, -1], [0, 0, 0], [0, 0, 0]]",,,,-7.0,-12.5,-6.0,-11.0,-6.0,-16.0
"[[1, -1, 0], [-1, 0, 0], [0, 0, 0]]",,,-5.5,,-6.5,-3.0,-4.0,-3.0,-9.5
"[[1, -1, 0], [0, -1, 0], [0, 0, 0]]",,,-1.0,-7.5,,-1.0,-4.0,-1.0,-4.0
"[[1, -1, 0], [0, 0, -1], [0, 0, 0]]",,,-8.5,-9.0,-17.0,,-15.0,-9.0,-10.5
"[[1, -1, 0], [0, 0, 0], [-1, 0, 0]]",,,-3.5,-1.5,-6.5,-3.0,,-1.0,-8.5
"[[1, -1, 0], [0, 0, 0], [0, -1, 0]]",,,-6.5,-11.5,-20.5,-5.5,-15.0,,-12.5
"[[1, -1, 0], [0, 0, 0], [0, 0, -1]]",,,-1.5,-9.5,-3.5,-1.5,-8.0,-1.0,
"[[0, -1, 1], [-1, 0, 0], [0, 0, 0]]",-4.5,,,,-9.0,-8.0,-10.0,-5.0,-11.0
"[[0, -1, 1], [0, -1, 0], [0, 0, 0]]",-0.5,,,-0.5,,-4.5,-1.0,-1.5,-8.5
"[[0, -1, 1], [0, 0, -1], [0, 0, 0]]",-7.0,,,-5.0,-10.0,,-12.0,-5.0,-6.5
"[[0, -1, 1], [0, 0, 0], [-1, 0, 0]]",-2.5,,,-1.5,-3.0,-11.5,,-0.5,-4.5
"[[0, -1, 1], [0, 0, 0], [0, -1, 0]]",-5.0,,,-4.5,-11.0,-7.0,-13.0,,-7.0
"[[0, -1, 1], [0, 0, 0], [0, 0, -1]]",-2.0,,,-2.0,-7.5,-1.5,-6.0,-1.5,
"[[0, -1, -1], [1, 0, 0], [0, 0, 0]]",-11.0,,,,-8.0,-6.5,-7.5,-5.5,-5.5
"[[0, -1, 0], [1, -1, 0], [0, 0, 0]]",-5.5,,-2.0,,,-2.5,-8.0,-3.0,-2.5
"[[0, -1, 0], [1, 0, -1], [0, 0, 0]]",-18.0,,-5.5,,-6.0,,-14.5,-6.0,-6.0
"[[0, -1, 0], [1, 0, 0], [-1, 0, 0]]",-4.5,,-2.0,,-10.5,-5.0,,-1.5,-5.0
"[[0, -1, 0], [1, 0, 0], [0, -1, 0]]",-15.5,,-12.5,,-24.5,-17.0,-15.0,,-12.0
"[[0, -1, 0], [1, 0, 0], [0, 0, -1]]",-11.5,,-3.5,,-6.0,-9.5,-9.0,-2.5,
"[[0, -1, -1], [0, 1, 0], [0, 0, 0]]",-9.5,,,-1.5,,-4.5,-2.0,-2.0,-5.0
"[[0, -1, 0], [-1, 1, 0], [0, 0, 0]]",-10.0,,-8.0,,,-3.5,-7.0,-3.0,-12.0
"[[0, -1, 0], [0, 1, -1], [0, 0, 0]]",-5.0,,-12.0,-3.0,,,-10.0,-3.5,-8.5
"[[0, -1, 0], [0, 1, 0], [-1, 0, 0]]",-8.0,,-4.0,-4.5,,-9.0,,-5.0,-8.5
"[[0, -1, 0], [0, 1, 0], [0, -1, 0]]",-23.0,,-22.5,-22.5,,-23.0,-25.0,,-24.5
"[[0, -1, 0], [0, 1, 0], [0, 0, -1]]",-4.0,,-9.0,-9.5,,-12.5,-7.5,-4.0,
"[[0, -1, -1], [0, 0, 1], [0, 0, 0]]",-4.5,,,-4.0,-9.0,,-2.0,-2.0,-2.5
"[[0, -1, 0], [-1, 0, 1], [0, 0, 0]]",-3.5,,-14.5,,-4.5,,-6.5,-3.0,-18.5
"[[0, -1, 0], [0, -1, 1], [0, 0, 0]]",0.0,,-5.0,-1.5,,,-2.5,-2.0,-6.5
"[[0, -1, 0], [0, 0, 1], [-1, 0, 0]]",-4.5,,-5.0,-7.5,-13.5,,,-4.0,-12.0
"[[0, -1, 0], [0, 0, 1], [0, -1, 0]]",-15.0,,-17.0,-19.5,-24.5,,-14.5,,-20.0
"[[0, -1, 0], [0, 0, 1], [0, 0, -1]]",-1.0,,-2.0,-10.0,-11.0,,-3.5,0.0,
"[[0, -1, -1], [0, 0, 0], [1, 0, 0]]",-12.0,,,-13.0,-3.5,-3.5,,-7.0,-9.0
"[[0, -1, 0], [-1, 0, 0], [1, 0, 0]]",-9.5,,-18.0,,-14.0,-9.5,,-13.5,-16.0
"[[0, -1, 0], [0, -1, 0], [1, 0, 0]]",-5.5,,-2.5,-3.5,,-2.5,,-13.5,-12.5
"[[0, -1, 0], [0, 0, -1], [1, 0, 0]]",-9.5,,-11.0,-11.0,-10.0,,,-9.5,-10.5
"[[0, -1, 0], [0, 0, 0], [1, -1, 0]]",-5.0,,-5.0,-6.0,-8.5,-5.5,,,-4.5
"[[0, -1, 0], [0, 0, 0], [1, 0, -1]]",-6.5,,-11.5,-5.5,-10.0,-4.5,,-4.0,
"[[0, -1, -1], [0, 0, 0], [0, 1, 0]]",-5.5,,,-2.0,-3.0,-1.5,-7.0,,-16.0
"[[0, -1, 0], [-1, 0, 0], [0, 1, 0]]",-5.0,,-7.0,,-7.0,-4.5,-21.0,,-18.0
"[[0, -1, 0], [0, -1, 0], [0, 1, 0]]",-9.0,,-6.0,-7.0,,-7.0,-25.5,,-15.0
"[[0, -1, 0], [0, 0, -1], [0, 1, 0]]",-5.5,,-4.0,-4.5,-8.5,,-20.0,,-16.0
"[[0, -1, 0], [0, 0, 0], [-1, 1, 0]]",-1.5,,-1.0,-1.0,-3.5,-3.5,,,-2.0
"[[0, -1, 0], [0, 0, 0], [0, 1, -1]]",-1.5,,-2.5,-1.5,-2.0,-1.5,-2.5,,
"[[0, -1, -1], [0, 0, 0], [0, 0, 1]]",-16.5,,,-6.0,-9.0,-6.0,-12.5,-8.0,
"[[0, -1, 0], [-1, 0, 0], [0, 0, 1]]",-10.0,,-8.5,,-9.5,-9.5,-8.0,-8.0,
"[[0, -1, 0], [0, -1, 0], [0, 0, 1]]",-2.0,,-5.5,-2.0,,-7.0,-7.0,-6.0,
"[[0, -1, 0], [0, 0, -1], [0, 0, 1]]",-21.0,,-7.0,-7.0,-16.5,,-19.5,-8.5,
"[[0, -1, 0], [0, 0, 0], [-1, 0, 1]]",-7.0,,-9.0,-6.0,-9.0,-10.0,,-4.5,
"[[0, -1, 0], [0, 0, 0], [0, -1, 1]]",-6.0,,-8.0,-3.0,-7.5,-4.5,-3.5,,
"[[1, 0, -1], [-1, 0, 0], [0, 0, 0]]",,-1.5,,,-4.5,-2.0,-2.0,-2.0,-4.0
"[[1, 0, -1], [0, -1, 0], [0, 0, 0]]",,-0.5,,-11.0,,-0.5,-7.0,-1.0,-1.0
"[[1, 0, -1], [0, 0, -1], [0, 0, 0]]",,-2.0,,-1.5,-6.5,,-5.0,-2.0,-3.5
"[[1, 0, -1], [0, 0, 0], [-1, 0, 0]]",,-0.5,,-2.0,-4.0,-1.0,,-0.5,-12.0
"[[1, 0, -1], [0, 0, 0], [0, -1, 0]]",,-2.0,,-5.5,-6.0,-4.0,-5.0,,-5.0
"[[1, 0, -1], [0, 0, 0], [0, 0, -1]]",,-0.5,,-5.5,-1.5,-3.5,-1.0,-1.0,
"[[0, 1, -1], [-1, 0, 0], [0, 0, 0]]",-3.0,,,,-14.0,-2.0,-2.0,-13.0,-5.0
"[[0, 1, -1], [0, -1, 0], [0, 0, 0]]",-1.5,,,-1.0,,0.0,-1.0,-0.5,-0.5
"[[0, 1, -1], [0, 0, -1], [0, 0, 0]]",-2.5,,,-1.0,-4.0,,-1.0,-5.0,-2.5
"[[0, 1, -1], [0, 0, 0], [-1, 0, 0]]",-1.5,,,-1.0,-3.0,-1.5,,-5.5,-1.0
"[[0, 1, -1], [0, 0, 0], [0, -1, 0]]",-0.5,,,-0.5,-1.0,-0.5,-2.0,,-1.0
"[[0, 1, -1], [0, 0, 0], [0, 0, -1]]",-0.5,,,-1.0,-4.5,-2.5,-1.0,-6.5,
"[[0, 0, -1], [1, -1, 0], [0, 0, 0]]",-1.5,-1.0,,,,0.0,-3.0,-1.0,-2.5
"[[0, 0, -1], [1, 0, -1], [0, 0, 0]]",-4.0,-1.5,,,-2.0,,-7.0,-1.5,-2.0
"[[0, 0, -1], [1, 0, 0], [-1, 0, 0]]",-1.5,-1.5,,,-10.5,-5.0,,-1.0,-2.0
"[[0, 0, -1], [1, 0, 0], [0, -1, 0]]",-12.5,-2.5,,,-4.5,-6.0,-11.0,,-3.0
"[[0, 0, -1], [1, 0, 0], [0, 0, -1]]",-5.5,-1.0,,,-3.5,-1.5,-4.0,-1.5,
"[[0, 0, -1], [-1, 1, 0], [0, 0, 0]]",-12.0,-5.5,,,,-2.5,-3.5,-4.0,-5.5
"[[0, 0, -1], [0, 1, -1], [0, 0, 0]]",-5.5,-3.0,,0.0,,,-1.0,-7.0,-4.5
"[[0, 0, -1], [0, 1, 0], [-1, 0, 0]]",-5.0,-7.0,,-5.5,,-5.0,,-7.0,-8.0
"[[0, 0, -1], [0, 1, 0], [0, -1, 0]]",-6.5,-2.5,,-6.5,,-4.0,-2.0,,-2.0
"[[0, 0, -1], [0, 1, 0], [0, 0, -1]]",-1.0,-4.0,,-2.5,,-6.5,-0.5,-2.5,
"[[0, 0, -1], [-1, 0, 1], [0, 0, 0]]",-1.5,-0.5,,,-3.0,,-1.0,-2.5,-1.5
"[[0, 0, -1], [0, -1, 1], [0, 0, 0]]",-1.5,0.0,,-0.5,,,-1.0,-1.0,0.0
"[[0, 0, -1], [0, 0, 1], [-1, 0, 0]]",-2.0,-1.5,,-8.0,-8.5,,,-0.5,-1.5
"[[0, 0, -1], [0, 0, 1], [0, -1, 0]]",-1.5,-1.0,,-8.0,-5.0,,-1.5,,-1.5
"[[0, 0, -1], [0, 0, 1], [0, 0, -1]]",-4.5,-4.0,,-13.0,-15.5,,-4.0,-4.0,
"[[0, 0, -1], [-1, 0, 0], [1, 0, 0]]",-2.0,-1.5,,,-1.0,0.0,,-5.5,-4.5
"[[0, 0, -1], [0, -1, 0], [1, 0, 0]]",-5.0,-2.5,,-6.5,,-3.0,,-3.5,-8.5
"[[0, 0, -1], [0, 0, -1], [1, 0, 0]]",-3.5,-0.5,,-3.0,-1.5,,,-2.5,-4.5
"[[0, 0, -1], [0, 0, 0], [1, -1, 0]]",-4.0,0.0,,-7.0,-2.0,-0.5,,,-1.0
"[[0, 0, -1], [0, 0, 0], [1, 0, -1]]",-3.0,0.0,,-2.5,-1.0,0.0,,0.0,
"[[0, 0, -1], [-1, 0, 0], [0, 1, 0]]",-2.5,-9.0,,,-9.5,-1.0,-8.5,,-4.5
"[[0, 0, -1], [0, -1, 0], [0, 1, 0]]",-1.5,-1.0,,-0.5,,0.0,-5.0,,-5.0
"[[0, 0, -1], [0, 0, -1], [0, 1, 0]]",-3.5,-4.5,,-3.0,-8.0,,-7.0,,-10.5
"[[0, 0, -1], [0, 0, 0], [-1, 1, 0]]",-4.5,-5.5,,-1.5,-13.5,-2.0,,,-1.5
"[[0, 0, -1], [0, 0, 0], [0, 1, -1]]",-0.5,-7.0,,-0.5,-6.0,-0.5,-1.0,,
"[[0, 0, -1], [-1, 0, 0], [0, 0, 1]]",-4.5,-1.0,,,-7.0,-1.0,-8.0,-2.0,
"[[0, 0, -1], [0, -1, 0], [0, 0, 1]]",-1.5,-0.5,,-1.0,,-0.5,-2.5,-6.5,
"[[0, 0, -1], [0, 0, -1], [0, 0, 1]]",-6.0,-3.0,,-3.0,-4.5,,-8.0,-6.5,
"[[0, 0, -1], [0, 0, 0], [-1, 0, 1]]",-2.0,-0.5,,-0.5,-4.0,-3.0,,-1.0,
"[[0, 0, -1], [0, 0, 0], [0, -1, 1]]",-4.0,-2.0,,-1.5,-5.5,-1.0,-1.0,,
"[[1, 0, 0], [-1, -1, 0], [0, 0, 0]]",,0.0,-2.5,,,0.0,-0.5,-0.5,-2.0
"[[1, 0, 0], [-1, 0, -1], [0, 0, 0]]",,-5.0,-3.5,,-5.0,,-5.0,-2.5,-4.0
"[[1, 0, 0], [-1, 0, 0], [-1, 0, 0]]",,-10.5,-8.0,,-12.0,-3.5,,-3.5,-9.5
"[[1, 0, 0], [-1, 0, 0], [0, -1, 0]]",,-11.0,-10.5,,-10.5,-6.5,-6.5,,-7.5
"[[1, 0, 0], [-1, 0, 0], [0, 0, -1]]",,-7.5,-1.5,,-3.0,-2.0,-2.5,-2.5,
"[[0, 1, 0], [-1, -1, 0], [0, 0, 0]]",-5.5,,-6.0,,,-1.0,-0.5,-0.5,0.0
"[[0, 1, 0], [-1, 0, -1], [0, 0, 0]]",-4.5,,-8.0,,-5.5,,-3.0,-3.5,-2.5
"[[0, 1, 0], [-1, 0, 0], [-1, 0, 0]]",-5.0,,-3.0,,-3.0,-3.0,,-3.5,-3.0
"[[0, 1, 0], [-1, 0, 0], [0, -1, 0]]",-6.0,,-14.5,,-3.0,-3.0,-2.5,,-3.5
"[[0, 1, 0], [-1, 0, 0], [0, 0, -1]]",-3.5,,-7.0,,-7.0,-1.5,-2.0,-5.0,
"[[0, 0, 1], [-1, -1, 0], [0, 0, 0]]",-5.0,-6.5,,,,-4.5,-2.5,-3.0,-5.0
"[[0, 0, 1], [-1, 0, -1], [0, 0, 0]]",-4.0,-1.5,,,-5.5,,-5.5,-2.0,-1.5
"[[0, 0, 1], [-1, 0, 0], [-1, 0, 0]]",-3.5,-3.5,,,-2.5,-4.0,,-1.5,-3.5
"[[0, 0, 1], [-1, 0, 0], [0, -1, 0]]",-7.5,-7.5,,,-6.5,-8.5,-11.5,,-6.5
"[[0, 0, 1], [-1, 0, 0], [0, 0, -1]]",-8.5,-7.0,,,-6.5,-1.5,-6.0,-2.0,
"[[0, 0, 0], [-1, 1, -1], [0, 0, 0]]",-12.0,-9.0,-9.5,,,,-11.0,-10.0,-11.0
"[[0, 0, 0], [-1, 1, 0], [-1, 0, 0]]",-5.5,-5.5,-2.5,,,-1.0,,-5.0,-3.0
"[[0, 0, 0], [-1, 1, 0], [0, -1, 0]]",-8.5,-3.0,-3.5,,,-3.0,-6.0,,-2.5
"[[0, 0, 0], [-1, 1, 0], [0, 0, -1]]",-2.0,-8.0,-3.5,,,-1.0,-5.5,-7.5,
"[[0, 0, 0], [-1, -1, 1], [0, 0, 0]]",-3.0,-1.5,-5.0,,,,-1.0,-2.5,-6.5
"[[0, 0, 0], [-1, 0, 1], [-1, 0, 0]]",-1.5,-1.5,-4.0,,-2.5,,,-1.5,-7.0
"[[0, 0, 0], [-1, 0, 1], [0, -1, 0]]",-2.0,-2.0,-7.0,,-3.0,,-2.5,,-7.5
"[[0, 0, 0], [-1, 0, 1], [0, 0, -1]]",-0.5,-1.0,-0.5,,-2.0,,-1.5,-1.0,
"[[0, 0, 0], [-1, -1, 0], [1, 0, 0]]",-1.5,-0.5,-1.0,,,-0.5,,-3.5,-6.5
"[[0, 0, 0], [-1, 0, -1], [1, 0, 0]]",-1.5,-1.5,-8.0,,-6.0,,,-2.5,-2.0
"[[0, 0, 0], [-1, 0, 0], [1, -1, 0]]",-1.0,-1.5,-8.0,,-6.0,-1.0,,,-1.5
"[[0, 0, 0], [-1, 0, 0], [1, 0, -1]]",-1.5,-4.0,-6.5,,-3.5,-1.5,,-2.0,
"[[0, 0, 0], [-1, -1, 0], [0, 1, 0]]",-0.5,-1.0,-1.5,,,-1.5,-5.5,,-2.5
"[[0, 0, 0], [-1, 0, -1], [0, 1, 0]]",-7.0,-8.0,-6.0,,-11.0,,-9.0,,-6.5
"[[0, 0, 0], [-1, 0, 0], [-1, 1, 0]]",-3.5,-3.0,-3.0,,-7.0,-1.0,,,-1.5
"[[0, 0, 0], [-1, 0, 0], [0, 1, -1]]",-1.5,-13.5,-3.5,,-5.5,-2.0,-2.5,,
"[[0, 0, 0], [-1, -1, 0], [0, 0, 1]]",-1.0,-0.5,-2.0,,,-4.5,-6.0,-3.0,
"[[0, 0, 0], [-1, 0, -1], [0, 0, 1]]",-5.5,-5.0,-4.0,,-9.5,,-5.0,-7.5,
"[[0, 0, 0], [-1, 0, 0], [-1, 0, 1]]",-3.0,-2.0,-4.5,,-6.0,-1.5,,-0.5,
"[[0, 0, 0], [-1, 0, 0], [0, -1, 1]]",-11.0,-5.5,-8.5,,-11.0,-7.0,-5.5,,
"[[1, 0, 0], [0, -1, -1], [0, 0, 0]]",,-2.0,-3.5,-9.0,,,-2.5,-1.5,-2.0
"[[1, 0, 0], [0, -1, 0], [-1, 0, 0]]",,-2.5,-3.0,-0.5,,-1.5,,-0.5,-1.0
"[[1, 0, 0], [0, -1, 0], [0, -1, 0]]",,-3.0,-4.0,-1.0,,-0.5,-3.5,,-1.0
"[[1, 0, 0], [0, -1, 0], [0, 0, -1]]",,-3.0,-6.0,-3.0,,-1.5,-3.0,-1.0,
"[[0, 1, 0], [0, -1, -1], [0, 0, 0]]",-1.5,,-5.5,-1.0,,,-1.0,-1.0,-1.0
"[[0, 1, 0], [0, -1, 0], [-1, 0, 0]]",-6.0,,-4.5,-1.0,,-0.5,,0.0,-0.5
"[[0, 1, 0], [0, -1, 0], [0, -1, 0]]",-12.5,,-15.0,-4.5,,-4.5,-4.5,,-4.5
"[[0, 1, 0], [0, -1, 0], [0, 0, -1]]",-5.0,,-2.5,-1.0,,-0.5,-0.5,-1.0,
"[[0, 0, 1], [0, -1, -1], [0, 0, 0]]",-3.5,-3.5,,-1.0,,,-1.0,-1.0,-0.5
"[[0, 0, 1], [0, -1, 0], [-1, 0, 0]]",-4.5,-5.5,,-1.0,,-6.5,,-1.5,-6.5
"[[0, 0, 1], [0, -1, 0], [0, -1, 0]]",-3.5,-2.5,,-1.0,,-0.5,-0.5,,-4.5
"[[0, 0, 1], [0, -1, 0], [0, 0, -1]]",-3.0,-4.5,,-2.5,,0.0,-1.0,0.0,
"[[0, 0, 0], [1, -1, -1], [0, 0, 0]]",-11.0,-2.5,-2.0,,,,-8.0,-2.5,-4.0
"[[0, 0, 0], [1, -1, 0], [-1, 0, 0]]",-1.0,-1.0,-2.5,,,-0.5,,0.0,-0.5
"[[0, 0, 0], [1, -1, 0], [0, -1, 0]]",-6.0,-1.5,-1.0,,,0.0,-4.0,,-0.5
"[[0, 0, 0], [1, -1, 0], [0, 0, -1]]",-5.5,-2.0,-0.5,,,-1.0,-2.5,-0.5,
"[[0, 0, 0], [0, -1, 1], [-1, 0, 0]]",-1.0,-1.0,-8.5,-0.5,,,,-0.5,-4.0
"[[0, 0, 0], [0, -1, 1], [0, -1, 0]]",-3.0,-2.0,-5.5,-2.0,,,-2.5,,-3.0
"[[0, 0, 0], [0, -1, 1], [0, 0, -1]]",-1.5,-0.5,-0.5,-0.5,,,-0.5,0.0,
"[[0, 0, 0], [0, -1, -1], [1, 0, 0]]",-2.0,-1.0,-0.5,-4.0,,,,-3.0,-2.5
"[[0, 0, 0], [0, -1, 0], [1, -1, 0]]",-4.5,-1.0,0.0,-1.0,,-1.0,,,-1.0
"[[0, 0, 0], [0, -1, 0], [1, 0, -1]]",-2.5,-0.5,-1.0,-5.5,,-0.5,,-1.5,
"[[0, 0, 0], [0, -1, -1], [0, 1, 0]]",-0.5,-0.5,-0.5,-0.5,,,-3.0,,-3.0
"[[0, 0, 0], [0, -1, 0], [-1, 1, 0]]",-0.5,-2.5,-1.0,0.0,,-0.5,,,-0.5
"[[0, 0, 0], [0, -1, 0], [0, 1, -1]]",-0.5,-1.5,-0.5,-1.0,,0.0,-0.5,,
"[[0, 0, 0], [0, -1, -1], [0, 0, 1]]",-0.5,-1.0,-1.0,-4.0,,,-1.5,-1.5,
"[[0, 0, 0], [0, -1, 0], [-1, 0, 1]]",-1.5,-0.5,-3.0,-0.5,,-3.0,,-0.5,
"[[0, 0, 0], [0, -1, 0], [0, -1, 1]]",-0.5,-0.5,-6.0,0.0,,-3.0,-0.5,,
"[[1, 0, 0], [0, 0, -1], [-1, 0, 0]]",,-7.5,-4.0,-1.5,-4.5,,,-4.0,-4.5
"[[1, 0, 0], [0, 0, -1], [0, -1, 0]]",,-4.0,-6.5,-5.0,-5.5,,-4.5,,-5.0
"[[1, 0, 0], [0, 0, -1], [0, 0, -1]]",,-3.5,-6.0,-2.0,-2.5,,-5.5,-1.5,
"[[0, 1, 0], [0, 0, -1], [-1, 0, 0]]",-8.0,,-9.0,-2.0,-5.5,,,-7.5,-3.0
"[[0, 1, 0], [0, 0, -1], [0, -1, 0]]",-5.0,,-11.0,-2.0,-4.5,,-3.0,,-2.0
"[[0, 1, 0], [0, 0, -1], [0, 0, -1]]",-5.0,,-10.5,-2.0,-6.5,,-3.0,-5.0,
"[[0, 0, 1], [0, 0, -1], [-1, 0, 0]]",-5.5,-7.0,,-1.0,-2.5,,,-1.0,-1.0
"[[0, 0, 1], [0, 0, -1], [0, -1, 0]]",-9.5,-5.5,,-3.5,-8.0,,-6.5,,-3.5
"[[0, 0, 1], [0, 0, -1], [0, 0, -1]]",-8.0,-10.5,,-4.5,-10.0,,-9.0,-4.5,
"[[0, 0, 0], [1, 0, -1], [-1, 0, 0]]",-2.5,-0.5,-1.5,,-3.0,,,-1.5,-2.0
"[[0, 0, 0], [1, 0, -1], [0, -1, 0]]",-9.0,-2.5,-2.5,,-4.0,,-11.0,,-1.5
"[[0, 0, 0], [1, 0, -1], [0, 0, -1]]",-3.5,-2.0,-1.0,,-0.5,,-8.0,0.0,
"[[0, 0, 0], [0, 1, -1], [-1, 0, 0]]",-7.5,-8.5,-3.5,-3.0,,,,-4.0,-7.0
"[[0, 0, 0], [0, 1, -1], [0, -1, 0]]",-8.5,-5.0,-4.5,-2.0,,,-6.0,,-8.0
"[[0, 0, 0], [0, 1, -1], [0, 0, -1]]",-1.5,-8.5,-5.0,-1.0,,,-3.5,-5.5,
"[[0, 0, 0], [0, 0, -1], [1, -1, 0]]",-9.0,-2.5,-9.5,-4.5,-6.5,,,,-2.5
"[[0, 0, 0], [0, 0, -1], [1, 0, -1]]",-4.5,-2.5,-5.0,-2.5,-4.5,,,-2.5,
"[[0, 0, 0], [0, 0, -1], [-1, 1, 0]]",-4.0,-4.5,-2.0,-2.0,-7.0,,,,-2.5
"[[0, 0, 0], [0, 0, -1], [0, 1, -1]]",-4.0,-4.0,-5.0,-2.0,-2.5,,-2.0,,
"[[0, 0, 0], [0, 0, -1], [-1, 0, 1]]",-5.5,-1.5,-1.5,-1.0,-7.5,,,-1.5,
"[[0, 0, 0], [0, 0, -1], [0, -1, 1]]",-6.0,-2.5,-2.0,-1.5,-3.5,,-2.5,,
"[[1, 0, 0], [0, 0, 0], [-1, -1, 0]]",,-2.0,-5.5,-2.0,-8.5,-2.0,,,-5.0
"[[1, 0, 0], [0, 0, 0], [-1, 0, -1]]",,-2.0,-2.0,-0.5,-2.0,-1.0,,-1.0,
"[[0, 1, 0], [0, 0, 0], [-1, -1, 0]]",-3.5,,-6.5,-2.0,-1.5,-2.0,,,-2.0
"[[0, 1, 0], [0, 0, 0], [-1, 0, -1]]",-4.0,,-3.0,-2.0,-6.0,-2.0,,-7.0,
"[[0, 0, 1], [0, 0, 0], [-1, -1, 0]]",-5.0,-4.0,,-3.0,-4.0,-6.5,,,-9.0
"[[0, 0, 1], [0, 0, 0], [-1, 0, -1]]",-3.0,-5.0,,0.0,-1.0,-0.5,,-1.5,
"[[0, 0, 0], [1, 0, 0], [-1, -1, 0]]",-1.0,-1.5,-1.0,,-6.0,-4.0,,,-1.5
"[[0, 0, 0], [1, 0, 0], [-1, 0, -1]]",-1.5,-2.0,-1.5,,-4.0,-2.0,,-2.0,
"[[0, 0, 0], [0, 1, 0], [-1, -1, 0]]",-6.0,-2.0,-3.0,-6.0,,-4.0,,,-4.0
"[[0, 0, 0], [0, 1, 0], [-1, 0, -1]]",-0.5,-3.0,-1.0,-3.5,,-3.0,,-5.5,
"[[0, 0, 0], [0, 0, 1], [-1, -1, 0]]",-4.0,-3.0,-4.0,-4.0,-8.5,,,,-6.0
"[[0, 0, 0], [0, 0, 1], [-1, 0, -1]]",-0.5,-2.0,-0.5,-4.5,-3.0,,,-0.5,
"[[0, 0, 0], [0, 0, 0], [-1, 1, -1]]",-4.5,-6.5,-2.0,-1.0,-3.0,-1.0,,,
"[[0, 0, 0], [0, 0, 0], [-1, -1, 1]]",-10.0,-3.0,-8.5,-2.5,-6.0,-13.5,,,
"[[1, 0, 0], [0, 0, 0], [0, -1, -1]]",,-1.5,-8.0,-1.5,-1.5,-1.0,-7.5,,
"[[0, 1, 0], [0, 0, 0], [0, -1, -1]]",-5.0,,-2.0,-1.0,-1.5,-0.5,-3.0,,
"[[0, 0, 1], [0, 0, 0], [0, -1, -1]]",-4.0,-7.0,,-4.5,-5.0,-1.0,-8.0,,
"[[0, 0, 0], [1, 0, 0], [0, -1, -1]]",-10.0,-2.0,-5.0,,-8.0,-3.5,-7.0,,
"[[0, 0, 0], [0, 1, 0], [0, -1, -1]]",-3.0,-2.0,-7.0,-4.5,,-3.0,-6.5,,
"[[0, 0, 0], [0, 0, 1], [0, -1, -1]]",-1.0,0.0,-0.5,-3.0,-3.5,,-1.5,,
"[[0, 0, 0], [0, 0, 0], [1, -1, -1]]",-10.5,-2.0,-7.0,-11.5,-4.5,-6.5,,,
"[[-1, 1, -1], [1, 0, 0], [0, 0, 0]]",,,,,0.0,1.0,2.0,1.0,1.0
"[[-1, 1, -1], [0, 1, 0], [0, 0, 0]]",,,,2.0,,2.0,0.0,1.0,3.0
"[[-1, 1, -1], [0, 0, 1], [0, 0, 0]]",,,,0.0,0.0,,2.0,0.0,6.0
"[[-1, 1, -1], [0, 0, 0], [1, 0, 0]]",,,,1.0,0.0,0.0,,0.0,0.0
"[[-1, 1, -1], [0, 0, 0], [0, 1, 0]]",,,,2.0,1.0,7.0,0.0,,0.0
"[[-1, 1, -1], [0, 0, 0], [0, 0, 1]]",,,,0.0,1.0,2.0,0.0,0.0,
"[[-1, 1, 1], [-1, 0, 0], [0, 0, 0]]",,,,,1.0,0.0,0.0,1.0,5.0
"[[-1, 1, 0], [-1, 1, 0], [0, 0, 0]]",,,0.0,,,7.0,0.0,0.0,2.0
"[[-1, 1, 0], [-1, 0, 1], [0, 0, 0]]",,,1.0,,0.0,,0.0,1.0,0.0
"[[-1, 1, 0], [-1, 0, 0], [1, 0, 0]]",,,0.0,,0.0,1.0,,0.0,2.0
"[[-1, 1, 0], [-1, 0, 0], [0, 1, 0]]",,,2.0,,0.0,0.0,0.0,,2.0
"[[-1, 1, 0], [-1, 0, 0], [0, 0, 1]]",,,6.0,,0.0,1.0,0.0,1.0,
"[[-1, 1, 1], [0, -1, 0], [0, 0, 0]]",,,,1.0,,0.0,0.0,0.0,0.0
"[[-1, 1, 0], [1, -1, 0], [0, 0, 0]]",,,0.0,,,0.0,0.0,0.0,0.0
"[[-1, 1, 0], [0, -1, 1], [0, 0, 0]]",,,0.0,0.0,,,2.0,0.0,0.0
"[[-1, 1, 0], [0, -1, 0], [1, 0, 0]]",,,0.0,0.0,,0.0,,0.0,0.0
"[[-1, 1, 0], [0, -1, 0], [0, 1, 0]]",,,0.0,1.0,,1.0,0.0,,0.0
"[[-1, 1, 0], [0, -1, 0], [0, 0, 1]]",,,0.0,0.0,,2.0,0.0,1.0,
"[[-1, 1, 1], [0, 0, -1], [0, 0, 0]]",,,,0.0,0.0,,0.0,0.0,5.0
"[[-1, 1, 0], [1, 0, -1], [0, 0, 0]]",,,0.0,,0.0,,2.0,0.0,0.0
"[[-1, 1, 0], [0, 1, -1], [0, 0, 0]]",,,5.0,1.0,,,2.0,0.0,13.0
"[[-1, 1, 0], [0, 0, -1], [1, 0, 0]]",,,1.0,2.0,1.0,,,0.0,2.0
"[[-1, 1, 0], [0, 0, -1], [0, 1, 0]]",,,6.0,1.0,0.0,,11.0,,3.0
"[[-1, 1, 0], [0, 0, -1], [0, 0, 1]]",,,3.0,0.0,0.0,,0.0,0.0,
"[[-1, 1, 1], [0, 0, 0], [-1, 0, 0]]",,,,0.0,2.0,0.0,,0.0,0.0
"[[-1, 1, 0], [1, 0, 0], [-1, 0, 0]]",,,5.0,,0.0,0.0,,1.0,2.0
"[[-1, 1, 0], [0, 1, 0], [-1, 0, 0]]",,,1.0,0.0,,10.0,,1.0,0.0
"[[-1, 1, 0], [0, 0, 1], [-1, 0, 0]]",,,1.0,0.0,2.0,,,1.0,0.0
"[[-1, 1, 0], [0, 0, 0], [-1, 1, 0]]",,,0.0,0.0,0.0,6.0,,,0.0
"[[-1, 1, 0], [0, 0, 0], [-1, 0, 1]]",,,0.0,0.0,0.0,1.0,,1.0,
"[[-1, 1, 1], [0, 0, 0], [0, -1, 0]]",,,,0.0,1.0,0.0,0.0,,1.0
"[[-1, 1, 0], [1, 0, 0], [0, -1, 0]]",,,2.0,,0.0,0.0,2.0,,0.0
"[[-1, 1, 0], [0, 1, 0], [0, -1, 0]]",,,1.0,1.0,,0.0,0.0,,4.0
"[[-1, 1, 0], [0, 0, 1], [0, -1, 0]]",,,1.0,1.0,0.0,,1.0,,0.0
"[[-1, 1, 0], [0, 0, 0], [1, -1, 0]]",,,0.0,0.0,0.0,2.0,,,1.0
"[[-1, 1, 0], [0, 0, 0], [0, -1, 1]]",,,0.0,0.0,2.0,0.0,0.0,,
"[[-1, 1, 1], [0, 0, 0], [0, 0, -1]]",,,,0.0,0.0,1.0,0.0,0.0,
"[[-1, 1, 0], [1, 0, 0], [0, 0, -1]]",,,1.0,,0.0,0.0,1.0,1.0,
"[[-1, 1, 0], [0, 1, 0], [0, 0, -1]]",,,3.0,4.0,,0.0,1.0,0.0,
"[[-1, 1, 0], [0, 0, 1], [0, 0, -1]]",,,2.0,0.0,0.0,,2.0,0.0,
"[[-1, 1, 0], [0, 0, 0], [1, 0, -1]]",,,1.0,0.0,0.0,1.0,,1.0,
"[[-1, 1, 0], [0, 0, 0], [0, 1, -1]]",,,2.0,12.0,0.0,2.0,0.0,,
"[[-1, -1, 1], [1, 0, 0], [0, 0, 0]]",,,,,1.0,0.0,1.0,4.0,1.0
"[[-1, -1, 1], [0, 1, 0], [0, 0, 0]]",,,,11.0,,5.0,1.0,5.0,6.0
"[[-1, -1, 1], [0, 0, 1], [0, 0, 0]]",,,,15.0,2.0,,6.0,5.0,0.0
"[[-1, -1, 1], [0, 0, 0], [1, 0, 0]]",,,,8.0,2.0,6.0,,5.0,11.0
"[[-1, -1, 1], [0, 0, 0], [0, 1, 0]]",,,,1.0,9.0,2.0,3.0,,0.0
"[[-1, -1, 1], [0, 0, 0], [0, 0, 1]]",,,,7.0,2.0,1.0,4.0,17.0,
"[[-1, 0, 1], [-1, 1, 0], [0, 0, 0]]",,2.0,,,,7.0,0.0,4.0,2.0
"[[-1, 0, 1], [-1, 0, 1], [0, 0, 0]]",,3.0,,,5.0,,0.0,2.0,0.0
"[[-1, 0, 1], [-1, 0, 0], [1, 0, 0]]",,8.0,,,1.0,1.0,,4.0,2.0
"[[-1, 0, 1], [-1, 0, 0], [0, 1, 0]]",,1.0,,,2.0,0.0,0.0,,2.0
"[[-1, 0, 1], [-1, 0, 0], [0, 0, 1]]",,2.0,,,8.0,1.0,0.0,2.0,
"[[-1, 0, 1], [1, -1, 0], [0, 0, 0]]",,0.0,,,,0.0,1.0,0.0,0.0
"[[-1, 0, 1], [0, -1, 1], [0, 0, 0]]",,1.0,,0.0,,,0.0,2.0,0.0
"[[-1, 0, 1], [0, -1, 0], [1, 0, 0]]",,0.0,,0.0,,0.0,,0.0,0.0
"[[-1, 0, 1], [0, -1, 0], [0, 1, 0]]",,1.0,,1.0,,0.0,1.0,,0.0
"[[-1, 0, 1], [0, -1, 0], [0, 0, 1]]",,3.0,,4.0,,0.0,0.0,1.0,
"[[-1, 0, 1], [1, 0, -1], [0, 0, 0]]",,0.0,,,0.0,,0.0,0.0,1.0
"[[-1, 0, 1], [0, 1, -1], [0, 0, 0]]",,3.0,,0.0,,,0.0,4.0,0.0
"[[-1, 0, 1], [0, 0, -1], [1, 0, 0]]",,2.0,,0.0,0.0,,,0.0,3.0
"[[-1, 0, 1], [0, 0, -1], [0, 1, 0]]",,0.0,,1.0,0.0,,0.0,,3.0
"[[-1, 0, 1], [0, 0, -1], [0, 0, 1]]",,0.0,,5.0,1.0,,0.0,1.0,
"[[-1, 0, 1], [1, 0, 0], [-1, 0, 0]]",,2.0,,,2.0,0.0,,1.0,0.0
"[[-1, 0, 1], [0, 1, 0], [-1, 0, 0]]",,0.0,,0.0,,0.0,,0.0,2.0
"[[-1, 0, 1], [0, 0, 1], [-1, 0, 0]]",,7.0,,0.0,2.0,,,0.0,0.0
"[[-1, 0, 1], [0, 0, 0], [-1, 1, 0]]",,0.0,,0.0,2.0,0.0,,,1.0
"[[-1, 0, 1], [0, 0, 0], [-1, 0, 1]]",,4.0,,0.0,0.0,0.0,,0.0,
"[[-1, 0, 1], [1, 0, 0], [0, -1, 0]]",,5.0,,,0.0,2.0,1.0,,3.0
"[[-1, 0, 1], [0, 1, 0], [0, -1, 0]]",,8.0,,0.0,,0.0,2.0,,3.0
"[[-1, 0, 1], [0, 0, 1], [0, -1, 0]]",,3.0,,5.0,1.0,,2.0,,0.0
"[[-1, 0, 1], [0, 0, 0], [1, -1, 0]]",,4.0,,7.0,0.0,2.0,,,2.0
"[[-1, 0, 1], [0, 0, 0], [0, -1, 1]]",,1.0,,0.0,1.0,0.0,1.0,,
"[[-1, 0, 1], [1, 0, 0], [0, 0, -1]]",,0.0,,,0.0,1.0,1.0,3.0,
"[[-1, 0, 1], [0, 1, 0], [0, 0, -1]]",,3.0,,4.0,,2.0,0.0,0.0,
"[[-1, 0, 1], [0, 0, 1], [0, 0, -1]]",,1.0,,1.0,0.0,,1.0,0.0,
"[[-1, 0, 1], [0, 0, 0], [1, 0, -1]]",,3.0,,1.0,0.0,5.0,,7.0,
"[[-1, 0, 1], [0, 0, 0], [0, 1, -1]]",,0.0,,1.0,0.0,1.0,0.0,,
"[[-1, -1, 0], [1, 1, 0], [0, 0, 0]]",,,0.0,,,0.0,1.0,5.0,13.0
"[[-1, -1, 0], [1, 0, 1], [0, 0, 0]]",,,0.0,,0.0,,7.0,5.0,2.0
"[[-1, -1, 0], [1, 0, 0], [1, 0, 0]]",,,0.0,,1.0,1.0,,1.0,5.0
"[[-1, -1, 0], [1, 0, 0], [0, 1, 0]]",,,0.0,,4.0,1.0,1.0,,0.0
"[[-1, -1, 0], [1, 0, 0], [0, 0, 1]]",,,0.0,,1.0,0.0,2.0,0.0,
"[[-1, 0, -1], [1, 1, 0], [0, 0, 0]]",,0.0,,,,0.0,2.0,2.0,6.0
"[[-1, 0, -1], [1, 0, 1], [0, 0, 0]]",,0.0,,,0.0,,1.0,1.0,4.0
"[[-1, 0, -1], [1, 0, 0], [1, 0, 0]]",,0.0,,,0.0,0.0,,0.0,0.0
"[[-1, 0, -1], [1, 0, 0], [0, 1, 0]]",,0.0,,,0.0,0.0,4.0,,1.0
"[[-1, 0, -1], [1, 0, 0], [0, 0, 1]]",,0.0,,,0.0,0.0,0.0,0.0,
"[[-1, 0, 0], [1, -1, 1], [0, 0, 0]]",,1.0,0.0,,,,0.0,0.0,0.0
"[[-1, 0, 0], [1, -1, 0], [1, 0, 0]]",,0.0,2.0,,,0.0,,0.0,0.0
"[[-1, 0, 0], [1, -1, 0], [0, 1, 0]]",,1.0,0.0,,,0.0,0.0,,0.0
"[[-1, 0, 0], [1, -1, 0], [0, 0, 1]]",,1.0,0.0,,,0.0,0.0,2.0,
"[[-1, 0, 0], [1, 1, -1], [0, 0, 0]]",,0.0,1.0,,,,0.0,0.0,1.0
"[[-1, 0, 0], [1, 0, -1], [1, 0, 0]]",,1.0,0.0,,1.0,,,0.0,0.0
"[[-1, 0, 0], [1, 0, -1], [0, 1, 0]]",,0.0,0.0,,0.0,,2.0,,0.0
"[[-1, 0, 0], [1, 0, -1], [0, 0, 1]]",,1.0,0.0,,2.0,,0.0,0.0,
"[[-1, 0, 0], [1, 1, 0], [-1, 0, 0]]",,0.0,15.0,,,1.0,,2.0,3.0
"[[-1, 0, 0], [1, 0, 1], [-1, 0, 0]]",,1.0,3.0,,0.0,,,8.0,5.0
"[[-1, 0, 0], [1, 0, 0], [-1, 1, 0]]",,1.0,2.0,,0.0,0.0,,,6.0
"[[-1, 0, 0], [1, 0, 0], [-1, 0, 1]]",,0.0,1.0,,0.0,0.0,,0.0,
"[[-1, 0, 0], [1, 1, 0], [0, -1, 0]]",,0.0,1.0,,,0.0,6.0,,0.0
"[[-1, 0, 0], [1, 0, 1], [0, -1, 0]]",,1.0,1.0,,0.0,,4.0,,9.0
"[[-1, 0, 0], [1, 0, 0], [1, -1, 0]]",,0.0,1.0,,0.0,0.0,,,2.0
"[[-1, 0, 0], [1, 0, 0], [0, -1, 1]]",,0.0,0.0,,0.0,0.0,3.0,,
"[[-1, 0, 0], [1, 1, 0], [0, 0, -1]]",,0.0,4.0,,,1.0,1.0,3.0,
"[[-1, 0, 0], [1, 0, 1], [0, 0, -1]]",,2.0,5.0,,0.0,,1.0,3.0,
"[[-1, 0, 0], [1, 0, 0], [1, 0, -1]]",,2.0,0.0,,0.0,0.0,,4.0,
"[[-1, 0, 0], [1, 0, 0], [0, 1, -1]]",,0.0,0.0,,0.0,1.0,0.0,,
"[[-1, -1, 0], [0, 1, 1], [0, 0, 0]]",,,0.0,1.0,,,7.0,13.0,2.0
"[[-1, -1, 0], [0, 1, 0], [1, 0, 0]]",,,0.0,3.0,,2.0,,0.0,2.0
"[[-1, -1, 0], [0, 1, 0], [0, 1, 0]]",,,0.0,1.0,,1.0,1.0,,4.0
"[[-1, -1, 0], [0, 1, 0], [0, 0, 1]]",,,0.0,1.0,,0.0,0.0,7.0,
"[[-1, 0, -1], [0, 1, 1], [0, 0, 0]]",,0.0,,1.0,,,1.0,2.0,2.0
"[[-1, 0, -1], [0, 1, 0], [1, 0, 0]]",,0.0,,1.0,,0.0,,0.0,1.0
"[[-1, 0, -1], [0, 1, 0], [0, 1, 0]]",,0.0,,4.0,,1.0,3.0,,3.0
"[[-1, 0, -1], [0, 1, 0], [0, 0, 1]]",,0.0,,0.0,,2.0,0.0,0.0,
"[[-1, 0, 0], [-1, 1, 1], [0, 0, 0]]",,0.0,0.0,,,,0.0,0.0,3.0
"[[-1, 0, 0], [-1, 1, 0], [1, 0, 0]]",,2.0,1.0,,,7.0,,0.0,1.0
"[[-1, 0, 0], [-1, 1, 0], [0, 1, 0]]",,0.0,1.0,,,2.0,0.0,,4.0
"[[-1, 0, 0], [-1, 1, 0], [0, 0, 1]]",,0.0,0.0,,,3.0,0.0,0.0,
"[[-1, 0, 0], [0, 1, -1], [1, 0, 0]]",,1.0,4.0,4.0,,,,2.0,2.0
"[[-1, 0, 0], [0, 1, -1], [0, 1, 0]]",,0.0,2.0,0.0,,,0.0,,4.0
"[[-1, 0, 0], [0, 1, -1], [0, 0, 1]]",,0.0,1.0,4.0,,,0.0,0.0,
"[[-1, 0, 0], [0, 1, 1], [-1, 0, 0]]",,0.0,2.0,0.0,,,,3.0,6.0
"[[-1, 0, 0], [0, 1, 0], [-1, 1, 0]]",,2.0,4.0,0.0,,1.0,,,0.0
"[[-1, 0, 0], [0, 1, 0], [-1, 0, 1]]",,1.0,3.0,0.0,,0.0,,0.0,
"[[-1, 0, 0], [0, 1, 1], [0, -1, 0]]",,1.0,4.0,0.0,,,8.0,,3.0
"[[-1, 0, 0], [0, 1, 0], [1, -1, 0]]",,5.0,0.0,0.0,,3.0,,,1.0
"[[-1, 0, 0], [0, 1, 0], [0, -1, 1]]",,2.0,0.0,0.0,,1.0,2.0,,
"[[-1, 0, 0], [0, 1, 1], [0, 0, -1]]",,0.0,0.0,1.0,,,0.0,2.0,
"[[-1, 0, 0], [0, 1, 0], [1, 0, -1]]",,2.0,1.0,8.0,,3.0,,1.0,
"[[-1, 0, 0], [0, 1, 0], [0, 1, -1]]",,0.0,1.0,3.0,,1.0,7.0,,
"[[-1, -1, 0], [0, 0, 1], [1, 0, 0]]",,,0.0,6.0,0.0,,,0.0,1.0
"[[-1, -1, 0], [0, 0, 1], [0, 1, 0]]",,,0.0,1.0,1.0,,2.0,,0.0
"[[-1, -1, 0], [0, 0, 1], [0, 0, 1]]",,,0.0,5.0,9.0,,2.0,1.0,
"[[-1, 0, -1], [0, 0, 1], [1, 0, 0]]",,0.0,,0.0,0.0,,,0.0,1.0
"[[-1, 0, -1], [0, 0, 1], [0, 1, 0]]",,0.0,,1.0,0.0,,0.0,,0.0
"[[-1, 0, -1], [0, 0, 1], [0, 0, 1]]",,0.0,,0.0,1.0,,1.0,0.0,
"[[-1, 0, 0], [-1, 0, 1], [1, 0, 0]]",,4.0,1.0,,1.0,,,1.0,0.0
"[[-1, 0, 0], [-1, 0, 1], [0, 1, 0]]",,1.0,2.0,,0.0,,0.0,,1.0
"[[-1, 0, 0], [-1, 0, 1], [0, 0, 1]]",,1.0,0.0,,15.0,,0.0,2.0,
"[[-1, 0, 0], [0, -1, 1], [1, 0, 0]]",,0.0,0.0,3.0,,,,1.0,0.0
"[[-1, 0, 0], [0, -1, 1], [0, 1, 0]]",,1.0,0.0,0.0,,,0.0,,0.0
"[[-1, 0, 0], [0, -1, 1], [0, 0, 1]]",,4.0,1.0,0.0,,,1.0,2.0,
"[[-1, 0, 0], [0, 0, 1], [-1, 1, 0]]",,2.0,0.0,0.0,0.0,,,,0.0
"[[-1, 0, 0], [0, 0, 1], [-1, 0, 1]]",,2.0,1.0,0.0,0.0,,,3.0,
"[[-1, 0, 0], [0, 0, 1], [1, -1, 0]]",,0.0,0.0,0.0,0.0,,,,0.0
"[[-1, 0, 0], [0, 0, 1], [0, -1, 1]]",,0.0,0.0,9.0,2.0,,0.0,,
"[[-1, 0, 0], [0, 0, 1], [1, 0, -1]]",,0.0,0.0,2.0,0.0,,,1.0,
"[[-1, 0, 0], [0, 0, 1], [0, 1, -1]]",,1.0,2.0,0.0,0.0,,1.0,,
"[[-1, -1, 0], [0, 0, 0], [1, 1, 0]]",,,0.0,5.0,2.0,12.0,,,0.0
"[[-1, -1, 0], [0, 0, 0], [1, 0, 1]]",,,0.0,6.0,0.0,8.0,,3.0,
"[[-1, 0, -1], [0, 0, 0], [1, 1, 0]]",,0.0,,0.0,0.0,2.0,,,1.0
"[[-1, 0, -1], [0, 0, 0], [1, 0, 1]]",,0.0,,4.0,0.0,2.0,,0.0,
"[[-1, 0, 0], [-1, 0, 0], [1, 1, 0]]",,2.0,3.0,,9.0,7.0,,,1.0
"[[-1, 0, 0], [-1, 0, 0], [1, 0, 1]]",,10.0,2.0,,7.0,5.0,,1.0,
"[[-1, 0, 0], [0, -1, 0], [1, 1, 0]]",,3.0,0.0,0.0,,1.0,,,0.0
"[[-1, 0, 0], [0, -1, 0], [1, 0, 1]]",,4.0,3.0,2.0,,2.0,,0.0,
"[[-1, 0, 0], [0, 0, -1], [1, 1, 0]]",,0.0,7.0,4.0,5.0,,,,1.0
"[[-1, 0, 0], [0, 0, -1], [1, 0, 1]]",,4.0,5.0,2.0,6.0,,,1.0,
"[[-1, 0, 0], [0, 0, 0], [1, -1, 1]]",,2.0,0.0,1.0,0.0,0.0,,,
"[[-1, 0, 0], [0, 0, 0], [1, 1, -1]]",,1.0,0.0,1.0,0.0,5.0,,,
"[[-1, -1, 0], [0, 0, 0], [0, 1, 1]]",,,0.0,3.0,9.0,3.0,2.0,,
"[[-1, 0, -1], [0, 0, 0], [0, 1, 1]]",,0.0,,0.0,3.0,0.0,0.0,,
"[[-1, 0, 0], [-1, 0, 0], [0, 1, 1]]",,3.0,4.0,,1.0,0.0,0.0,,
"[[-1, 0, 0], [0, -1, 0], [0, 1, 1]]",,2.0,3.0,0.0,,0.0,1.0,,
"[[-1, 0, 0], [0, 0, -1], [0, 1, 1]]",,6.0,0.0,2.0,2.0,,0.0,,
"[[-1, 0, 0], [0, 0, 0], [-1, 1, 1]]",,1.0,0.0,0.0,2.0,1.0,,,
"[[1, -1, -1], [1, 0, 0], [0, 0, 0]]",,,,,2.0,0.0,2.0,8.0,3.0
"[[1, -1, -1], [0, 1, 0], [0, 0, 0]]",,,,2.0,,4.0,2.0,9.0,1.0
"[[1, -1, -1], [0, 0, 1], [0, 0, 0]]",,,,0.0,1.0,,1.0,5.0,2.0
"[[1, -1, -1], [0, 0, 0], [1, 0, 0]]",,,,1.0,2.0,9.0,,8.0,3.0
"[[1, -1, -1], [0, 0, 0], [0, 1, 0]]",,,,1.0,1.0,7.0,0.0,,2.0
"[[1, -1, -1], [0, 0, 0], [0, 0, 1]]",,,,3.0,2.0,20.0,3.0,5.0,
"[[1, -1, 1], [-1, 0, 0], [0, 0, 0]]",,,,,0.0,2.0,1.0,7.0,0.0
"[[1, -1, 0], [-1, 1, 0], [0, 0, 0]]",,,2.0,,,0.0,10.0,0.0,1.0
"[[1, -1, 0], [-1, 0, 1], [0, 0, 0]]",,,0.0,,0.0,,3.0,3.0,0.0
"[[1, -1, 0], [-1, 0, 0], [1, 0, 0]]",,,2.0,,1.0,11.0,,1.0,2.0
"[[1, -1, 0], [-1, 0, 0], [0, 1, 0]]",,,2.0,,0.0,6.0,0.0,,0.0
"[[1, -1, 0], [-1, 0, 0], [0, 0, 1]]",,,5.0,,0.0,10.0,1.0,4.0,
"[[1, -1, 1], [0, -1, 0], [0, 0, 0]]",,,,0.0,,0.0,0.0,0.0,0.0
"[[1, -1, 0], [1, -1, 0], [0, 0, 0]]",,,2.0,,,8.0,0.0,0.0,7.0
"[[1, -1, 0], [0, -1, 1], [0, 0, 0]]",,,2.0,0.0,,,0.0,0.0,0.0
"[[1, -1, 0], [0, -1, 0], [1, 0, 0]]",,,4.0,0.0,,0.0,,0.0,1.0
"[[1, -1, 0], [0, -1, 0], [0, 1, 0]]",,,8.0,1.0,,2.0,0.0,,1.0
"[[1, -1, 0], [0, -1, 0], [0, 0, 1]]",,,2.0,0.0,,5.0,0.0,0.0,
"[[1, -1, 1], [0, 0, -1], [0, 0, 0]]",,,,3.0,1.0,,3.0,6.0,3.0
"[[1, -1, 0], [1, 0, -1], [0, 0, 0]]",,,6.0,,4.0,,1.0,3.0,9.0
"[[1, -1, 0], [0, 1, -1], [0, 0, 0]]",,,3.0,2.0,,,13.0,6.0,2.0
"[[1, -1, 0], [0, 0, -1], [1, 0, 0]]",,,11.0,4.0,1.0,,,2.0,1.0
"[[1, -1, 0], [0, 0, -1], [0, 1, 0]]",,,3.0,4.0,3.0,,1.0,,1.0
"[[1, -1, 0], [0, 0, -1], [0, 0, 1]]",,,15.0,4.0,2.0,,9.0,5.0,
"[[1, -1, 1], [0, 0, 0], [-1, 0, 0]]",,,,1.0,1.0,1.0,,4.0,0.0
"[[1, -1, 0], [1, 0, 0], [-1, 0, 0]]",,,2.0,,0.0,0.0,,2.0,1.0
"[[1, -1, 0], [0, 1, 0], [-1, 0, 0]]",,,12.0,4.0,,2.0,,3.0,0.0
"[[1, -1, 0], [0, 0, 1], [-1, 0, 0]]",,,0.0,3.0,4.0,,,1.0,0.0
"[[1, -1, 0], [0, 0, 0], [-1, 1, 0]]",,,0.0,1.0,0.0,2.0,,,0.0
"[[1, -1, 0], [0, 0, 0], [-1, 0, 1]]",,,12.0,2.0,0.0,0.0,,3.0,
"[[1, -1, 1], [0, 0, 0], [0, -1, 0]]",,,,6.0,0.0,1.0,1.0,,2.0
"[[1, -1, 0], [1, 0, 0], [0, -1, 0]]",,,14.0,,0.0,3.0,2.0,,3.0
"[[1, -1, 0], [0, 1, 0], [0, -1, 0]]",,,2.0,4.0,,10.0,13.0,,2.0
"[[1, -1, 0], [0, 0, 1], [0, -1, 0]]",,,4.0,1.0,0.0,,9.0,,2.0
"[[1, -1, 0], [0, 0, 0], [1, -1, 0]]",,,5.0,1.0,0.0,7.0,,,4.0
"[[1, -1, 0], [0, 0, 0], [0, -1, 1]]",,,1.0,8.0,0.0,2.0,11.0,,
"[[1, -1, 1], [0, 0, 0], [0, 0, -1]]",,,,0.0,0.0,4.0,0.0,1.0,
"[[1, -1, 0], [1, 0, 0], [0, 0, -1]]",,,3.0,,5.0,10.0,0.0,5.0,
"[[1, -1, 0], [0, 1, 0], [0, 0, -1]]",,,1.0,0.0,,1.0,0.0,5.0,
"[[1, -1, 0], [0, 0, 1], [0, 0, -1]]",,,1.0,0.0,0.0,,1.0,1.0,
"[[1, -1, 0], [0, 0, 0], [1, 0, -1]]",,,4.0,0.0,1.0,7.0,,2.0,
"[[1, -1, 0], [0, 0, 0], [0, 1, -1]]",,,1.0,0.0,0.0,2.0,0.0,,
"[[0, -1, 1], [-1, 1, 0], [0, 0, 0]]",1.0,,,,,8.0,2.0,6.0,0.0
"[[0, -1, 1], [-1, 0, 1], [0, 0, 0]]",3.0,,,,11.0,,2.0,6.0,2.0
"[[0, -1, 1], [-1, 0, 0], [1, 0, 0]]",5.0,,,,1.0,5.0,,4.0,9.0
"[[0, -1, 1], [-1, 0, 0], [0, 1, 0]]",5.0,,,,2.0,3.0,0.0,,0.0
"[[0, -1, 1], [-1, 0, 0], [0, 0, 1]]",9.0,,,,5.0,1.0,0.0,2.0,
"[[0, -1, 1], [1, -1, 0], [0, 0, 0]]",0.0,,,,,2.0,0.0,0.0,0.0
"[[0, -1, 1], [0, -1, 1], [0, 0, 0]]",1.0,,,7.0,,,0.0,0.0,0.0
"[[0, -1, 1], [0, -1, 0], [1, 0, 0]]",1.0,,,2.0,,0.0,,0.0,0.0
"[[0, -1, 1], [0, -1, 0], [0, 1, 0]]",5.0,,,1.0,,1.0,1.0,,0.0
"[[0, -1, 1], [0, -1, 0], [0, 0, 1]]",1.0,,,11.0,,0.0,4.0,0.0,
"[[0, -1, 1], [1, 0, -1], [0, 0, 0]]",1.0,,,,0.0,,0.0,3.0,8.0
"[[0, -1, 1], [0, 1, -1], [0, 0, 0]]",5.0,,,9.0,,,0.0,3.0,6.0
"[[0, -1, 1], [0, 0, -1], [1, 0, 0]]",1.0,,,11.0,0.0,,,1.0,9.0
"[[0, -1, 1], [0, 0, -1], [0, 1, 0]]",9.0,,,0.0,1.0,,0.0,,1.0
"[[0, -1, 1], [0, 0, -1], [0, 0, 1]]",2.0,,,6.0,0.0,,2.0,2.0,
"[[0, -1, 1], [1, 0, 0], [-1, 0, 0]]",3.0,,,,0.0,0.0,,0.0,2.0
"[[0, -1, 1], [0, 1, 0], [-1, 0, 0]]",4.0,,,2.0,,2.0,,0.0,1.0
"[[0, -1, 1], [0, 0, 1], [-1, 0, 0]]",6.0,,,3.0,1.0,,,4.0,1.0
"[[0, -1, 1], [0, 0, 0], [-1, 1, 0]]",2.0,,,0.0,0.0,0.0,,,0.0
"[[0, -1, 1], [0, 0, 0], [-1, 0, 1]]",3.0,,,4.0,2.0,0.0,,7.0,
"[[0, -1, 1], [1, 0, 0], [0, -1, 0]]",4.0,,,,0.0,3.0,1.0,,7.0
"[[0, -1, 1], [0, 1, 0], [0, -1, 0]]",15.0,,,4.0,,1.0,1.0,,1.0
"[[0, -1, 1], [0, 0, 1], [0, -1, 0]]",5.0,,,8.0,0.0,,12.0,,0.0
"[[0, -1, 1], [0, 0, 0], [1, -1, 0]]",4.0,,,2.0,0.0,1.0,,,12.0
"[[0, -1, 1], [0, 0, 0], [0, -1, 1]]",2.0,,,2.0,0.0,1.0,16.0,,
"[[0, -1, 1], [1, 0, 0], [0, 0, -1]]",2.0,,,,0.0,2.0,0.0,0.0,
"[[0, -1, 1], [0, 1, 0], [0, 0, -1]]",2.0,,,2.0,,3.0,0.0,7.0,
"[[0, -1, 1], [0, 0, 1], [0, 0, -1]]",0.0,,,1.0,0.0,,0.0,1.0,
"[[0, -1, 1], [0, 0, 0], [1, 0, -1]]",0.0,,,5.0,0.0,2.0,,6.0,
"[[0, -1, 1], [0, 0, 0], [0, 1, -1]]",0.0,,,1.0,0.0,2.0,0.0,,
"[[0, -1, -1], [1, 1, 0], [0, 0, 0]]",0.0,,,,,0.0,1.0,9.0,0.0
"[[0, -1, -1], [1, 0, 1], [0, 0, 0]]",0.0,,,,0.0,,0.0,5.0,4.0
"[[0, -1, -1], [1, 0, 0], [1, 0, 0]]",0.0,,,,0.0,10.0,,4.0,4.0
"[[0, -1, -1], [1, 0, 0], [0, 1, 0]]",0.0,,,,5.0,0.0,1.0,,1.0
"[[0, -1, -1], [1, 0, 0], [0, 0, 1]]",0.0,,,,0.0,3.0,0.0,2.0,
"[[0, -1, 0], [1, -1, 1], [0, 0, 0]]",0.0,,2.0,,,,1.0,0.0,1.0
"[[0, -1, 0], [1, -1, 0], [1, 0, 0]]",2.0,,0.0,,,6.0,,0.0,1.0
"[[0, -1, 0], [1, -1, 0], [0, 1, 0]]",0.0,,1.0,,,7.0,0.0,,1.0
"[[0, -1, 0], [1, -1, 0], [0, 0, 1]]",0.0,,2.0,,,1.0,0.0,0.0,
"[[0, -1, 0], [1, 1, -1], [0, 0, 0]]",1.0,,0.0,,,,2.0,0.0,1.0
"[[0, -1, 0], [1, 0, -1], [1, 0, 0]]",3.0,,5.0,,10.0,,,1.0,3.0
"[[0, -1, 0], [1, 0, -1], [0, 1, 0]]",0.0,,1.0,,7.0,,0.0,,4.0
"[[0, -1, 0], [1, 0, -1], [0, 0, 1]]",0.0,,3.0,,3.0,,0.0,7.0,
"[[0, -1, 0], [1, 1, 0], [-1, 0, 0]]",3.0,,1.0,,,0.0,,3.0,4.0
"[[0, -1, 0], [1, 0, 1], [-1, 0, 0]]",2.0,,1.0,,1.0,,,3.0,2.0
"[[0, -1, 0], [1, 0, 0], [-1, 1, 0]]",1.0,,0.0,,0.0,0.0,,,1.0
"[[0, -1, 0], [1, 0, 0], [-1, 0, 1]]",0.0,,1.0,,2.0,0.0,,9.0,
"[[0, -1, 0], [1, 1, 0], [0, -1, 0]]",8.0,,20.0,,,4.0,10.0,,6.0
"[[0, -1, 0], [1, 0, 1], [0, -1, 0]]",6.0,,4.0,,0.0,,9.0,,14.0
"[[0, -1, 0], [1, 0, 0], [1, -1, 0]]",3.0,,0.0,,0.0,18.0,,,4.0
"[[0, -1, 0], [1, 0, 0], [0, -1, 1]]",2.0,,13.0,,0.0,2.0,5.0,,
"[[0, -1, 0], [1, 1, 0], [0, 0, -1]]",3.0,,3.0,,,1.0,2.0,2.0,
"[[0, -1, 0], [1, 0, 1], [0, 0, -1]]",9.0,,6.0,,0.0,,0.0,3.0,
"[[0, -1, 0], [1, 0, 0], [1, 0, -1]]",1.0,,0.0,,3.0,4.0,,1.0,
"[[0, -1, 0], [1, 0, 0], [0, 1, -1]]",1.0,,3.0,,0.0,1.0,1.0,,
"[[0, -1, -1], [0, 1, 1], [0, 0, 0]]",0.0,,,0.0,,,9.0,1.0,2.0
"[[0, -1, -1], [0, 1, 0], [1, 0, 0]]",0.0,,,3.0,,0.0,,4.0,0.0
"[[0, -1, -1], [0, 1, 0], [0, 1, 0]]",0.0,,,3.0,,0.0,1.0,,0.0
"[[0, -1, -1], [0, 1, 0], [0, 0, 1]]",0.0,,,2.0,,2.0,5.0,3.0,
"[[0, -1, 0], [-1, 1, 1], [0, 0, 0]]",0.0,,0.0,,,,5.0,2.0,1.0
"[[0, -1, 0], [-1, 1, 0], [1, 0, 0]]",7.0,,1.0,,,9.0,,2.0,3.0
"[[0, -1, 0], [-1, 1, 0], [0, 1, 0]]",1.0,,7.0,,,2.0,0.0,,0.0
"[[0, -1, 0], [-1, 1, 0], [0, 0, 1]]",1.0,,4.0,,,5.0,4.0,3.0,
"[[0, -1, 0], [0, 1, -1], [1, 0, 0]]",1.0,,2.0,12.0,,,,3.0,2.0
"[[0, -1, 0], [0, 1, -1], [0, 1, 0]]",0.0,,3.0,6.0,,,0.0,,1.0
"[[0, -1, 0], [0, 1, -1], [0, 0, 1]]",1.0,,3.0,17.0,,,3.0,3.0,
"[[0, -1, 0], [0, 1, 1], [-1, 0, 0]]",3.0,,5.0,4.0,,,,2.0,9.0
"[[0, -1, 0], [0, 1, 0], [-1, 1, 0]]",1.0,,5.0,1.0,,1.0,,,0.0
"[[0, -1, 0], [0, 1, 0], [-1, 0, 1]]",2.0,,4.0,3.0,,6.0,,3.0,
"[[0, -1, 0], [0, 1, 1], [0, -1, 0]]",6.0,,19.0,3.0,,,6.0,,6.0
"[[0, -1, 0], [0, 1, 0], [1, -1, 0]]",5.0,,6.0,4.0,,18.0,,,7.0
"[[0, -1, 0], [0, 1, 0], [0, -1, 1]]",4.0,,5.0,9.0,,5.0,15.0,,
"[[0, -1, 0], [0, 1, 1], [0, 0, -1]]",10.0,,2.0,0.0,,,6.0,5.0,
"[[0, -1, 0], [0, 1, 0], [1, 0, -1]]",10.0,,0.0,3.0,,3.0,,6.0,
"[[0, -1, 0], [0, 1, 0], [0, 1, -1]]",4.0,,0.0,3.0,,1.0,2.0,,
"[[0, -1, -1], [0, 0, 1], [1, 0, 0]]",0.0,,,1.0,3.0,,,0.0,1.0
"[[0, -1, -1], [0, 0, 1], [0, 1, 0]]",0.0,,,1.0,0.0,,0.0,,1.0
"[[0, -1, -1], [0, 0, 1], [0, 0, 1]]",0.0,,,6.0,2.0,,1.0,2.0,
"[[0, -1, 0], [-1, 0, 1], [1, 0, 0]]",8.0,,0.0,,2.0,,,1.0,0.0
"[[0, -1, 0], [-1, 0, 1], [0, 1, 0]]",4.0,,1.0,,0.0,,1.0,,0.0
"[[0, -1, 0], [-1, 0, 1], [0, 0, 1]]",5.0,,2.0,,13.0,,4.0,3.0,
"[[0, -1, 0], [0, -1, 1], [1, 0, 0]]",1.0,,1.0,4.0,,,,0.0,1.0
"[[0, -1, 0], [0, -1, 1], [0, 1, 0]]",2.0,,1.0,5.0,,,1.0,,0.0
"[[0, -1, 0], [0, -1, 1], [0, 0, 1]]",3.0,,1.0,12.0,,,1.0,0.0,
"[[0, -1, 0], [0, 0, 1], [-1, 1, 0]]",2.0,,1.0,1.0,1.0,,,,3.0
"[[0, -1, 0], [0, 0, 1], [-1, 0, 1]]",4.0,,2.0,4.0,3.0,,,15.0,
"[[0, -1, 0], [0, 0, 1], [1, -1, 0]]",8.0,,1.0,4.0,0.0,,,,8.0
"[[0, -1, 0], [0, 0, 1], [0, -1, 1]]",8.0,,4.0,1.0,0.0,,18.0,,
"[[0, -1, 0], [0, 0, 1], [1, 0, -1]]",2.0,,1.0,0.0,1.0,,,5.0,
"[[0, -1, 0], [0, 0, 1], [0, 1, -1]]",0.0,,1.0,0.0,0.0,,1.0,,
"[[0, -1, -1], [0, 0, 0], [1, 1, 0]]",0.0,,,4.0,6.0,2.0,,,0.0
"[[0, -1, -1], [0, 0, 0], [1, 0, 1]]",0.0,,,1.0,4.0,13.0,,2.0,
"[[0, -1, 0], [-1, 0, 0], [1, 1, 0]]",6.0,,2.0,,21.0,5.0,,,1.0
"[[0, -1, 0], [-1, 0, 0], [1, 0, 1]]",12.0,,6.0,,3.0,0.0,,2.0,
"[[0, -1, 0], [0, -1, 0], [1, 1, 0]]",3.0,,13.0,8.0,,23.0,,,1.0
"[[0, -1, 0], [0, -1, 0], [1, 0, 1]]",6.0,,12.0,0.0,,1.0,,0.0,
"[[0, -1, 0], [0, 0, -1], [1, 1, 0]]",10.0,,3.0,4.0,15.0,,,,1.0
"[[0, -1, 0], [0, 0, -1], [1, 0, 1]]",4.0,,4.0,7.0,22.0,,,1.0,
"[[0, -1, 0], [0, 0, 0], [1, -1, 1]]",0.0,,1.0,4.0,0.0,3.0,,,
"[[0, -1, 0], [0, 0, 0], [1, 1, -1]]",0.0,,1.0,3.0,0.0,4.0,,,
"[[0, -1, -1], [0, 0, 0], [0, 1, 1]]",0.0,,,3.0,7.0,13.0,1.0,,
"[[0, -1, 0], [-1, 0, 0], [0, 1, 1]]",13.0,,3.0,,6.0,3.0,2.0,,
"[[0, -1, 0], [0, -1, 0], [0, 1, 1]]",11.0,,2.0,4.0,,5.0,0.0,,
"[[0, -1, 0], [0, 0, -1], [0, 1, 1]]",2.0,,7.0,7.0,4.0,,2.0,,
"[[0, -1, 0], [0, 0, 0], [-1, 1, 1]]",0.0,,0.0,6.0,1.0,0.0,,,
"[[1, 1, -1], [-1, 0, 0], [0, 0, 0]]",,,,,0.0,0.0,4.0,0.0,0.0
"[[1, 0, -1], [-1, 1, 0], [0, 0, 0]]",,8.0,,,,1.0,4.0,6.0,1.0
"[[1, 0, -1], [-1, 0, 1], [0, 0, 0]]",,2.0,,,0.0,,1.0,0.0,0.0
"[[1, 0, -1], [-1, 0, 0], [1, 0, 0]]",,1.0,,,0.0,1.0,,0.0,0.0
"[[1, 0, -1], [-1, 0, 0], [0, 1, 0]]",,0.0,,,0.0,1.0,2.0,,0.0
"[[1, 0, -1], [-1, 0, 0], [0, 0, 1]]",,7.0,,,0.0,0.0,0.0,2.0,
"[[1, 1, -1], [0, -1, 0], [0, 0, 0]]",,,,0.0,,0.0,0.0,1.0,1.0
"[[1, 0, -1], [1, -1, 0], [0, 0, 0]]",,4.0,,,,3.0,0.0,4.0,3.0
"[[1, 0, -1], [0, -1, 1], [0, 0, 0]]",,2.0,,0.0,,,0.0,0.0,1.0
"[[1, 0, -1], [0, -1, 0], [1, 0, 0]]",,2.0,,2.0,,9.0,,3.0,1.0
"[[1, 0, -1], [0, -1, 0], [0, 1, 0]]",,0.0,,1.0,,2.0,0.0,,2.0
"[[1, 0, -1], [0, -1, 0], [0, 0, 1]]",,0.0,,1.0,,1.0,0.0,0.0,
"[[1, 1, -1], [0, 0, -1], [0, 0, 0]]",,,,2.0,0.0,,0.0,2.0,0.0
"[[1, 0, -1], [1, 0, -1], [0, 0, 0]]",,3.0,,,1.0,,0.0,4.0,0.0
"[[1, 0, -1], [0, 1, -1], [0, 0, 0]]",,1.0,,2.0,,,3.0,8.0,0.0
"[[1, 0, -1], [0, 0, -1], [1, 0, 0]]",,2.0,,0.0,2.0,,,4.0,0.0
"[[1, 0, -1], [0, 0, -1], [0, 1, 0]]",,2.0,,0.0,1.0,,4.0,,0.0
"[[1, 0, -1], [0, 0, -1], [0, 0, 1]]",,2.0,,6.0,0.0,,3.0,2.0,
"[[1, 1, -1], [0, 0, 0], [-1, 0, 0]]",,,,0.0,0.0,0.0,,1.0,0.0
"[[1, 0, -1], [1, 0, 0], [-1, 0, 0]]",,1.0,,,0.0,1.0,,0.0,0.0
"[[1, 0, -1], [0, 1, 0], [-1, 0, 0]]",,0.0,,0.0,,2.0,,0.0,4.0
"[[1, 0, -1], [0, 0, 1], [-1, 0, 0]]",,3.0,,0.0,0.0,,,1.0,0.0
"[[1, 0, -1], [0, 0, 0], [-1, 1, 0]]",,1.0,,1.0,0.0,1.0,,,0.0
"[[1, 0, -1], [0, 0, 0], [-1, 0, 1]]",,2.0,,3.0,0.0,10.0,,7.0,
"[[1, 1, -1], [0, 0, 0], [0, -1, 0]]",,,,0.0,1.0,1.0,0.0,,0.0
"[[1, 0, -1], [1, 0, 0], [0, -1, 0]]",,13.0,,,4.0,1.0,1.0,,4.0
"[[1, 0, -1], [0, 1, 0], [0, -1, 0]]",,14.0,,2.0,,1.0,0.0,,0.0
"[[1, 0, -1], [0, 0, 1], [0, -1, 0]]",,0.0,,1.0,0.0,,0.0,,0.0
"[[1, 0, -1], [0, 0, 0], [1, -1, 0]]",,6.0,,1.0,0.0,0.0,,,1.0
"[[1, 0, -1], [0, 0, 0], [0, -1, 1]]",,0.0,,3.0,0.0,0.0,8.0,,
"[[1, 1, -1], [0, 0, 0], [0, 0, -1]]",,,,0.0,1.0,0.0,1.0,0.0,
"[[1, 0, -1], [1, 0, 0], [0, 0, -1]]",,4.0,,,3.0,0.0,0.0,1.0,
"[[1, 0, -1], [0, 1, 0], [0, 0, -1]]",,3.0,,0.0,,0.0,0.0,0.0,
"[[1, 0, -1], [0, 0, 1], [0, 0, -1]]",,6.0,,0.0,3.0,,0.0,1.0,
"[[1, 0, -1], [0, 0, 0], [1, 0, -1]]",,1.0,,0.0,3.0,0.0,,1.0,
"[[1, 0, -1], [0, 0, 0], [0, 1, -1]]",,1.0,,0.0,0.0,0.0,0.0,,
"[[0, 1, -1], [-1, 1, 0], [0, 0, 0]]",5.0,,,,,2.0,2.0,0.0,3.0
"[[0, 1, -1], [-1, 0, 1], [0, 0, 0]]",0.0,,,,0.0,,0.0,0.0,2.0
"[[0, 1, -1], [-1, 0, 0], [1, 0, 0]]",0.0,,,,3.0,0.0,,0.0,1.0
"[[0, 1, -1], [-1, 0, 0], [0, 1, 0]]",10.0,,,,0.0,3.0,5.0,,3.0
"[[0, 1, -1], [-1, 0, 0], [0, 0, 1]]",0.0,,,,0.0,5.0,1.0,0.0,
"[[0, 1, -1], [1, -1, 0], [0, 0, 0]]",0.0,,,,,0.0,0.0,0.0,2.0
"[[0, 1, -1], [0, -1, 1], [0, 0, 0]]",0.0,,,0.0,,,0.0,0.0,0.0
"[[0, 1, -1], [0, -1, 0], [1, 0, 0]]",0.0,,,0.0,,3.0,,0.0,1.0
"[[0, 1, -1], [0, -1, 0], [0, 1, 0]]",0.0,,,1.0,,0.0,0.0,,0.0
"[[0, 1, -1], [0, -1, 0], [0, 0, 1]]",0.0,,,0.0,,0.0,0.0,0.0,
"[[0, 1, -1], [1, 0, -1], [0, 0, 0]]",0.0,,,,2.0,,0.0,0.0,0.0
"[[0, 1, -1], [0, 1, -1], [0, 0, 0]]",1.0,,,4.0,,,4.0,0.0,0.0
"[[0, 1, -1], [0, 0, -1], [1, 0, 0]]",0.0,,,0.0,0.0,,,0.0,0.0
"[[0, 1, -1], [0, 0, -1], [0, 1, 0]]",3.0,,,2.0,1.0,,5.0,,0.0
"[[0, 1, -1], [0, 0, -1], [0, 0, 1]]",2.0,,,0.0,1.0,,1.0,3.0,
"[[0, 1, -1], [1, 0, 0], [-1, 0, 0]]",0.0,,,,0.0,0.0,,0.0,1.0
"[[0, 1, -1], [0, 1, 0], [-1, 0, 0]]",2.0,,,7.0,,2.0,,0.0,1.0
"[[0, 1, -1], [0, 0, 1], [-1, 0, 0]]",3.0,,,0.0,0.0,,,0.0,0.0
"[[0, 1, -1], [0, 0, 0], [-1, 1, 0]]",10.0,,,0.0,0.0,3.0,,,0.0
"[[0, 1, -1], [0, 0, 0], [-1, 0, 1]]",0.0,,,0.0,0.0,1.0,,0.0,
"[[0, 1, -1], [1, 0, 0], [0, -1, 0]]",0.0,,,,1.0,2.0,1.0,,0.0
"[[0, 1, -1], [0, 1, 0], [0, -1, 0]]",0.0,,,0.0,,0.0,0.0,,2.0
"[[0, 1, -1], [0, 0, 1], [0, -1, 0]]",0.0,,,0.0,0.0,,0.0,,2.0
"[[0, 1, -1], [0, 0, 0], [1, -1, 0]]",0.0,,,0.0,2.0,1.0,,,0.0
"[[0, 1, -1], [0, 0, 0], [0, -1, 1]]",0.0,,,0.0,0.0,2.0,0.0,,
"[[0, 1, -1], [1, 0, 0], [0, 0, -1]]",1.0,,,,0.0,0.0,1.0,0.0,
"[[0, 1, -1], [0, 1, 0], [0, 0, -1]]",0.0,,,0.0,,0.0,3.0,0.0,
"[[0, 1, -1], [0, 0, 1], [0, 0, -1]]",4.0,,,2.0,0.0,,0.0,0.0,
"[[0, 1, -1], [0, 0, 0], [1, 0, -1]]",0.0,,,0.0,1.0,0.0,,0.0,
"[[0, 1, -1], [0, 0, 0], [0, 1, -1]]",0.0,,,7.0,0.0,0.0,6.0,,
"[[0, 0, -1], [1, -1, 1], [0, 0, 0]]",0.0,0.0,,,,,0.0,1.0,0.0
"[[0, 0, -1], [1, -1, 0], [1, 0, 0]]",0.0,4.0,,,,0.0,,0.0,4.0
"[[0, 0, -1], [1, -1, 0], [0, 1, 0]]",0.0,0.0,,,,2.0,0.0,,0.0
"[[0, 0, -1], [1, -1, 0], [0, 0, 1]]",0.0,1.0,,,,2.0,0.0,2.0,
"[[0, 0, -1], [1, 1, -1], [0, 0, 0]]",0.0,0.0,,,,,0.0,1.0,0.0
"[[0, 0, -1], [1, 0, -1], [1, 0, 0]]",0.0,6.0,,,3.0,,,2.0,0.0
"[[0, 0, -1], [1, 0, -1], [0, 1, 0]]",3.0,2.0,,,0.0,,0.0,,0.0
"[[0, 0, -1], [1, 0, -1], [0, 0, 1]]",0.0,2.0,,,0.0,,1.0,1.0,
"[[0, 0, -1], [1, 1, 0], [-1, 0, 0]]",4.0,0.0,,,,0.0,,1.0,8.0
"[[0, 0, -1], [1, 0, 1], [-1, 0, 0]]",2.0,0.0,,,0.0,,,7.0,4.0
"[[0, 0, -1], [1, 0, 0], [-1, 1, 0]]",0.0,0.0,,,0.0,1.0,,,0.0
"[[0, 0, -1], [1, 0, 0], [-1, 0, 1]]",0.0,0.0,,,0.0,0.0,,2.0,
"[[0, 0, -1], [1, 1, 0], [0, -1, 0]]",2.0,0.0,,,,0.0,0.0,,5.0
"[[0, 0, -1], [1, 0, 1], [0, -1, 0]]",0.0,5.0,,,0.0,,2.0,,3.0
"[[0, 0, -1], [1, 0, 0], [1, -1, 0]]",0.0,4.0,,,0.0,4.0,,,8.0
"[[0, 0, -1], [1, 0, 0], [0, -1, 1]]",1.0,3.0,,,0.0,0.0,1.0,,
"[[0, 0, -1], [1, 1, 0], [0, 0, -1]]",0.0,2.0,,,,0.0,4.0,0.0,
"[[0, 0, -1], [1, 0, 1], [0, 0, -1]]",2.0,2.0,,,0.0,,3.0,7.0,
"[[0, 0, -1], [1, 0, 0], [1, 0, -1]]",0.0,0.0,,,5.0,0.0,,0.0,
"[[0, 0, -1], [1, 0, 0], [0, 1, -1]]",1.0,0.0,,,0.0,0.0,1.0,,
"[[0, 0, -1], [-1, 1, 1], [0, 0, 0]]",1.0,1.0,,,,,0.0,4.0,0.0
"[[0, 0, -1], [-1, 1, 0], [1, 0, 0]]",0.0,6.0,,,,0.0,,0.0,1.0
"[[0, 0, -1], [-1, 1, 0], [0, 1, 0]]",2.0,0.0,,,,9.0,1.0,,0.0
"[[0, 0, -1], [-1, 1, 0], [0, 0, 1]]",0.0,5.0,,,,3.0,0.0,1.0,
"[[0, 0, -1], [0, 1, -1], [1, 0, 0]]",1.0,1.0,,1.0,,,,1.0,0.0
"[[0, 0, -1], [0, 1, -1], [0, 1, 0]]",3.0,0.0,,3.0,,,12.0,,0.0
"[[0, 0, -1], [0, 1, -1], [0, 0, 1]]",4.0,0.0,,5.0,,,0.0,2.0,
"[[0, 0, -1], [0, 1, 1], [-1, 0, 0]]",6.0,2.0,,0.0,,,,3.0,2.0
"[[0, 0, -1], [0, 1, 0], [-1, 1, 0]]",1.0,3.0,,6.0,,6.0,,,7.0
"[[0, 0, -1], [0, 1, 0], [-1, 0, 1]]",0.0,2.0,,5.0,,1.0,,1.0,
"[[0, 0, -1], [0, 1, 1], [0, -1, 0]]",0.0,3.0,,0.0,,,6.0,,0.0
"[[0, 0, -1], [0, 1, 0], [1, -1, 0]]",0.0,1.0,,0.0,,2.0,,,0.0
"[[0, 0, -1], [0, 1, 0], [0, -1, 1]]",0.0,6.0,,0.0,,4.0,1.0,,
"[[0, 0, -1], [0, 1, 1], [0, 0, -1]]",0.0,4.0,,0.0,,,11.0,3.0,
"[[0, 0, -1], [0, 1, 0], [1, 0, -1]]",0.0,1.0,,1.0,,0.0,,0.0,
"[[0, 0, -1], [0, 1, 0], [0, 1, -1]]",5.0,0.0,,2.0,,0.0,4.0,,
"[[0, 0, -1], [-1, 0, 1], [1, 0, 0]]",1.0,0.0,,,0.0,,,0.0,0.0
"[[0, 0, -1], [-1, 0, 1], [0, 1, 0]]",0.0,1.0,,,0.0,,0.0,,2.0
"[[0, 0, -1], [-1, 0, 1], [0, 0, 1]]",0.0,1.0,,,3.0,,1.0,0.0,
"[[0, 0, -1], [0, -1, 1], [1, 0, 0]]",0.0,0.0,,2.0,,,,2.0,1.0
"[[0, 0, -1], [0, -1, 1], [0, 1, 0]]",0.0,1.0,,0.0,,,0.0,,0.0
"[[0, 0, -1], [0, -1, 1], [0, 0, 1]]",0.0,0.0,,0.0,,,0.0,0.0,
"[[0, 0, -1], [0, 0, 1], [-1, 1, 0]]",0.0,0.0,,1.0,0.0,,,,0.0
"[[0, 0, -1], [0, 0, 1], [-1, 0, 1]]",0.0,5.0,,0.0,0.0,,,1.0,
"[[0, 0, -1], [0, 0, 1], [1, -1, 0]]",0.0,1.0,,0.0,0.0,,,,1.0
"[[0, 0, -1], [0, 0, 1], [0, -1, 1]]",0.0,0.0,,2.0,0.0,,0.0,,
"[[0, 0, -1], [0, 0, 1], [1, 0, -1]]",1.0,1.0,,0.0,0.0,,,2.0,
"[[0, 0, -1], [0, 0, 1], [0, 1, -1]]",3.0,0.0,,1.0,0.0,,0.0,,
"[[0, 0, -1], [-1, 0, 0], [1, 1, 0]]",7.0,2.0,,,1.0,7.0,,,1.0
"[[0, 0, -1], [-1, 0, 0], [1, 0, 1]]",0.0,6.0,,,0.0,3.0,,1.0,
"[[0, 0, -1], [0, -1, 0], [1, 1, 0]]",1.0,1.0,,5.0,,0.0,,,0.0
"[[0, 0, -1], [0, -1, 0], [1, 0, 1]]",1.0,0.0,,2.0,,0.0,,0.0,
"[[0, 0, -1], [0, 0, -1], [1, 1, 0]]",0.0,4.0,,0.0,3.0,,,,0.0
"[[0, 0, -1], [0, 0, -1], [1, 0, 1]]",4.0,1.0,,1.0,1.0,,,1.0,
"[[0, 0, -1], [0, 0, 0], [1, -1, 1]]",0.0,0.0,,0.0,0.0,1.0,,,
"[[0, 0, -1], [0, 0, 0], [1, 1, -1]]",1.0,0.0,,0.0,0.0,0.0,,,
"[[0, 0, -1], [-1, 0, 0], [0, 1, 1]]",0.0,1.0,,,1.0,2.0,1.0,,
"[[0, 0, -1], [0, -1, 0], [0, 1, 1]]",2.0,2.0,,2.0,,9.0,0.0,,
"[[0, 0, -1], [0, 0, -1], [0, 1, 1]]",9.0,0.0,,2.0,2.0,,0.0,,
"[[0, 0, -1], [0, 0, 0], [-1, 1, 1]]",0.0,0.0,,1.0,0.0,0.0,,,
"[[1, 1, 0], [-1, -1, 0], [0, 0, 0]]",,,0.0,,,0.0,4.0,3.0,0.0
"[[1, 0, 1], [-1, -1, 0], [0, 0, 0]]",,0.0,,,,0.0,2.0,1.0,5.0
"[[1, 0, 0], [-1, -1, 1], [0, 0, 0]]",,0.0,0.0,,,,5.0,0.0,0.0
"[[1, 0, 0], [-1, -1, 0], [1, 0, 0]]",,1.0,0.0,,,0.0,,0.0,1.0
"[[1, 0, 0], [-1, -1, 0], [0, 1, 0]]",,0.0,1.0,,,0.0,0.0,,0.0
"[[1, 0, 0], [-1, -1, 0], [0, 0, 1]]",,1.0,0.0,,,0.0,3.0,0.0,
"[[1, 1, 0], [-1, 0, -1], [0, 0, 0]]",,,1.0,,0.0,,7.0,1.0,4.0
"[[1, 0, 1], [-1, 0, -1], [0, 0, 0]]",,0.0,,,0.0,,6.0,0.0,1.0
"[[1, 0, 0], [-1, 1, -1], [0, 0, 0]]",,1.0,2.0,,,,8.0,2.0,1.0
"[[1, 0, 0], [-1, 0, -1], [1, 0, 0]]",,4.0,1.0,,0.0,,,0.0,0.0
"[[1, 0, 0], [-1, 0, -1], [0, 1, 0]]",,2.0,2.0,,0.0,,6.0,,1.0
"[[1, 0, 0], [-1, 0, -1], [0, 0, 1]]",,4.0,3.0,,0.0,,1.0,4.0,
"[[1, 1, 0], [-1, 0, 0], [-1, 0, 0]]",,,1.0,,8.0,1.0,,0.0,1.0
"[[1, 0, 1], [-1, 0, 0], [-1, 0, 0]]",,1.0,,,5.0,0.0,,6.0,2.0
"[[1, 0, 0], [-1, 1, 0], [-1, 0, 0]]",,4.0,6.0,,,2.0,,8.0,1.0
"[[1, 0, 0], [-1, 0, 1], [-1, 0, 0]]",,1.0,1.0,,1.0,,,1.0,4.0
"[[1, 0, 0], [-1, 0, 0], [-1, 1, 0]]",,3.0,2.0,,0.0,4.0,,,1.0
"[[1, 0, 0], [-1, 0, 0], [-1, 0, 1]]",,3.0,1.0,,1.0,11.0,,3.0,
"[[1, 1, 0], [-1, 0, 0], [0, -1, 0]]",,,0.0,,3.0,9.0,5.0,,1.0
"[[1, 0, 1], [-1, 0, 0], [0, -1, 0]]",,0.0,,,4.0,4.0,4.0,,2.0
"[[1, 0, 0], [-1, 1, 0], [0, -1, 0]]",,6.0,3.0,,,4.0,7.0,,1.0
"[[1, 0, 0], [-1, 0, 1], [0, -1, 0]]",,2.0,3.0,,1.0,,3.0,,0.0
"[[1, 0, 0], [-1, 0, 0], [1, -1, 0]]",,2.0,0.0,,0.0,5.0,,,0.0
"[[1, 0, 0], [-1, 0, 0], [0, -1, 1]]",,7.0,6.0,,0.0,4.0,1.0,,
"[[1, 1, 0], [-1, 0, 0], [0, 0, -1]]",,,1.0,,2.0,9.0,1.0,1.0,
"[[1, 0, 1], [-1, 0, 0], [0, 0, -1]]",,2.0,,,4.0,1.0,0.0,2.0,
"[[1, 0, 0], [-1, 1, 0], [0, 0, -1]]",,0.0,0.0,,,4.0,0.0,1.0,
"[[1, 0, 0], [-1, 0, 1], [0, 0, -1]]",,0.0,0.0,,0.0,,0.0,0.0,
"[[1, 0, 0], [-1, 0, 0], [1, 0, -1]]",,0.0,0.0,,1.0,0.0,,4.0,
"[[1, 0, 0], [-1, 0, 0], [0, 1, -1]]",,0.0,0.0,,0.0,4.0,1.0,,
"[[0, 1, 1], [-1, -1, 0], [0, 0, 0]]",0.0,,,,,0.0,7.0,2.0,1.0
"[[0, 1, 0], [-1, -1, 1], [0, 0, 0]]",0.0,,0.0,,,,2.0,1.0,0.0
"[[0, 1, 0], [-1, -1, 0], [1, 0, 0]]",0.0,,0.0,,,0.0,,0.0,0.0
"[[0, 1, 0], [-1, -1, 0], [0, 1, 0]]",0.0,,2.0,,,0.0,0.0,,0.0
"[[0, 1, 0], [-1, -1, 0], [0, 0, 1]]",0.0,,0.0,,,0.0,0.0,0.0,
"[[0, 1, 1], [-1, 0, -1], [0, 0, 0]]",1.0,,,,0.0,,1.0,8.0,0.0
"[[0, 1, 0], [-1, 1, -1], [0, 0, 0]]",5.0,,3.0,,,,3.0,3.0,1.0
"[[0, 1, 0], [-1, 0, -1], [1, 0, 0]]",1.0,,0.0,,0.0,,,2.0,0.0
"[[0, 1, 0], [-1, 0, -1], [0, 1, 0]]",4.0,,2.0,,0.0,,6.0,,0.0
"[[0, 1, 0], [-1, 0, -1], [0, 0, 1]]",0.0,,6.0,,0.0,,1.0,2.0,
"[[0, 1, 1], [-1, 0, 0], [-1, 0, 0]]",0.0,,,,0.0,1.0,,3.0,3.0
"[[0, 1, 0], [-1, 1, 0], [-1, 0, 0]]",0.0,,1.0,,,6.0,,1.0,0.0
"[[0, 1, 0], [-1, 0, 1], [-1, 0, 0]]",0.0,,0.0,,2.0,,,4.0,0.0
"[[0, 1, 0], [-1, 0, 0], [-1, 1, 0]]",0.0,,1.0,,0.0,0.0,,,2.0
"[[0, 1, 0], [-1, 0, 0], [-1, 0, 1]]",0.0,,2.0,,0.0,2.0,,1.0,
"[[0, 1, 1], [-1, 0, 0], [0, -1, 0]]",2.0,,,,3.0,4.0,10.0,,9.0
"[[0, 1, 0], [-1, 1, 0], [0, -1, 0]]",0.0,,1.0,,,7.0,0.0,,0.0
"[[0, 1, 0], [-1, 0, 1], [0, -1, 0]]",0.0,,0.0,,0.0,,2.0,,0.0
"[[0, 1, 0], [-1, 0, 0], [1, -1, 0]]",1.0,,0.0,,1.0,2.0,,,0.0
"[[0, 1, 0], [-1, 0, 0], [0, -1, 1]]",0.0,,0.0,,1.0,6.0,6.0,,
"[[0, 1, 1], [-1, 0, 0], [0, 0, -1]]",0.0,,,,1.0,1.0,2.0,1.0,
"[[0, 1, 0], [-1, 1, 0], [0, 0, -1]]",3.0,,4.0,,,2.0,3.0,2.0,
"[[0, 1, 0], [-1, 0, 1], [0, 0, -1]]",0.0,,2.0,,2.0,,0.0,0.0,
"[[0, 1, 0], [-1, 0, 0], [1, 0, -1]]",0.0,,0.0,,1.0,1.0,,2.0,
"[[0, 1, 0], [-1, 0, 0], [0, 1, -1]]",4.0,,0.0,,1.0,2.0,8.0,,
"[[0, 0, 1], [-1, -1, 1], [0, 0, 0]]",0.0,1.0,,,,,2.0,4.0,0.0
"[[0, 0, 1], [-1, -1, 0], [1, 0, 0]]",4.0,0.0,,,,0.0,,2.0,0.0
"[[0, 0, 1], [-1, -1, 0], [0, 1, 0]]",1.0,5.0,,,,0.0,0.0,,0.0
"[[0, 0, 1], [-1, -1, 0], [0, 0, 1]]",0.0,5.0,,,,0.0,0.0,0.0,
"[[0, 0, 1], [-1, 1, -1], [0, 0, 0]]",2.0,4.0,,,,,1.0,3.0,9.0
"[[0, 0, 1], [-1, 0, -1], [1, 0, 0]]",3.0,4.0,,,0.0,,,4.0,2.0
"[[0, 0, 1], [-1, 0, -1], [0, 1, 0]]",2.0,2.0,,,0.0,,4.0,,3.0
"[[0, 0, 1], [-1, 0, -1], [0, 0, 1]]",3.0,4.0,,,0.0,,0.0,0.0,
"[[0, 0, 1], [-1, 1, 0], [-1, 0, 0]]",0.0,0.0,,,,2.0,,0.0,0.0
"[[0, 0, 1], [-1, 0, 1], [-1, 0, 0]]",0.0,0.0,,,7.0,,,0.0,0.0
"[[0, 0, 1], [-1, 0, 0], [-1, 1, 0]]",0.0,1.0,,,1.0,0.0,,,1.0
"[[0, 0, 1], [-1, 0, 0], [-1, 0, 1]]",0.0,2.0,,,0.0,0.0,,4.0,
"[[0, 0, 1], [-1, 1, 0], [0, -1, 0]]",2.0,1.0,,,,3.0,3.0,,1.0
"[[0, 0, 1], [-1, 0, 1], [0, -1, 0]]",1.0,7.0,,,5.0,,2.0,,0.0
"[[0, 0, 1], [-1, 0, 0], [1, -1, 0]]",6.0,6.0,,,0.0,4.0,,,9.0
"[[0, 0, 1], [-1, 0, 0], [0, -1, 1]]",5.0,3.0,,,4.0,0.0,2.0,,
"[[0, 0, 1], [-1, 1, 0], [0, 0, -1]]",0.0,2.0,,,,4.0,0.0,6.0,
"[[0, 0, 1], [-1, 0, 1], [0, 0, -1]]",0.0,1.0,,,0.0,,0.0,0.0,
"[[0, 0, 1], [-1, 0, 0], [1, 0, -1]]",7.0,2.0,,,0.0,4.0,,2.0,
"[[0, 0, 1], [-1, 0, 0], [0, 1, -1]]",0.0,0.0,,,1.0,4.0,1.0,,
"[[0, 0, 0], [-1, 1, -1], [1, 0, 0]]",1.0,9.0,0.0,,,,,3.0,4.0
"[[0, 0, 0], [-1, 1, -1], [0, 1, 0]]",6.0,2.0,8.0,,,,3.0,,3.0
"[[0, 0, 0], [-1, 1, -1], [0, 0, 1]]",2.0,2.0,3.0,,,,9.0,2.0,
"[[0, 0, 0], [-1, 1, 1], [-1, 0, 0]]",0.0,1.0,2.0,,,,,1.0,0.0
"[[0, 0, 0], [-1, 1, 0], [-1, 1, 0]]",0.0,1.0,5.0,,,4.0,,,0.0
"[[0, 0, 0], [-1, 1, 0], [-1, 0, 1]]",0.0,0.0,6.0,,,0.0,,4.0,
"[[0, 0, 0], [-1, 1, 1], [0, -1, 0]]",1.0,5.0,0.0,,,,0.0,,0.0
"[[0, 0, 0], [-1, 1, 0], [1, -1, 0]]",2.0,5.0,1.0,,,3.0,,,0.0
"[[0, 0, 0], [-1, 1, 0], [0, -1, 1]]",0.0,6.0,2.0,,,6.0,1.0,,
"[[0, 0, 0], [-1, 1, 1], [0, 0, -1]]",0.0,0.0,4.0,,,,1.0,0.0,
"[[0, 0, 0], [-1, 1, 0], [1, 0, -1]]",0.0,2.0,2.0,,,4.0,,1.0,
"[[0, 0, 0], [-1, 1, 0], [0, 1, -1]]",8.0,1.0,0.0,,,3.0,1.0,,
"[[0, 0, 0], [-1, -1, 1], [1, 0, 0]]",0.0,1.0,0.0,,,,,0.0,0.0
"[[0, 0, 0], [-1, -1, 1], [0, 1, 0]]",3.0,2.0,0.0,,,,0.0,,0.0
"[[0, 0, 0], [-1, -1, 1], [0, 0, 1]]",2.0,1.0,0.0,,,,2.0,0.0,
"[[0, 0, 0], [-1, 0, 1], [-1, 1, 0]]",0.0,1.0,2.0,,0.0,,,,0.0
"[[0, 0, 0], [-1, 0, 1], [-1, 0, 1]]",0.0,4.0,0.0,,0.0,,,2.0,
"[[0, 0, 0], [-1, 0, 1], [1, -1, 0]]",0.0,1.0,0.0,,1.0,,,,1.0
"[[0, 0, 0], [-1, 0, 1], [0, -1, 1]]",4.0,4.0,0.0,,3.0,,2.0,,
"[[0, 0, 0], [-1, 0, 1], [1, 0, -1]]",2.0,0.0,0.0,,0.0,,,0.0,
"[[0, 0, 0], [-1, 0, 1], [0, 1, -1]]",2.0,0.0,0.0,,0.0,,1.0,,
"[[0, 0, 0], [-1, -1, 0], [1, 1, 0]]",8.0,2.0,0.0,,,0.0,,,0.0
"[[0, 0, 0], [-1, -1, 0], [1, 0, 1]]",3.0,2.0,5.0,,,0.0,,0.0,
"[[0, 0, 0], [-1, 0, -1], [1, 1, 0]]",13.0,1.0,2.0,,0.0,,,,0.0
"[[0, 0, 0], [-1, 0, -1], [1, 0, 1]]",1.0,0.0,0.0,,0.0,,,4.0,
"[[0, 0, 0], [-1, 0, 0], [1, -1, 1]]",6.0,0.0,1.0,,0.0,2.0,,,
"[[0, 0, 0], [-1, 0, 0], [1, 1, -1]]",4.0,0.0,0.0,,0.0,2.0,,,
"[[0, 0, 0], [-1, -1, 0], [0, 1, 1]]",1.0,0.0,0.0,,,0.0,0.0,,
"[[0, 0, 0], [-1, 0, -1], [0, 1, 1]]",5.0,2.0,11.0,,0.0,,3.0,,
"[[0, 0, 0], [-1, 0, 0], [-1, 1, 1]]",0.0,0.0,0.0,,0.0,2.0,,,
"[[1, 1, 0], [0, -1, -1], [0, 0, 0]]",,,0.0,0.0,,,4.0,1.0,0.0
"[[1, 0, 1], [0, -1, -1], [0, 0, 0]]",,0.0,,0.0,,,2.0,0.0,5.0
"[[1, 0, 0], [1, -1, -1], [0, 0, 0]]",,0.0,1.0,,,,0.0,10.0,8.0
"[[1, 0, 0], [0, -1, -1], [1, 0, 0]]",,0.0,0.0,0.0,,,,3.0,2.0
"[[1, 0, 0], [0, -1, -1], [0, 1, 0]]",,0.0,1.0,0.0,,,0.0,,0.0
"[[1, 0, 0], [0, -1, -1], [0, 0, 1]]",,3.0,0.0,0.0,,,0.0,1.0,
"[[1, 1, 0], [0, -1, 0], [-1, 0, 0]]",,,0.0,0.0,,2.0,,5.0,5.0
"[[1, 0, 1], [0, -1, 0], [-1, 0, 0]]",,1.0,,0.0,,2.0,,0.0,4.0
"[[1, 0, 0], [1, -1, 0], [-1, 0, 0]]",,0.0,0.0,,,1.0,,0.0,1.0
"[[1, 0, 0], [0, -1, 1], [-1, 0, 0]]",,0.0,0.0,1.0,,,,1.0,0.0
"[[1, 0, 0], [0, -1, 0], [-1, 1, 0]]",,0.0,0.0,0.0,,0.0,,,2.0
"[[1, 0, 0], [0, -1, 0], [-1, 0, 1]]",,1.0,0.0,0.0,,0.0,,0.0,
"[[1, 1, 0], [0, -1, 0], [0, -1, 0]]",,,1.0,1.0,,7.0,2.0,,3.0
"[[1, 0, 1], [0, -1, 0], [0, -1, 0]]",,0.0,,0.0,,0.0,3.0,,1.0
"[[1, 0, 0], [1, -1, 0], [0, -1, 0]]",,0.0,0.0,,,2.0,0.0,,3.0
"[[1, 0, 0], [0, -1, 1], [0, -1, 0]]",,0.0,0.0,1.0,,,1.0,,0.0
"[[1, 0, 0], [0, -1, 0], [1, -1, 0]]",,0.0,0.0,1.0,,2.0,,,4.0
"[[1, 0, 0], [0, -1, 0], [0, -1, 1]]",,0.0,0.0,1.0,,1.0,1.0,,
"[[1, 1, 0], [0, -1, 0], [0, 0, -1]]",,,0.0,2.0,,0.0,2.0,1.0,
"[[1, 0, 1], [0, -1, 0], [0, 0, -1]]",,0.0,,2.0,,3.0,1.0,6.0,
"[[1, 0, 0], [1, -1, 0], [0, 0, -1]]",,2.0,9.0,,,0.0,1.0,1.0,
"[[1, 0, 0], [0, -1, 1], [0, 0, -1]]",,0.0,3.0,2.0,,,0.0,1.0,
"[[1, 0, 0], [0, -1, 0], [1, 0, -1]]",,2.0,2.0,0.0,,1.0,,0.0,
"[[1, 0, 0], [0, -1, 0], [0, 1, -1]]",,0.0,0.0,0.0,,1.0,0.0,,
"[[0, 1, 1], [0, -1, -1], [0, 0, 0]]",0.0,,,0.0,,,6.0,3.0,4.0
"[[0, 1, 0], [1, -1, -1], [0, 0, 0]]",0.0,,0.0,,,,0.0,1.0,1.0
"[[0, 1, 0], [0, -1, -1], [1, 0, 0]]",0.0,,1.0,0.0,,,,0.0,0.0
"[[0, 1, 0], [0, -1, -1], [0, 1, 0]]",0.0,,0.0,0.0,,,1.0,,0.0
"[[0, 1, 0], [0, -1, -1], [0, 0, 1]]",0.0,,1.0,0.0,,,0.0,1.0,
"[[0, 1, 1], [0, -1, 0], [-1, 0, 0]]",1.0,,,1.0,,0.0,,0.0,6.0
"[[0, 1, 0], [1, -1, 0], [-1, 0, 0]]",0.0,,0.0,,,0.0,,0.0,0.0
"[[0, 1, 0], [0, -1, 1], [-1, 0, 0]]",0.0,,0.0,1.0,,,,0.0,0.0
"[[0, 1, 0], [0, -1, 0], [-1, 1, 0]]",0.0,,0.0,0.0,,0.0,,,0.0
"[[0, 1, 0], [0, -1, 0], [-1, 0, 1]]",0.0,,0.0,0.0,,0.0,,0.0,
"[[0, 1, 1], [0, -1, 0], [0, -1, 0]]",1.0,,,2.0,,4.0,11.0,,2.0
"[[0, 1, 0], [1, -1, 0], [0, -1, 0]]",0.0,,0.0,,,5.0,0.0,,1.0
"[[0, 1, 0], [0, -1, 1], [0, -1, 0]]",3.0,,0.0,1.0,,,1.0,,0.0
"[[0, 1, 0], [0, -1, 0], [1, -1, 0]]",0.0,,1.0,0.0,,3.0,,,1.0
"[[0, 1, 0], [0, -1, 0], [0, -1, 1]]",0.0,,0.0,2.0,,1.0,1.0,,
"[[0, 1, 1], [0, -1, 0], [0, 0, -1]]",0.0,,,2.0,,1.0,0.0,0.0,
"[[0, 1, 0], [1, -1, 0], [0, 0, -1]]",0.0,,0.0,,,0.0,0.0,3.0,
"[[0, 1, 0], [0, -1, 1], [0, 0, -1]]",0.0,,0.0,2.0,,,0.0,0.0,
"[[0, 1, 0], [0, -1, 0], [1, 0, -1]]",0.0,,0.0,0.0,,0.0,,0.0,
"[[0, 1, 0], [0, -1, 0], [0, 1, -1]]",0.0,,0.0,0.0,,1.0,2.0,,
"[[0, 0, 1], [1, -1, -1], [0, 0, 0]]",0.0,1.0,,,,,0.0,2.0,1.0
"[[0, 0, 1], [0, -1, -1], [1, 0, 0]]",0.0,0.0,,0.0,,,,0.0,2.0
"[[0, 0, 1], [0, -1, -1], [0, 1, 0]]",0.0,1.0,,0.0,,,0.0,,0.0
"[[0, 0, 1], [0, -1, -1], [0, 0, 1]]",1.0,1.0,,0.0,,,0.0,0.0,
"[[0, 0, 1], [1, -1, 0], [-1, 0, 0]]",0.0,0.0,,,,4.0,,1.0,0.0
"[[0, 0, 1], [0, -1, 1], [-1, 0, 0]]",0.0,6.0,,2.0,,,,3.0,0.0
"[[0, 0, 1], [0, -1, 0], [-1, 1, 0]]",0.0,1.0,,1.0,,0.0,,,0.0
"[[0, 0, 1], [0, -1, 0], [-1, 0, 1]]",4.0,2.0,,2.0,,0.0,,1.0,
"[[0, 0, 1], [1, -1, 0], [0, -1, 0]]",0.0,0.0,,,,0.0,1.0,,1.0
"[[0, 0, 1], [0, -1, 1], [0, -1, 0]]",1.0,0.0,,3.0,,,0.0,,0.0
"[[0, 0, 1], [0, -1, 0], [1, -1, 0]]",0.0,0.0,,0.0,,0.0,,,0.0
"[[0, 0, 1], [0, -1, 0], [0, -1, 1]]",4.0,0.0,,2.0,,0.0,4.0,,
"[[0, 0, 1], [1, -1, 0], [0, 0, -1]]",0.0,0.0,,,,3.0,0.0,0.0,
"[[0, 0, 1], [0, -1, 1], [0, 0, -1]]",0.0,0.0,,0.0,,,0.0,0.0,
"[[0, 0, 1], [0, -1, 0], [1, 0, -1]]",0.0,0.0,,0.0,,0.0,,1.0,
"[[0, 0, 1], [0, -1, 0], [0, 1, -1]]",0.0,0.0,,0.0,,0.0,1.0,,
"[[0, 0, 0], [1, -1, -1], [1, 0, 0]]",3.0,1.0,8.0,,,,,0.0,0.0
"[[0, 0, 0], [1, -1, -1], [0, 1, 0]]",0.0,2.0,0.0,,,,0.0,,0.0
"[[0, 0, 0], [1, -1, -1], [0, 0, 1]]",2.0,3.0,6.0,,,,0.0,1.0,
"[[0, 0, 0], [1, -1, 1], [-1, 0, 0]]",0.0,0.0,0.0,,,,,0.0,0.0
"[[0, 0, 0], [1, -1, 0], [-1, 1, 0]]",0.0,0.0,0.0,,,0.0,,,0.0
"[[0, 0, 0], [1, -1, 0], [-1, 0, 1]]",0.0,2.0,0.0,,,0.0,,0.0,
"[[0, 0, 0], [1, -1, 1], [0, -1, 0]]",0.0,0.0,2.0,,,,0.0,,0.0
"[[0, 0, 0], [1, -1, 0], [1, -1, 0]]",0.0,0.0,0.0,,,0.0,,,6.0
"[[0, 0, 0], [1, -1, 0], [0, -1, 1]]",0.0,0.0,0.0,,,1.0,0.0,,
"[[0, 0, 0], [1, -1, 1], [0, 0, -1]]",0.0,0.0,1.0,,,,0.0,0.0,
"[[0, 0, 0], [1, -1, 0], [1, 0, -1]]",0.0,1.0,2.0,,,0.0,,5.0,
"[[0, 0, 0], [1, -1, 0], [0, 1, -1]]",0.0,3.0,0.0,,,0.0,0.0,,
"[[0, 0, 0], [0, -1, 1], [-1, 1, 0]]",0.0,0.0,0.0,0.0,,,,,0.0
"[[0, 0, 0], [0, -1, 1], [-1, 0, 1]]",0.0,2.0,0.0,3.0,,,,2.0,
"[[0, 0, 0], [0, -1, 1], [1, -1, 0]]",0.0,0.0,0.0,5.0,,,,,0.0
"[[0, 0, 0], [0, -1, 1], [0, -1, 1]]",0.0,0.0,0.0,2.0,,,5.0,,
"[[0, 0, 0], [0, -1, 1], [1, 0, -1]]",0.0,0.0,0.0,0.0,,,,2.0,
"[[0, 0, 0], [0, -1, 1], [0, 1, -1]]",0.0,0.0,0.0,0.0,,,0.0,,
"[[0, 0, 0], [0, -1, -1], [1, 1, 0]]",1.0,0.0,1.0,0.0,,,,,0.0
"[[0, 0, 0], [0, -1, -1], [1, 0, 1]]",2.0,2.0,0.0,0.0,,,,0.0,
"[[0, 0, 0], [0, -1, 0], [1, -1, 1]]",1.0,0.0,1.0,0.0,,0.0,,,
"[[0, 0, 0], [0, -1, 0], [1, 1, -1]]",0.0,2.0,0.0,0.0,,0.0,,,
"[[0, 0, 0], [0, -1, -1], [0, 1, 1]]",1.0,0.0,3.0,0.0,,,0.0,,
"[[0, 0, 0], [0, -1, 0], [-1, 1, 1]]",1.0,0.0,0.0,0.0,,0.0,,,
"[[1, 1, 0], [0, 0, -1], [-1, 0, 0]]",,,2.0,1.0,1.0,,,2.0,7.0
"[[1, 0, 1], [0, 0, -1], [-1, 0, 0]]",,1.0,,4.0,2.0,,,0.0,4.0
"[[1, 0, 0], [1, 0, -1], [-1, 0, 0]]",,1.0,1.0,,1.0,,,1.0,0.0
"[[1, 0, 0], [0, 1, -1], [-1, 0, 0]]",,0.0,2.0,10.0,,,,0.0,0.0
"[[1, 0, 0], [0, 0, -1], [-1, 1, 0]]",,0.0,0.0,2.0,0.0,,,,1.0
"[[1, 0, 0], [0, 0, -1], [-1, 0, 1]]",,0.0,2.0,5.0,1.0,,,2.0,
"[[1, 1, 0], [0, 0, -1], [0, -1, 0]]",,,0.0,0.0,0.0,,6.0,,1.0
"[[1, 0, 1], [0, 0, -1], [0, -1, 0]]",,1.0,,5.0,2.0,,0.0,,1.0
"[[1, 0, 0], [1, 0, -1], [0, -1, 0]]",,2.0,4.0,,7.0,,0.0,,0.0
"[[1, 0, 0], [0, 1, -1], [0, -1, 0]]",,5.0,5.0,4.0,,,0.0,,1.0
"[[1, 0, 0], [0, 0, -1], [1, -1, 0]]",,3.0,8.0,1.0,0.0,,,,3.0
"[[1, 0, 0], [0, 0, -1], [0, -1, 1]]",,1.0,1.0,0.0,1.0,,4.0,,
"[[1, 1, 0], [0, 0, -1], [0, 0, -1]]",,,0.0,4.0,0.0,,2.0,0.0,
"[[1, 0, 1], [0, 0, -1], [0, 0, -1]]",,1.0,,0.0,6.0,,3.0,4.0,
"[[1, 0, 0], [1, 0, -1], [0, 0, -1]]",,0.0,0.0,,5.0,,0.0,1.0,
"[[1, 0, 0], [0, 1, -1], [0, 0, -1]]",,1.0,0.0,0.0,,,1.0,4.0,
"[[1, 0, 0], [0, 0, -1], [1, 0, -1]]",,4.0,0.0,0.0,2.0,,,4.0,
"[[1, 0, 0], [0, 0, -1], [0, 1, -1]]",,0.0,0.0,0.0,6.0,,1.0,,
"[[0, 1, 1], [0, 0, -1], [-1, 0, 0]]",0.0,,,6.0,2.0,,,1.0,3.0
"[[0, 1, 0], [1, 0, -1], [-1, 0, 0]]",0.0,,0.0,,1.0,,,2.0,0.0
"[[0, 1, 0], [0, 1, -1], [-1, 0, 0]]",0.0,,1.0,1.0,,,,1.0,6.0
"[[0, 1, 0], [0, 0, -1], [-1, 1, 0]]",3.0,,5.0,2.0,0.0,,,,3.0
"[[0, 1, 0], [0, 0, -1], [-1, 0, 1]]",0.0,,3.0,1.0,0.0,,,0.0,
"[[0, 1, 1], [0, 0, -1], [0, -1, 0]]",0.0,,,3.0,8.0,,6.0,,5.0
"[[0, 1, 0], [1, 0, -1], [0, -1, 0]]",0.0,,1.0,,1.0,,1.0,,0.0
"[[0, 1, 0], [0, 1, -1], [0, -1, 0]]",0.0,,2.0,2.0,,,4.0,,1.0
"[[0, 1, 0], [0, 0, -1], [1, -1, 0]]",0.0,,1.0,1.0,1.0,,,,5.0
"[[0, 1, 0], [0, 0, -1], [0, -1, 1]]",0.0,,2.0,0.0,0.0,,0.0,,
"[[0, 1, 1], [0, 0, -1], [0, 0, -1]]",0.0,,,1.0,0.0,,4.0,9.0,
"[[0, 1, 0], [1, 0, -1], [0, 0, -1]]",1.0,,0.0,,2.0,,0.0,1.0,
"[[0, 1, 0], [0, 1, -1], [0, 0, -1]]",5.0,,0.0,3.0,,,1.0,2.0,
"[[0, 1, 0], [0, 0, -1], [1, 0, -1]]",3.0,,0.0,1.0,1.0,,,0.0,
"[[0, 1, 0], [0, 0, -1], [0, 1, -1]]",5.0,,0.0,0.0,0.0,,0.0,,
"[[0, 0, 1], [1, 0, -1], [-1, 0, 0]]",0.0,0.0,,,3.0,,,0.0,1.0
"[[0, 0, 1], [0, 1, -1], [-1, 0, 0]]",0.0,0.0,,3.0,,,,1.0,0.0
"[[0, 0, 1], [0, 0, -1], [-1, 1, 0]]",0.0,0.0,,2.0,1.0,,,,1.0
"[[0, 0, 1], [0, 0, -1], [-1, 0, 1]]",0.0,1.0,,0.0,0.0,,,1.0,
"[[0, 0, 1], [1, 0, -1], [0, -1, 0]]",0.0,0.0,,,0.0,,0.0,,5.0
"[[0, 0, 1], [0, 1, -1], [0, -1, 0]]",0.0,1.0,,1.0,,,1.0,,7.0
"[[0, 0, 1], [0, 0, -1], [1, -1, 0]]",2.0,8.0,,7.0,1.0,,,,2.0
"[[0, 0, 1], [0, 0, -1], [0, -1, 1]]",1.0,1.0,,4.0,0.0,,1.0,,
"[[0, 0, 1], [1, 0, -1], [0, 0, -1]]",0.0,0.0,,,1.0,,0.0,3.0,
"[[0, 0, 1], [0, 1, -1], [0, 0, -1]]",1.0,0.0,,4.0,,,0.0,10.0,
"[[0, 0, 1], [0, 0, -1], [1, 0, -1]]",0.0,4.0,,2.0,0.0,,,13.0,
"[[0, 0, 1], [0, 0, -1], [0, 1, -1]]",0.0,1.0,,5.0,1.0,,1.0,,
"[[0, 0, 0], [1, 1, -1], [-1, 0, 0]]",1.0,3.0,0.0,,,,,0.0,1.0
"[[0, 0, 0], [1, 0, -1], [-1, 1, 0]]",0.0,0.0,2.0,,0.0,,,,0.0
"[[0, 0, 0], [1, 0, -1], [-1, 0, 1]]",0.0,0.0,4.0,,0.0,,,0.0,
"[[0, 0, 0], [1, 1, -1], [0, -1, 0]]",1.0,2.0,1.0,,,,0.0,,2.0
"[[0, 0, 0], [1, 0, -1], [1, -1, 0]]",0.0,6.0,4.0,,7.0,,,,4.0
"[[0, 0, 0], [1, 0, -1], [0, -1, 1]]",0.0,0.0,1.0,,0.0,,0.0,,
"[[0, 0, 0], [1, 1, -1], [0, 0, -1]]",2.0,0.0,0.0,,,,0.0,0.0,
"[[0, 0, 0], [1, 0, -1], [1, 0, -1]]",0.0,3.0,0.0,,0.0,,,5.0,
"[[0, 0, 0], [1, 0, -1], [0, 1, -1]]",0.0,1.0,0.0,,1.0,,1.0,,
"[[0, 0, 0], [0, 1, -1], [-1, 1, 0]]",2.0,0.0,9.0,0.0,,,,,5.0
"[[0, 0, 0], [0, 1, -1], [-1, 0, 1]]",0.0,4.0,3.0,1.0,,,,5.0,
"[[0, 0, 0], [0, 1, -1], [1, -1, 0]]",2.0,4.0,1.0,0.0,,,,,9.0
"[[0, 0, 0], [0, 1, -1], [0, -1, 1]]",0.0,0.0,2.0,8.0,,,0.0,,
"[[0, 0, 0], [0, 1, -1], [1, 0, -1]]",2.0,0.0,0.0,1.0,,,,3.0,
"[[0, 0, 0], [0, 1, -1], [0, 1, -1]]",6.0,0.0,0.0,6.0,,,1.0,,
"[[0, 0, 0], [0, 0, -1], [1, -1, 1]]",0.0,1.0,0.0,4.0,0.0,,,,
"[[0, 0, 0], [0, 0, -1], [1, 1, -1]]",1.0,2.0,0.0,1.0,0.0,,,,
"[[0, 0, 0], [0, 0, -1], [-1, 1, 1]]",0.0,1.0,0.0,3.0,0.0,,,,
"[[1, 1, 0], [0, 0, 0], [-1, -1, 0]]",,,1.0,4.0,0.0,0.0,,,0.0
"[[1, 0, 1], [0, 0, 0], [-1, -1, 0]]",,0.0,,3.0,1.0,5.0,,,0.0
"[[1, 0, 0], [1, 0, 0], [-1, -1, 0]]",,1.0,1.0,,0.0,0.0,,,0.0
"[[1, 0, 0], [0, 1, 0], [-1, -1, 0]]",,2.0,3.0,1.0,,6.0,,,0.0
"[[1, 0, 0], [0, 0, 1], [-1, -1, 0]]",,4.0,0.0,1.0,0.0,,,,0.0
"[[1, 0, 0], [0, 0, 0], [-1, -1, 1]]",,6.0,2.0,3.0,0.0,3.0,,,
"[[1, 1, 0], [0, 0, 0], [-1, 0, -1]]",,,0.0,4.0,2.0,0.0,,0.0,
"[[1, 0, 1], [0, 0, 0], [-1, 0, -1]]",,0.0,,2.0,2.0,4.0,,0.0,
"[[1, 0, 0], [1, 0, 0], [-1, 0, -1]]",,0.0,0.0,,1.0,1.0,,0.0,
"[[1, 0, 0], [0, 1, 0], [-1, 0, -1]]",,0.0,1.0,0.0,,1.0,,0.0,
"[[1, 0, 0], [0, 0, 1], [-1, 0, -1]]",,3.0,0.0,0.0,0.0,,,0.0,
"[[1, 0, 0], [0, 0, 0], [-1, 1, -1]]",,0.0,0.0,1.0,1.0,5.0,,,
"[[0, 1, 1], [0, 0, 0], [-1, -1, 0]]",1.0,,,3.0,10.0,1.0,,,0.0
"[[0, 1, 0], [1, 0, 0], [-1, -1, 0]]",1.0,,0.0,,2.0,0.0,,,0.0
"[[0, 1, 0], [0, 1, 0], [-1, -1, 0]]",1.0,,0.0,0.0,,0.0,,,0.0
"[[0, 1, 0], [0, 0, 1], [-1, -1, 0]]",1.0,,1.0,0.0,2.0,,,,0.0
"[[0, 1, 0], [0, 0, 0], [-1, -1, 1]]",0.0,,2.0,4.0,0.0,0.0,,,
"[[0, 1, 1], [0, 0, 0], [-1, 0, -1]]",0.0,,,4.0,4.0,2.0,,0.0,
"[[0, 1, 0], [1, 0, 0], [-1, 0, -1]]",0.0,,0.0,,0.0,4.0,,0.0,
"[[0, 1, 0], [0, 1, 0], [-1, 0, -1]]",6.0,,1.0,0.0,,0.0,,0.0,
"[[0, 1, 0], [0, 0, 1], [-1, 0, -1]]",0.0,,2.0,1.0,0.0,,,0.0,
"[[0, 1, 0], [0, 0, 0], [-1, 1, -1]]",3.0,,2.0,11.0,0.0,0.0,,,
"[[0, 0, 1], [1, 0, 0], [-1, -1, 0]]",0.0,1.0,,,3.0,0.0,,,0.0
"[[0, 0, 1], [0, 1, 0], [-1, -1, 0]]",1.0,2.0,,0.0,,2.0,,,0.0
"[[0, 0, 1], [0, 0, 1], [-1, -1, 0]]",6.0,4.0,,3.0,1.0,,,,0.0
"[[0, 0, 1], [0, 0, 0], [-1, -1, 1]]",0.0,0.0,,10.0,2.0,2.0,,,
"[[0, 0, 1], [1, 0, 0], [-1, 0, -1]]",2.0,0.0,,,0.0,0.0,,0.0,
"[[0, 0, 1], [0, 1, 0], [-1, 0, -1]]",0.0,0.0,,0.0,,2.0,,0.0,
"[[0, 0, 1], [0, 0, 1], [-1, 0, -1]]",0.0,0.0,,0.0,1.0,,,0.0,
"[[0, 0, 1], [0, 0, 0], [-1, 1, -1]]",0.0,0.0,,1.0,1.0,2.0,,,
"[[0, 0, 0], [1, 1, 0], [-1, -1, 0]]",6.0,1.0,0.0,,,0.0,,,0.0
"[[0, 0, 0], [1, 0, 1], [-1, -1, 0]]",2.0,0.0,4.0,,0.0,,,,0.0
"[[0, 0, 0], [1, 0, 0], [-1, -1, 1]]",1.0,0.0,1.0,,0.0,1.0,,,
"[[0, 0, 0], [1, 1, 0], [-1, 0, -1]]",4.0,1.0,2.0,,,0.0,,0.0,
"[[0, 0, 0], [1, 0, 1], [-1, 0, -1]]",1.0,4.0,4.0,,0.0,,,0.0,
"[[0, 0, 0], [1, 0, 0], [-1, 1, -1]]",0.0,0.0,1.0,,0.0,0.0,,,
"[[0, 0, 0], [0, 1, 1], [-1, -1, 0]]",0.0,0.0,12.0,1.0,,,,,0.0
"[[0, 0, 0], [0, 1, 0], [-1, -1, 1]]",3.0,1.0,0.0,2.0,,1.0,,,
"[[0, 0, 0], [0, 1, 1], [-1, 0, -1]]",1.0,0.0,4.0,1.0,,,,0.0,
"[[0, 0, 0], [0, 1, 0], [-1, 1, -1]]",1.0,0.0,1.0,5.0,,2.0,,,
"[[0, 0, 0], [0, 0, 1], [-1, -1, 1]]",6.0,6.0,1.0,2.0,6.0,,,,
"[[0, 0, 0], [0, 0, 1], [-1, 1, -1]]",0.0,0.0,0.0,0.0,0.0,,,,
"[[1, 1, 0], [0, 0, 0], [0, -1, -1]]",,,0.0,0.0,5.0,3.0,0.0,,
"[[1, 0, 1], [0, 0, 0], [0, -1, -1]]",,0.0,,0.0,12.0,0.0,0.0,,
"[[1, 0, 0], [1, 0, 0], [0, -1, -1]]",,4.0,7.0,,2.0,1.0,0.0,,
"[[1, 0, 0], [0, 1, 0], [0, -1, -1]]",,2.0,1.0,1.0,,1.0,0.0,,
"[[1, 0, 0], [0, 0, 1], [0, -1, -1]]",,1.0,0.0,0.0,0.0,,0.0,,
"[[1, 0, 0], [0, 0, 0], [1, -1, -1]]",,4.0,0.0,0.0,4.0,12.0,,,
"[[0, 1, 1], [0, 0, 0], [0, -1, -1]]",0.0,,,5.0,1.0,0.0,0.0,,
"[[0, 1, 0], [1, 0, 0], [0, -1, -1]]",0.0,,0.0,,0.0,0.0,0.0,,
"[[0, 1, 0], [0, 1, 0], [0, -1, -1]]",0.0,,0.0,0.0,,3.0,0.0,,
"[[0, 1, 0], [0, 0, 1], [0, -1, -1]]",0.0,,0.0,0.0,0.0,,0.0,,
"[[0, 1, 0], [0, 0, 0], [1, -1, -1]]",1.0,,2.0,0.0,0.0,0.0,,,
"[[0, 0, 1], [1, 0, 0], [0, -1, -1]]",1.0,0.0,,,1.0,7.0,0.0,,
"[[0, 0, 1], [0, 1, 0], [0, -1, -1]]",9.0,1.0,,2.0,,0.0,0.0,,
"[[0, 0, 1], [0, 0, 1], [0, -1, -1]]",0.0,1.0,,0.0,0.0,,0.0,,
"[[0, 0, 1], [0, 0, 0], [1, -1, -1]]",0.0,2.0,,7.0,1.0,2.0,,,
"[[0, 0, 0], [1, 1, 0], [0, -1, -1]]",10.0,2.0,0.0,,,1.0,0.0,,
"[[0, 0, 0], [1, 0, 1], [0, -1, -1]]",0.0,1.0,0.0,,0.0,,0.0,,
"[[0, 0, 0], [1, 0, 0], [1, -1, -1]]",1.0,4.0,15.0,,0.0,1.0,,,
"[[0, 0, 0], [0, 1, 1], [0, -1, -1]]",3.0,2.0,2.0,3.0,,,0.0,,
"[[0, 0, 0], [0, 1, 0], [1, -1, -1]]",1.0,1.0,2.0,4.0,,6.0,,,
"[[0, 0, 0], [0, 0, 1], [1, -1, -1]]",1.0,3.0,1.0,0.0,0.0,,,,
"[[-1, 1, -1], [1, -1, 0], [0, 0, 0]]",,,,,,0.0,0.0,0.0,0.0
"[[-1, 1, -1], [1, 0, -1], [0, 0, 0]]",,,,,-1.0,,0.0,-1.0,0.0
"[[-1, 1, -1], [1, 0, 0], [-1, 0, 0]]",,,,,-9.0,-2.0,,-6.0,0.0
"[[-1, 1, -1], [1, 0, 0], [0, -1, 0]]",,,,,-4.0,-2.0,0.0,,0.0
"[[-1, 1, -1], [1, 0, 0], [0, 0, -1]]",,,,,-4.0,-1.0,0.0,0.0,
"[[-1, 1, -1], [-1, 1, 0], [0, 0, 0]]",,,,,,-2.0,-1.0,-18.0,0.0
"[[-1, 1, -1], [0, 1, -1], [0, 0, 0]]",,,,-1.0,,,0.0,-12.0,-2.0
"[[-1, 1, -1], [0, 1, 0], [-1, 0, 0]]",,,,-3.0,,-2.0,,-4.0,0.0
"[[-1, 1, -1], [0, 1, 0], [0, -1, 0]]",,,,-3.0,,-3.0,0.0,,0.0
"[[-1, 1, -1], [0, 1, 0], [0, 0, -1]]",,,,-3.0,,-3.0,-1.0,-4.0,
"[[-1, 1, -1], [-1, 0, 1], [0, 0, 0]]",,,,,-2.0,,0.0,-2.0,0.0
"[[-1, 1, -1], [0, -1, 1], [0, 0, 0]]",,,,0.0,,,0.0,0.0,0.0
"[[-1, 1, -1], [0, 0, 1], [-1, 0, 0]]",,,,-2.0,-5.0,,,-1.0,0.0
"[[-1, 1, -1], [0, 0, 1], [0, -1, 0]]",,,,-2.0,0.0,,0.0,,0.0
"[[-1, 1, -1], [0, 0, 1], [0, 0, -1]]",,,,-4.0,-12.0,,0.0,-2.0,
"[[-1, 1, -1], [-1, 0, 0], [1, 0, 0]]",,,,,-2.0,0.0,,-2.0,0.0
"[[-1, 1, -1], [0, -1, 0], [1, 0, 0]]",,,,0.0,,0.0,,-1.0,0.0
"[[-1, 1, -1], [0, 0, -1], [1, 0, 0]]",,,,0.0,-1.0,,,-1.0,-1.0
"[[-1, 1, -1], [0, 0, 0], [1, -1, 0]]",,,,0.0,0.0,0.0,,,0.0
"[[-1, 1, -1], [0, 0, 0], [1, 0, -1]]",,,,0.0,-1.0,0.0,,-1.0,
"[[-1, 1, -1], [-1, 0, 0], [0, 1, 0]]",,,,,-10.0,-3.0,-9.0,,-3.0
"[[-1, 1, -1], [0, -1, 0], [0, 1, 0]]",,,,0.0,,0.0,-1.0,,-3.0
"[[-1, 1, -1], [0, 0, -1], [0, 1, 0]]",,,,-2.0,-18.0,,-5.0,,-3.0
"[[-1, 1, -1], [0, 0, 0], [-1, 1, 0]]",,,,-1.0,-14.0,-2.0,,,0.0
"[[-1, 1, -1], [0, 0, 0], [0, 1, -1]]",,,,-2.0,-8.0,-2.0,0.0,,
"[[-1, 1, -1], [-1, 0, 0], [0, 0, 1]]",,,,,0.0,0.0,-3.0,-4.0,
"[[-1, 1, -1], [0, -1, 0], [0, 0, 1]]",,,,0.0,,0.0,-3.0,0.0,
"[[-1, 1, -1], [0, 0, -1], [0, 0, 1]]",,,,0.0,-2.0,,-1.0,-5.0,
"[[-1, 1, -1], [0, 0, 0], [-1, 0, 1]]",,,,0.0,-1.0,0.0,,0.0,
"[[-1, 1, -1], [0, 0, 0], [0, -1, 1]]",,,,0.0,0.0,0.0,0.0,,
"[[-1, 1, 1], [-1, -1, 0], [0, 0, 0]]",,,,,,-2.0,0.0,0.0,-3.0
"[[-1, 1, 1], [-1, 0, -1], [0, 0, 0]]",,,,,-1.0,,-2.0,-1.0,0.0
"[[-1, 1, 1], [-1, 0, 0], [0, -1, 0]]",,,,,-2.0,-1.0,-2.0,,0.0
"[[-1, 1, 1], [-1, 0, 0], [0, 0, -1]]",,,,,-3.0,0.0,-5.0,-1.0,
"[[-1, 1, 0], [-1, 1, -1], [0, 0, 0]]",,,-6.0,,,,-5.0,-10.0,-4.0
"[[-1, 1, 0], [-1, 1, 0], [0, -1, 0]]",,,-3.0,,,0.0,-2.0,,0.0
"[[-1, 1, 0], [-1, 1, 0], [0, 0, -1]]",,,-4.0,,,0.0,-3.0,-10.0,
"[[-1, 1, 0], [-1, -1, 1], [0, 0, 0]]",,,0.0,,,,0.0,0.0,-1.0
"[[-1, 1, 0], [-1, 0, 1], [0, -1, 0]]",,,-2.0,,0.0,,0.0,,-3.0
"[[-1, 1, 0], [-1, 0, 1], [0, 0, -1]]",,,0.0,,-1.0,,0.0,0.0,
"[[-1, 1, 0], [-1, -1, 0], [1, 0, 0]]",,,0.0,,,0.0,,0.0,-1.0
"[[-1, 1, 0], [-1, 0, -1], [1, 0, 0]]",,,-1.0,,-3.0,,,-4.0,0.0
"[[-1, 1, 0], [-1, 0, 0], [1, -1, 0]]",,,-1.0,,-3.0,0.0,,,0.0
"[[-1, 1, 0], [-1, 0, 0], [1, 0, -1]]",,,-2.0,,-7.0,0.0,,-3.0,
"[[-1, 1, 0], [-1, -1, 0], [0, 1, 0]]",,,0.0,,,0.0,0.0,,-2.0
"[[-1, 1, 0], [-1, 0, -1], [0, 1, 0]]",,,-2.0,,-6.0,,0.0,,-3.0
"[[-1, 1, 0], [-1, 0, 0], [0, 1, -1]]",,,-1.0,,-26.0,-1.0,-1.0,,
"[[-1, 1, 0], [-1, -1, 0], [0, 0, 1]]",,,0.0,,,-1.0,0.0,-1.0,
"[[-1, 1, 0], [-1, 0, -1], [0, 0, 1]]",,,0.0,,-2.0,,0.0,-3.0,
"[[-1, 1, 0], [-1, 0, 0], [0, -1, 1]]",,,0.0,,0.0,-2.0,0.0,,
"[[-1, 1, 1], [0, -1, -1], [0, 0, 0]]",,,,0.0,,,0.0,0.0,0.0
"[[-1, 1, 1], [0, -1, 0], [-1, 0, 0]]",,,,0.0,,-1.0,,0.0,-2.0
"[[-1, 1, 1], [0, -1, 0], [0, -1, 0]]",,,,0.0,,-1.0,0.0,,-2.0
"[[-1, 1, 0], [1, -1, -1], [0, 0, 0]]",,,0.0,,,,0.0,0.0,0.0
"[[-1, 1, 0], [1, -1, 0], [-1, 0, 0]]",,,0.0,,,0.0,,0.0,0.0
"[[-1, 1, 0], [1, -1, 0], [0, -1, 0]]",,,0.0,,,0.0,0.0,,0.0
"[[-1, 1, 0], [0, -1, 1], [-1, 0, 0]]",,,-4.0,0.0,,,,0.0,-1.0
"[[-1, 1, 0], [0, -1, 1], [0, -1, 0]]",,,-3.0,0.0,,,0.0,,-4.0
"[[-1, 1, 0], [0, -1, -1], [1, 0, 0]]",,,0.0,0.0,,,,0.0,-1.0
"[[-1, 1, 0], [0, -1, 0], [1, -1, 0]]",,,0.0,0.0,,0.0,,,0.0
"[[-1, 1, 0], [0, -1, -1], [0, 1, 0]]",,,0.0,0.0,,,-2.0,,-1.0
"[[-1, 1, 0], [0, -1, 0], [-1, 1, 0]]",,,0.0,0.0,,0.0,,,0.0
"[[-1, 1, 0], [0, -1, -1], [0, 0, 1]]",,,0.0,0.0,,,0.0,-3.0,
"[[-1, 1, 0], [0, -1, 0], [-1, 0, 1]]",,,-1.0,0.0,,-1.0,,0.0,
"[[-1, 1, 0], [0, -1, 0], [0, -1, 1]]",,,-3.0,0.0,,-2.0,0.0,,
"[[-1, 1, 1], [0, 0, -1], [-1, 0, 0]]",,,,0.0,-1.0,,,0.0,0.0
"[[-1, 1, 1], [0, 0, -1], [0, -1, 0]]",,,,0.0,-1.0,,-2.0,,0.0
"[[-1, 1, 1], [0, 0, -1], [0, 0, -1]]",,,,0.0,-7.0,,-3.0,-4.0,
"[[-1, 1, 0], [1, 0, -1], [-1, 0, 0]]",,,0.0,,-3.0,,,-3.0,0.0
"[[-1, 1, 0], [1, 0, -1], [0, -1, 0]]",,,0.0,,0.0,,0.0,,0.0
"[[-1, 1, 0], [1, 0, -1], [0, 0, -1]]",,,0.0,,-5.0,,0.0,0.0,
"[[-1, 1, 0], [0, 1, -1], [-1, 0, 0]]",,,-1.0,-1.0,,,,-12.0,-2.0
"[[-1, 1, 0], [0, 1, -1], [0, -1, 0]]",,,-1.0,0.0,,,-2.0,,0.0
"[[-1, 1, 0], [0, 1, -1], [0, 0, -1]]",,,-10.0,-5.0,,,-2.0,-30.0,
"[[-1, 1, 0], [0, 0, -1], [1, -1, 0]]",,,-2.0,0.0,-1.0,,,,0.0
"[[-1, 1, 0], [0, 0, -1], [1, 0, -1]]",,,-4.0,0.0,-5.0,,,-1.0,
"[[-1, 1, 0], [0, 0, -1], [-1, 1, 0]]",,,-3.0,-4.0,-28.0,,,,-2.0
"[[-1, 1, 0], [0, 0, -1], [0, 1, -1]]",,,-2.0,-1.0,-12.0,,-2.0,,
"[[-1, 1, 0], [0, 0, -1], [-1, 0, 1]]",,,0.0,0.0,-1.0,,,-2.0,
"[[-1, 1, 0], [0, 0, -1], [0, -1, 1]]",,,0.0,0.0,0.0,,0.0,,
"[[-1, 1, 1], [0, 0, 0], [-1, -1, 0]]",,,,0.0,0.0,-1.0,,,0.0
"[[-1, 1, 1], [0, 0, 0], [-1, 0, -1]]",,,,0.0,-2.0,0.0,,0.0,
"[[-1, 1, 0], [1, 0, 0], [-1, -1, 0]]",,,0.0,,-2.0,-3.0,,,0.0
"[[-1, 1, 0], [1, 0, 0], [-1, 0, -1]]",,,0.0,,-4.0,-2.0,,-1.0,
"[[-1, 1, 0], [0, 1, 0], [-1, -1, 0]]",,,0.0,0.0,,-3.0,,,0.0
"[[-1, 1, 0], [0, 1, 0], [-1, 0, -1]]",,,0.0,-3.0,,-2.0,,-18.0,
"[[-1, 1, 0], [0, 0, 1], [-1, -1, 0]]",,,0.0,-1.0,-2.0,,,,-2.0
"[[-1, 1, 0], [0, 0, 1], [-1, 0, -1]]",,,0.0,0.0,-2.0,,,-1.0,
"[[-1, 1, 0], [0, 0, 0], [-1, 1, -1]]",,,-1.0,-1.0,-4.0,-1.0,,,
"[[-1, 1, 0], [0, 0, 0], [-1, -1, 1]]",,,0.0,0.0,0.0,-1.0,,,
"[[-1, 1, 1], [0, 0, 0], [0, -1, -1]]",,,,0.0,-1.0,0.0,-2.0,,
"[[-1, 1, 0], [1, 0, 0], [0, -1, -1]]",,,0.0,,-2.0,0.0,0.0,,
"[[-1, 1, 0], [0, 1, 0], [0, -1, -1]]",,,-5.0,-1.0,,0.0,-1.0,,
"[[-1, 1, 0], [0, 0, 1], [0, -1, -1]]",,,0.0,0.0,0.0,,0.0,,
"[[-1, 1, 0], [0, 0, 0], [1, -1, -1]]",,,-3.0,0.0,-2.0,0.0,,,
"[[-1, -1, 1], [1, -1, 0], [0, 0, 0]]",,,,,,-1.0,0.0,0.0,-1.0
"[[-1, -1, 1], [1, 0, -1], [0, 0, 0]]",,,,,-3.0,,-2.0,0.0,0.0
"[[-1, -1, 1], [1, 0, 0], [-1, 0, 0]]",,,,,-3.0,-10.0,,0.0,-2.0
"[[-1, -1, 1], [1, 0, 0], [0, -1, 0]]",,,,,-9.0,-7.0,-7.0,,-5.0
"[[-1, -1, 1], [1, 0, 0], [0, 0, -1]]",,,,,-5.0,-1.0,-1.0,0.0,
"[[-1, -1, 1], [-1, 1, 0], [0, 0, 0]]",,,,,,-6.0,-24.0,-2.0,-5.0
"[[-1, -1, 1], [0, 1, -1], [0, 0, 0]]",,,,-1.0,,,-16.0,-5.0,-5.0
"[[-1, -1, 1], [0, 1, 0], [-1, 0, 0]]",,,,-1.0,,-10.0,,0.0,-2.0
"[[-1, -1, 1], [0, 1, 0], [0, -1, 0]]",,,,-15.0,,-13.0,-20.0,,-15.0
"[[-1, -1, 1], [0, 1, 0], [0, 0, -1]]",,,,-4.0,,-3.0,-10.0,-2.0,
"[[-1, -1, 1], [-1, 0, 1], [0, 0, 0]]",,,,,-6.0,,-11.0,-3.0,-28.0
"[[-1, -1, 1], [0, -1, 1], [0, 0, 0]]",,,,-1.0,,,-1.0,-1.0,-6.0
"[[-1, -1, 1], [0, 0, 1], [-1, 0, 0]]",,,,-7.0,-6.0,,,-5.0,-20.0
"[[-1, -1, 1], [0, 0, 1], [0, -1, 0]]",,,,-5.0,-5.0,,-3.0,,-10.0
"[[-1, -1, 1], [0, 0, 1], [0, 0, -1]]",,,,-2.0,-4.0,,-1.0,0.0,
"[[-1, -1, 1], [-1, 0, 0], [1, 0, 0]]",,,,,-14.0,-8.0,,-9.0,-6.0
"[[-1, -1, 1], [0, -1, 0], [1, 0, 0]]",,,,0.0,,-3.0,,-1.0,-3.0
"[[-1, -1, 1], [0, 0, -1], [1, 0, 0]]",,,,-3.0,-8.0,,,-3.0,-5.0
"[[-1, -1, 1], [0, 0, 0], [1, -1, 0]]",,,,-2.0,-12.0,-2.0,,,-4.0
"[[-1, -1, 1], [0, 0, 0], [1, 0, -1]]",,,,-4.0,-18.0,-4.0,,-5.0,
"[[-1, -1, 1], [-1, 0, 0], [0, 1, 0]]",,,,,-4.0,-5.0,-5.0,,-8.0
"[[-1, -1, 1], [0, -1, 0], [0, 1, 0]]",,,,0.0,,-6.0,-7.0,,-12.0
"[[-1, -1, 1], [0, 0, -1], [0, 1, 0]]",,,,0.0,-4.0,,-10.0,,-4.0
"[[-1, -1, 1], [0, 0, 0], [-1, 1, 0]]",,,,0.0,0.0,-2.0,,,-6.0
"[[-1, -1, 1], [0, 0, 0], [0, 1, -1]]",,,,0.0,-2.0,0.0,-3.0,,
"[[-1, -1, 1], [-1, 0, 0], [0, 0, 1]]",,,,,-5.0,-20.0,-6.0,-6.0,
"[[-1, -1, 1], [0, -1, 0], [0, 0, 1]]",,,,-1.0,,-2.0,-2.0,-9.0,
"[[-1, -1, 1], [0, 0, -1], [0, 0, 1]]",,,,0.0,-4.0,,-4.0,0.0,
"[[-1, -1, 1], [0, 0, 0], [-1, 0, 1]]",,,,-1.0,-4.0,-12.0,,-1.0,
"[[-1, -1, 1], [0, 0, 0], [0, -1, 1]]",,,,-3.0,-4.0,-16.0,-5.0,,
"[[-1, 0, 1], [-1, 1, -1], [0, 0, 0]]",,-4.0,,,,,-4.0,-4.0,-3.0
"[[-1, 0, 1], [-1, 1, 0], [0, -1, 0]]",,-1.0,,,,-2.0,-6.0,,-1.0
"[[-1, 0, 1], [-1, 1, 0], [0, 0, -1]]",,-1.0,,,,-2.0,-6.0,-2.0,
"[[-1, 0, 1], [-1, -1, 1], [0, 0, 0]]",,-1.0,,,,,-2.0,-1.0,-12.0
"[[-1, 0, 1], [-1, 0, 1], [0, -1, 0]]",,-1.0,,,-3.0,,-3.0,,-8.0
"[[-1, 0, 1], [-1, 0, 1], [0, 0, -1]]",,0.0,,,-1.0,,-2.0,0.0,
"[[-1, 0, 1], [-1, -1, 0], [1, 0, 0]]",,0.0,,,,-3.0,,-1.0,-4.0
"[[-1, 0, 1], [-1, 0, -1], [1, 0, 0]]",,-2.0,,,-6.0,,,-4.0,-3.0
"[[-1, 0, 1], [-1, 0, 0], [1, -1, 0]]",,-1.0,,,-20.0,-3.0,,,-7.0
"[[-1, 0, 1], [-1, 0, 0], [1, 0, -1]]",,-2.0,,,-10.0,-1.0,,-2.0,
"[[-1, 0, 1], [-1, -1, 0], [0, 1, 0]]",,0.0,,,,-2.0,-1.0,,-1.0
"[[-1, 0, 1], [-1, 0, -1], [0, 1, 0]]",,-1.0,,,-2.0,,-3.0,,-1.0
"[[-1, 0, 1], [-1, 0, 0], [0, 1, -1]]",,-1.0,,,-5.0,0.0,-1.0,,
"[[-1, 0, 1], [-1, -1, 0], [0, 0, 1]]",,0.0,,,,-16.0,-1.0,-3.0,
"[[-1, 0, 1], [-1, 0, -1], [0, 0, 1]]",,0.0,,,-6.0,,-5.0,-4.0,
"[[-1, 0, 1], [-1, 0, 0], [0, -1, 1]]",,0.0,,,-5.0,-10.0,-4.0,,
"[[-1, 0, 1], [1, -1, -1], [0, 0, 0]]",,0.0,,,,,0.0,0.0,0.0
"[[-1, 0, 1], [1, -1, 0], [-1, 0, 0]]",,0.0,,,,-4.0,,0.0,-2.0
"[[-1, 0, 1], [1, -1, 0], [0, -1, 0]]",,0.0,,,,-1.0,0.0,,0.0
"[[-1, 0, 1], [0, -1, 1], [-1, 0, 0]]",,-1.0,,0.0,,,,-1.0,-2.0
"[[-1, 0, 1], [0, -1, 1], [0, -1, 0]]",,-4.0,,0.0,,,0.0,,-6.0
"[[-1, 0, 1], [0, -1, -1], [1, 0, 0]]",,0.0,,0.0,,,,0.0,0.0
"[[-1, 0, 1], [0, -1, 0], [1, -1, 0]]",,0.0,,0.0,,-1.0,,,0.0
"[[-1, 0, 1], [0, -1, -1], [0, 1, 0]]",,0.0,,0.0,,,-1.0,,0.0
"[[-1, 0, 1], [0, -1, 0], [-1, 1, 0]]",,0.0,,0.0,,-2.0,,,-2.0
"[[-1, 0, 1], [0, -1, -1], [0, 0, 1]]",,0.0,,0.0,,,-2.0,-1.0,
"[[-1, 0, 1], [0, -1, 0], [-1, 0, 1]]",,-1.0,,-1.0,,-6.0,,-2.0,
"[[-1, 0, 1], [0, -1, 0], [0, -1, 1]]",,-2.0,,-2.0,,-8.0,-3.0,,
"[[-1, 0, 1], [1, 0, -1], [-1, 0, 0]]",,0.0,,,0.0,,,0.0,0.0
"[[-1, 0, 1], [1, 0, -1], [0, -1, 0]]",,0.0,,,-1.0,,-1.0,,0.0
"[[-1, 0, 1], [1, 0, -1], [0, 0, -1]]",,0.0,,,-1.0,,-1.0,0.0,
"[[-1, 0, 1], [0, 1, -1], [-1, 0, 0]]",,-1.0,,0.0,,,,0.0,0.0
"[[-1, 0, 1], [0, 1, -1], [0, -1, 0]]",,-1.0,,0.0,,,-14.0,,-3.0
"[[-1, 0, 1], [0, 1, -1], [0, 0, -1]]",,-1.0,,-1.0,,,-2.0,-3.0,
"[[-1, 0, 1], [0, 0, -1], [1, -1, 0]]",,-1.0,,-2.0,-2.0,,,,-1.0
"[[-1, 0, 1], [0, 0, -1], [1, 0, -1]]",,-2.0,,-2.0,-4.0,,,-1.0,
"[[-1, 0, 1], [0, 0, -1], [-1, 1, 0]]",,0.0,,0.0,0.0,,,,0.0
"[[-1, 0, 1], [0, 0, -1], [0, 1, -1]]",,-1.0,,0.0,-5.0,,-1.0,,
"[[-1, 0, 1], [0, 0, -1], [-1, 0, 1]]",,0.0,,0.0,0.0,,,0.0,
"[[-1, 0, 1], [0, 0, -1], [0, -1, 1]]",,0.0,,0.0,-3.0,,-1.0,,
"[[-1, 0, 1], [1, 0, 0], [-1, -1, 0]]",,0.0,,,0.0,-5.0,,,-1.0
"[[-1, 0, 1], [1, 0, 0], [-1, 0, -1]]",,0.0,,,-1.0,-2.0,,0.0,
"[[-1, 0, 1], [0, 1, 0], [-1, -1, 0]]",,0.0,,0.0,,-3.0,,,-3.0
"[[-1, 0, 1], [0, 1, 0], [-1, 0, -1]]",,0.0,,-1.0,,-1.0,,0.0,
"[[-1, 0, 1], [0, 0, 1], [-1, -1, 0]]",,0.0,,0.0,0.0,,,,-12.0
"[[-1, 0, 1], [0, 0, 1], [-1, 0, -1]]",,0.0,,-1.0,-1.0,,,0.0,
"[[-1, 0, 1], [0, 0, 0], [-1, 1, -1]]",,-1.0,,0.0,-1.0,0.0,,,
"[[-1, 0, 1], [0, 0, 0], [-1, -1, 1]]",,0.0,,-4.0,0.0,-2.0,,,
"[[-1, 0, 1], [1, 0, 0], [0, -1, -1]]",,0.0,,,-3.0,-2.0,-6.0,,
"[[-1, 0, 1], [0, 1, 0], [0, -1, -1]]",,-2.0,,-7.0,,-4.0,-12.0,,
"[[-1, 0, 1], [0, 0, 1], [0, -1, -1]]",,0.0,,0.0,-2.0,,-1.0,,
"[[-1, 0, 1], [0, 0, 0], [1, -1, -1]]",,-1.0,,-1.0,-14.0,-2.0,,,
"[[-1, -1, 0], [1, 1, -1], [0, 0, 0]]",,,-3.0,,,,-2.0,0.0,0.0
"[[-1, -1, 0], [1, 1, 0], [-1, 0, 0]]",,,-2.0,,,-2.0,,-1.0,-1.0
"[[-1, -1, 0], [1, 1, 0], [0, -1, 0]]",,,-5.0,,,-14.0,-5.0,,-3.0
"[[-1, -1, 0], [1, 1, 0], [0, 0, -1]]",,,-5.0,,,-12.0,-5.0,-3.0,
"[[-1, -1, 0], [1, -1, 1], [0, 0, 0]]",,,0.0,,,,0.0,0.0,-1.0
"[[-1, -1, 0], [1, 0, 1], [-1, 0, 0]]",,,-4.0,,-10.0,,,-3.0,-8.0
"[[-1, -1, 0], [1, 0, 1], [0, -1, 0]]",,,-4.0,,-12.0,,-1.0,,-4.0
"[[-1, -1, 0], [1, 0, 1], [0, 0, -1]]",,,-2.0,,-22.0,,-1.0,-1.0,
"[[-1, -1, 0], [1, -1, 0], [1, 0, 0]]",,,0.0,,,0.0,,-2.0,-1.0
"[[-1, -1, 0], [1, 0, -1], [1, 0, 0]]",,,-2.0,,-4.0,,,-3.0,-1.0
"[[-1, -1, 0], [1, 0, 0], [1, -1, 0]]",,,0.0,,-4.0,-1.0,,,0.0
"[[-1, -1, 0], [1, 0, 0], [1, 0, -1]]",,,-6.0,,-7.0,-1.0,,0.0,
"[[-1, -1, 0], [1, -1, 0], [0, 1, 0]]",,,0.0,,,0.0,-5.0,,-2.0
"[[-1, -1, 0], [1, 0, -1], [0, 1, 0]]",,,0.0,,0.0,,-2.0,,-3.0
"[[-1, -1, 0], [1, 0, 0], [-1, 1, 0]]",,,0.0,,-1.0,-2.0,,,0.0
"[[-1, -1, 0], [1, 0, 0], [0, 1, -1]]",,,0.0,,-1.0,-1.0,0.0,,
"[[-1, -1, 0], [1, -1, 0], [0, 0, 1]]",,,-1.0,,,-2.0,-1.0,-1.0,
"[[-1, -1, 0], [1, 0, -1], [0, 0, 1]]",,,0.0,,0.0,,-2.0,-3.0,
"[[-1, -1, 0], [1, 0, 0], [-1, 0, 1]]",,,-1.0,,-1.0,-6.0,,0.0,
"[[-1, -1, 0], [1, 0, 0], [0, -1, 1]]",,,0.0,,-1.0,-1.0,0.0,,
"[[-1, 0, -1], [1, 1, -1], [0, 0, 0]]",,-1.0,,,,,0.0,-1.0,0.0
"[[-1, 0, -1], [1, 1, 0], [-1, 0, 0]]",,-6.0,,,,-20.0,,-5.0,-4.0
"[[-1, 0, -1], [1, 1, 0], [0, -1, 0]]",,-2.0,,,,-6.0,0.0,,-1.0
"[[-1, 0, -1], [1, 1, 0], [0, 0, -1]]",,-1.0,,,,-12.0,-2.0,-2.0,
"[[-1, 0, -1], [1, -1, 1], [0, 0, 0]]",,0.0,,,,,0.0,0.0,0.0
"[[-1, 0, -1], [1, 0, 1], [-1, 0, 0]]",,-3.0,,,-8.0,,,-2.0,-1.0
"[[-1, 0, -1], [1, 0, 1], [0, -1, 0]]",,-1.0,,,-2.0,,-1.0,,-1.0
"[[-1, 0, -1], [1, 0, 1], [0, 0, -1]]",,-1.0,,,-24.0,,0.0,-2.0,
"[[-1, 0, -1], [1, -1, 0], [1, 0, 0]]",,0.0,,,,0.0,,-1.0,-1.0
"[[-1, 0, -1], [1, 0, -1], [1, 0, 0]]",,0.0,,,0.0,,,0.0,-2.0
"[[-1, 0, -1], [1, 0, 0], [1, -1, 0]]",,0.0,,,0.0,-1.0,,,0.0
"[[-1, 0, -1], [1, 0, 0], [1, 0, -1]]",,0.0,,,0.0,-2.0,,0.0,
"[[-1, 0, -1], [1, -1, 0], [0, 1, 0]]",,0.0,,,,0.0,-1.0,,0.0
"[[-1, 0, -1], [1, 0, -1], [0, 1, 0]]",,-2.0,,,-2.0,,-1.0,,-2.0
"[[-1, 0, -1], [1, 0, 0], [-1, 1, 0]]",,-3.0,,,-4.0,-1.0,,,0.0
"[[-1, 0, -1], [1, 0, 0], [0, 1, -1]]",,-1.0,,,-1.0,0.0,0.0,,
"[[-1, 0, -1], [1, -1, 0], [0, 0, 1]]",,0.0,,,,0.0,0.0,-1.0,
"[[-1, 0, -1], [1, 0, -1], [0, 0, 1]]",,0.0,,,0.0,,0.0,-1.0,
"[[-1, 0, -1], [1, 0, 0], [-1, 0, 1]]",,0.0,,,-1.0,-1.0,,0.0,
"[[-1, 0, -1], [1, 0, 0], [0, -1, 1]]",,0.0,,,-1.0,-1.0,0.0,,
"[[-1, 0, 0], [1, -1, 1], [-1, 0, 0]]",,0.0,-3.0,,,,,0.0,0.0
"[[-1, 0, 0], [1, -1, 1], [0, -1, 0]]",,0.0,-1.0,,,,0.0,,0.0
"[[-1, 0, 0], [1, -1, -1], [1, 0, 0]]",,0.0,0.0,,,,,-2.0,-4.0
"[[-1, 0, 0], [1, -1, 0], [1, -1, 0]]",,0.0,0.0,,,0.0,,,0.0
"[[-1, 0, 0], [1, -1, -1], [0, 1, 0]]",,0.0,0.0,,,,-2.0,,-1.0
"[[-1, 0, 0], [1, -1, 0], [-1, 1, 0]]",,0.0,0.0,,,0.0,,,0.0
"[[-1, 0, 0], [1, -1, -1], [0, 0, 1]]",,0.0,0.0,,,,-3.0,-1.0,
"[[-1, 0, 0], [1, -1, 0], [-1, 0, 1]]",,0.0,0.0,,,-1.0,,0.0,
"[[-1, 0, 0], [1, -1, 0], [0, -1, 1]]",,0.0,-1.0,,,-2.0,0.0,,
"[[-1, 0, 0], [1, 1, -1], [-1, 0, 0]]",,-3.0,0.0,,,,,-1.0,0.0
"[[-1, 0, 0], [1, 1, -1], [0, -1, 0]]",,0.0,-1.0,,,,-1.0,,0.0
"[[-1, 0, 0], [1, 1, -1], [0, 0, -1]]",,-2.0,0.0,,,,-2.0,-2.0,
"[[-1, 0, 0], [1, 0, -1], [1, -1, 0]]",,0.0,-2.0,,-3.0,,,,0.0
"[[-1, 0, 0], [1, 0, -1], [1, 0, -1]]",,0.0,0.0,,-1.0,,,0.0,
"[[-1, 0, 0], [1, 0, -1], [-1, 1, 0]]",,-1.0,0.0,,-4.0,,,,0.0
"[[-1, 0, 0], [1, 0, -1], [0, 1, -1]]",,0.0,0.0,,-1.0,,0.0,,
"[[-1, 0, 0], [1, 0, -1], [-1, 0, 1]]",,0.0,0.0,,0.0,,,0.0,
"[[-1, 0, 0], [1, 0, -1], [0, -1, 1]]",,0.0,0.0,,0.0,,0.0,,
"[[-1, 0, 0], [1, 1, 0], [-1, -1, 0]]",,-1.0,-2.0,,,-22.0,,,-1.0
"[[-1, 0, 0], [1, 1, 0], [-1, 0, -1]]",,-4.0,-3.0,,,-4.0,,-4.0,
"[[-1, 0, 0], [1, 0, 1], [-1, -1, 0]]",,-2.0,-3.0,,-12.0,,,,-4.0
"[[-1, 0, 0], [1, 0, 1], [-1, 0, -1]]",,-2.0,-1.0,,-4.0,,,-2.0,
"[[-1, 0, 0], [1, 0, 0], [-1, 1, -1]]",,-6.0,0.0,,-7.0,-5.0,,,
"[[-1, 0, 0], [1, 0, 0], [-1, -1, 1]]",,0.0,-1.0,,-3.0,-3.0,,,
"[[-1, 0, 0], [1, 1, 0], [0, -1, -1]]",,0.0,-3.0,,,-18.0,-4.0,,
"[[-1, 0, 0], [1, 0, 1], [0, -1, -1]]",,-2.0,-4.0,,-16.0,,-6.0,,
"[[-1, 0, 0], [1, 0, 0], [1, -1, -1]]",,0.0,-2.0,,-5.0,-4.0,,,
"[[-1, -1, 0], [-1, 1, 1], [0, 0, 0]]",,,-2.0,,,,-3.0,0.0,0.0
"[[-1, -1, 0], [0, 1, 1], [-1, 0, 0]]",,,-5.0,-14.0,,,,-2.0,-2.0
"[[-1, -1, 0], [0, 1, 1], [0, -1, 0]]",,,-10.0,-20.0,,,-9.0,,-5.0
"[[-1, -1, 0], [0, 1, 1], [0, 0, -1]]",,,-2.0,-18.0,,,-8.0,0.0,
"[[-1, -1, 0], [-1, 1, 0], [1, 0, 0]]",,,-14.0,,,-2.0,,-5.0,-4.0
"[[-1, -1, 0], [0, 1, -1], [1, 0, 0]]",,,-4.0,-2.0,,,,-2.0,-3.0
"[[-1, -1, 0], [0, 1, 0], [1, -1, 0]]",,,-10.0,-2.0,,-3.0,,,-3.0
"[[-1, -1, 0], [0, 1, 0], [1, 0, -1]]",,,-22.0,-4.0,,-5.0,,-2.0,
"[[-1, -1, 0], [-1, 1, 0], [0, 1, 0]]",,,-1.0,,,0.0,-3.0,,-2.0
"[[-1, -1, 0], [0, 1, -1], [0, 1, 0]]",,,0.0,0.0,,,-2.0,,-2.0
"[[-1, -1, 0], [0, 1, 0], [-1, 1, 0]]",,,0.0,-2.0,,-4.0,,,0.0
"[[-1, -1, 0], [0, 1, 0], [0, 1, -1]]",,,-3.0,-3.0,,-3.0,-2.0,,
"[[-1, -1, 0], [-1, 1, 0], [0, 0, 1]]",,,-1.0,,,-2.0,-3.0,-2.0,
"[[-1, -1, 0], [0, 1, -1], [0, 0, 1]]",,,-4.0,0.0,,,0.0,0.0,
"[[-1, -1, 0], [0, 1, 0], [-1, 0, 1]]",,,-2.0,-2.0,,-2.0,,0.0,
"[[-1, -1, 0], [0, 1, 0], [0, -1, 1]]",,,-6.0,-4.0,,-6.0,-7.0,,
"[[-1, 0, -1], [-1, 1, 1], [0, 0, 0]]",,-2.0,,,,,0.0,0.0,0.0
"[[-1, 0, -1], [0, 1, 1], [-1, 0, 0]]",,-2.0,,-10.0,,,,-4.0,-2.0
"[[-1, 0, -1], [0, 1, 1], [0, -1, 0]]",,0.0,,-12.0,,,-1.0,,0.0
"[[-1, 0, -1], [0, 1, 1], [0, 0, -1]]",,-4.0,,-12.0,,,-1.0,-2.0,
"[[-1, 0, -1], [-1, 1, 0], [1, 0, 0]]",,-1.0,,,,0.0,,-1.0,-1.0
"[[-1, 0, -1], [0, 1, -1], [1, 0, 0]]",,-2.0,,0.0,,,,-4.0,-1.0
"[[-1, 0, -1], [0, 1, 0], [1, -1, 0]]",,0.0,,-2.0,,0.0,,,0.0
"[[-1, 0, -1], [0, 1, 0], [1, 0, -1]]",,0.0,,0.0,,-2.0,,-2.0,
"[[-1, 0, -1], [-1, 1, 0], [0, 1, 0]]",,-6.0,,,,-2.0,-3.0,,-4.0
"[[-1, 0, -1], [0, 1, -1], [0, 1, 0]]",,-2.0,,-1.0,,,-3.0,,-2.0
"[[-1, 0, -1], [0, 1, 0], [-1, 1, 0]]",,-4.0,,-4.0,,-4.0,,,-2.0
"[[-1, 0, -1], [0, 1, 0], [0, 1, -1]]",,-4.0,,-7.0,,-5.0,-2.0,,
"[[-1, 0, -1], [-1, 1, 0], [0, 0, 1]]",,0.0,,,,0.0,0.0,-1.0,
"[[-1, 0, -1], [0, 1, -1], [0, 0, 1]]",,-2.0,,0.0,,,-2.0,-6.0,
"[[-1, 0, -1], [0, 1, 0], [-1, 0, 1]]",,-2.0,,-1.0,,-1.0,,-3.0,
"[[-1, 0, -1], [0, 1, 0], [0, -1, 1]]",,0.0,,0.0,,0.0,0.0,,
"[[-1, 0, 0], [-1, 1, 1], [0, -1, 0]]",,0.0,-3.0,,,,-1.0,,0.0
"[[-1, 0, 0], [-1, 1, 1], [0, 0, -1]]",,-1.0,-2.0,,,,0.0,-2.0,
"[[-1, 0, 0], [-1, 1, -1], [1, 0, 0]]",,-2.0,-10.0,,,,,-6.0,-5.0
"[[-1, 0, 0], [-1, 1, 0], [1, -1, 0]]",,-2.0,-4.0,,,-4.0,,,-1.0
"[[-1, 0, 0], [-1, 1, 0], [1, 0, -1]]",,-6.0,-10.0,,,-2.0,,-4.0,
"[[-1, 0, 0], [-1, 1, -1], [0, 1, 0]]",,-8.0,-2.0,,,,-7.0,,-3.0
"[[-1, 0, 0], [-1, 1, 0], [0, 1, -1]]",,-14.0,-4.0,,,-2.0,-2.0,,
"[[-1, 0, 0], [-1, 1, -1], [0, 0, 1]]",,-3.0,-4.0,,,,-3.0,-4.0,
"[[-1, 0, 0], [-1, 1, 0], [0, -1, 1]]",,0.0,-2.0,,,-2.0,-1.0,,
"[[-1, 0, 0], [0, 1, -1], [1, -1, 0]]",,-3.0,-6.0,-1.0,,,,,-1.0
"[[-1, 0, 0], [0, 1, -1], [1, 0, -1]]",,-3.0,-8.0,0.0,,,,-5.0,
"[[-1, 0, 0], [0, 1, -1], [-1, 1, 0]]",,-2.0,-1.0,-1.0,,,,,0.0
"[[-1, 0, 0], [0, 1, -1], [0, 1, -1]]",,-10.0,-1.0,0.0,,,-3.0,,
"[[-1, 0, 0], [0, 1, -1], [-1, 0, 1]]",,0.0,0.0,0.0,,,,0.0,
"[[-1, 0, 0], [0, 1, -1], [0, -1, 1]]",,0.0,0.0,0.0,,,-1.0,,
"[[-1, 0, 0], [0, 1, 1], [-1, -1, 0]]",,-3.0,-3.0,-8.0,,,,,-4.0
"[[-1, 0, 0], [0, 1, 1], [-1, 0, -1]]",,0.0,-2.0,-8.0,,,,-3.0,
"[[-1, 0, 0], [0, 1, 0], [-1, 1, -1]]",,-8.0,-1.0,-1.0,,-1.0,,,
"[[-1, 0, 0], [0, 1, 0], [-1, -1, 1]]",,0.0,-1.0,-2.0,,-5.0,,,
"[[-1, 0, 0], [0, 1, 1], [0, -1, -1]]",,0.0,-2.0,-10.0,,,-7.0,,
"[[-1, 0, 0], [0, 1, 0], [1, -1, -1]]",,-2.0,-8.0,-2.0,,-3.0,,,
"[[-1, -1, 0], [-1, 0, 1], [1, 0, 0]]",,,-16.0,,-3.0,,,-7.0,-10.0
"[[-1, -1, 0], [0, -1, 1], [1, 0, 0]]",,,-1.0,0.0,,,,0.0,-1.0
"[[-1, -1, 0], [0, 0, 1], [1, -1, 0]]",,,-6.0,-5.0,-5.0,,,,-6.0
"[[-1, -1, 0], [0, 0, 1], [1, 0, -1]]",,,-3.0,-1.0,-2.0,,,0.0,
"[[-1, -1, 0], [-1, 0, 1], [0, 1, 0]]",,,-3.0,,0.0,,-1.0,,-9.0
"[[-1, -1, 0], [0, -1, 1], [0, 1, 0]]",,,-5.0,0.0,,,-1.0,,-4.0
"[[-1, -1, 0], [0, 0, 1], [-1, 1, 0]]",,,-2.0,-3.0,-2.0,,,,-4.0
"[[-1, -1, 0], [0, 0, 1], [0, 1, -1]]",,,0.0,-2.0,-1.0,,0.0,,
"[[-1, -1, 0], [-1, 0, 1], [0, 0, 1]]",,,-14.0,,-2.0,,-3.0,-3.0,
"[[-1, -1, 0], [0, -1, 1], [0, 0, 1]]",,,-16.0,-2.0,,,-3.0,-6.0,
"[[-1, -1, 0], [0, 0, 1], [-1, 0, 1]]",,,-10.0,-4.0,-4.0,,,-2.0,
"[[-1, -1, 0], [0, 0, 1], [0, -1, 1]]",,,-8.0,-1.0,-3.0,,0.0,,
"[[-1, 0, -1], [-1, 0, 1], [1, 0, 0]]",,0.0,,,0.0,,,-1.0,-1.0
"[[-1, 0, -1], [0, -1, 1], [1, 0, 0]]",,0.0,,0.0,,,,-2.0,-1.0
"[[-1, 0, -1], [0, 0, 1], [1, -1, 0]]",,0.0,,0.0,-2.0,,,,0.0
"[[-1, 0, -1], [0, 0, 1], [1, 0, -1]]",,0.0,,0.0,-3.0,,,0.0,
"[[-1, 0, -1], [-1, 0, 1], [0, 1, 0]]",,-1.0,,,-3.0,,-2.0,,-3.0
"[[-1, 0, -1], [0, -1, 1], [0, 1, 0]]",,0.0,,0.0,,,-1.0,,-2.0
"[[-1, 0, -1], [0, 0, 1], [-1, 1, 0]]",,0.0,,0.0,-2.0,,,,0.0
"[[-1, 0, -1], [0, 0, 1], [0, 1, -1]]",,-1.0,,-1.0,-8.0,,0.0,,
"[[-1, 0, -1], [-1, 0, 1], [0, 0, 1]]",,0.0,,,0.0,,-1.0,-1.0,
"[[-1, 0, -1], [0, -1, 1], [0, 0, 1]]",,0.0,,0.0,,,-2.0,-1.0,
"[[-1, 0, -1], [0, 0, 1], [-1, 0, 1]]",,0.0,,0.0,-3.0,,,0.0,
"[[-1, 0, -1], [0, 0, 1], [0, -1, 1]]",,0.0,,0.0,0.0,,0.0,,
"[[-1, 0, 0], [-1, -1, 1], [1, 0, 0]]",,0.0,-1.0,,,,,0.0,-5.0
"[[-1, 0, 0], [-1, 0, 1], [1, -1, 0]]",,0.0,-3.0,,0.0,,,,-2.0
"[[-1, 0, 0], [-1, 0, 1], [1, 0, -1]]",,0.0,-2.0,,-4.0,,,0.0,
"[[-1, 0, 0], [-1, -1, 1], [0, 1, 0]]",,0.0,0.0,,,,-1.0,,-5.0
"[[-1, 0, 0], [-1, 0, 1], [0, 1, -1]]",,-3.0,0.0,,-2.0,,0.0,,
"[[-1, 0, 0], [-1, -1, 1], [0, 0, 1]]",,-1.0,-24.0,,,,-3.0,-1.0,
"[[-1, 0, 0], [-1, 0, 1], [0, -1, 1]]",,-1.0,-12.0,,-4.0,,-1.0,,
"[[-1, 0, 0], [0, -1, 1], [1, -1, 0]]",,0.0,-2.0,0.0,,,,,-1.0
"[[-1, 0, 0], [0, -1, 1], [-1, 1, 0]]",,0.0,-2.0,0.0,,,,,-1.0
"[[-1, 0, 0], [0, -1, 1], [-1, 0, 1]]",,0.0,-4.0,-1.0,,,,0.0,
"[[-1, 0, 0], [0, -1, 1], [0, -1, 1]]",,-2.0,-8.0,-1.0,,,0.0,,
"[[-1, 0, 0], [0, 0, 1], [-1, 1, -1]]",,-1.0,0.0,-2.0,-2.0,,,,
"[[-1, 0, 0], [0, 0, 1], [-1, -1, 1]]",,-1.0,-16.0,-3.0,-4.0,,,,
"[[-1, 0, 0], [0, 0, 1], [1, -1, -1]]",,0.0,-4.0,-2.0,-1.0,,,,
"[[-1, -1, 0], [-1, 0, 0], [1, 1, 0]]",,,-8.0,,-3.0,-2.0,,,-14.0
"[[-1, -1, 0], [0, -1, 0], [1, 1, 0]]",,,-4.0,-2.0,,-1.0,,,-10.0
"[[-1, -1, 0], [0, 0, -1], [1, 1, 0]]",,,-8.0,-3.0,-6.0,,,,-24.0
"[[-1, -1, 0], [0, 0, 0], [1, 1, -1]]",,,-2.0,0.0,-3.0,0.0,,,
"[[-1, -1, 0], [-1, 0, 0], [1, 0, 1]]",,,-7.0,,-7.0,-6.0,,-34.0,
"[[-1, -1, 0], [0, -1, 0], [1, 0, 1]]",,,-3.0,-3.0,,-3.0,,-12.0,
"[[-1, -1, 0], [0, 0, -1], [1, 0, 1]]",,,-7.0,-2.0,-3.0,,,-16.0,
"[[-1, -1, 0], [0, 0, 0], [1, -1, 1]]",,,-4.0,0.0,-2.0,-2.0,,,
"[[-1, 0, -1], [-1, 0, 0], [1, 1, 0]]",,-3.0,,,-2.0,-1.0,,,-10.0
"[[-1, 0, -1], [0, -1, 0], [1, 1, 0]]",,0.0,,0.0,,-1.0,,,-2.0
"[[-1, 0, -1], [0, 0, -1], [1, 1, 0]]",,-2.0,,0.0,-4.0,,,,-12.0
"[[-1, 0, -1], [0, 0, 0], [1, 1, -1]]",,-2.0,,0.0,-1.0,0.0,,,
"[[-1, 0, -1], [-1, 0, 0], [1, 0, 1]]",,-1.0,,,0.0,-1.0,,-12.0,
"[[-1, 0, -1], [0, -1, 0], [1, 0, 1]]",,-2.0,,-1.0,,-1.0,,-10.0,
"[[-1, 0, -1], [0, 0, -1], [1, 0, 1]]",,-4.0,,-2.0,0.0,,,-8.0,
"[[-1, 0, -1], [0, 0, 0], [1, -1, 1]]",,0.0,,0.0,0.0,0.0,,,
"[[-1, 0, 0], [-1, -1, 0], [1, 1, 0]]",,-3.0,-1.0,,,-2.0,,,-20.0
"[[-1, 0, 0], [-1, 0, -1], [1, 1, 0]]",,-3.0,-3.0,,-4.0,,,,-22.0
"[[-1, 0, 0], [-1, 0, 0], [1, 1, -1]]",,-5.0,-4.0,,-1.0,0.0,,,
"[[-1, 0, 0], [-1, -1, 0], [1, 0, 1]]",,-2.0,-4.0,,,-2.0,,-14.0,
"[[-1, 0, 0], [-1, 0, -1], [1, 0, 1]]",,0.0,-3.0,,-3.0,,,-16.0,
"[[-1, 0, 0], [-1, 0, 0], [1, -1, 1]]",,0.0,-5.0,,-2.0,-3.0,,,
"[[-1, 0, 0], [0, -1, -1], [1, 1, 0]]",,0.0,-1.0,-4.0,,,,,-8.0
"[[-1, 0, 0], [0, -1, -1], [1, 0, 1]]",,-1.0,-1.0,-2.0,,,,-12.0,
"[[-1, 0, 0], [0, -1, 0], [1, -1, 1]]",,0.0,-1.0,0.0,,0.0,,,
"[[-1, 0, 0], [0, 0, -1], [1, 1, -1]]",,-2.0,-1.0,0.0,-6.0,,,,
"[[-1, 0, 0], [0, 0, -1], [1, -1, 1]]",,0.0,-1.0,0.0,-1.0,,,,
"[[-1, -1, 0], [-1, 0, 0], [0, 1, 1]]",,,-7.0,,-5.0,-9.0,-18.0,,
"[[-1, -1, 0], [0, -1, 0], [0, 1, 1]]",,,-8.0,-4.0,,-8.0,-24.0,,
"[[-1, -1, 0], [0, 0, -1], [0, 1, 1]]",,,-2.0,-2.0,-2.0,,-22.0,,
"[[-1, -1, 0], [0, 0, 0], [-1, 1, 1]]",,,-2.0,0.0,0.0,-1.0,,,
"[[-1, 0, -1], [-1, 0, 0], [0, 1, 1]]",,-4.0,,,-1.0,-1.0,-8.0,,
"[[-1, 0, -1], [0, -1, 0], [0, 1, 1]]",,-3.0,,-1.0,,-2.0,-12.0,,
"[[-1, 0, -1], [0, 0, -1], [0, 1, 1]]",,-2.0,,-2.0,-4.0,,-12.0,,
"[[-1, 0, -1], [0, 0, 0], [-1, 1, 1]]",,-1.0,,0.0,-1.0,0.0,,,
"[[-1, 0, 0], [-1, -1, 0], [0, 1, 1]]",,0.0,-1.0,,,-6.0,-2.0,,
"[[-1, 0, 0], [-1, 0, -1], [0, 1, 1]]",,-1.0,-2.0,,-3.0,,-6.0,,
"[[-1, 0, 0], [0, -1, -1], [0, 1, 1]]",,0.0,-2.0,0.0,,,-4.0,,
"[[-1, 0, 0], [0, -1, 0], [-1, 1, 1]]",,0.0,-2.0,0.0,,-3.0,,,
"[[-1, 0, 0], [0, 0, -1], [-1, 1, 1]]",,0.0,0.0,0.0,-1.0,,,,
"[[1, -1, -1], [1, -1, 0], [0, 0, 0]]",,,,,,-1.0,-12.0,-3.0,0.0
"[[1, -1, -1], [1, 0, -1], [0, 0, 0]]",,,,,-3.0,,-12.0,-2.0,-6.0
"[[1, -1, -1], [1, 0, 0], [-1, 0, 0]]",,,,,-9.0,-4.0,,0.0,-1.0
"[[1, -1, -1], [1, 0, 0], [0, -1, 0]]",,,,,-12.0,-10.0,-32.0,,-10.0
"[[1, -1, -1], [1, 0, 0], [0, 0, -1]]",,,,,-3.0,-3.0,-12.0,-2.0,
"[[1, -1, -1], [-1, 1, 0], [0, 0, 0]]",,,,,,-4.0,-2.0,-2.0,-16.0
"[[1, -1, -1], [0, 1, -1], [0, 0, 0]]",,,,-7.0,,,-4.0,-2.0,-8.0
"[[1, -1, -1], [0, 1, 0], [-1, 0, 0]]",,,,-4.0,,-3.0,,-3.0,-10.0
"[[1, -1, -1], [0, 1, 0], [0, -1, 0]]",,,,-8.0,,-9.0,-9.0,,-26.0
"[[1, -1, -1], [0, 1, 0], [0, 0, -1]]",,,,-1.0,,-2.0,-4.0,0.0,
"[[1, -1, -1], [-1, 0, 1], [0, 0, 0]]",,,,,-4.0,,0.0,0.0,-5.0
"[[1, -1, -1], [0, -1, 1], [0, 0, 0]]",,,,-3.0,,,-3.0,0.0,0.0
"[[1, -1, -1], [0, 0, 1], [-1, 0, 0]]",,,,-1.0,-5.0,,,0.0,-2.0
"[[1, -1, -1], [0, 0, 1], [0, -1, 0]]",,,,-6.0,-8.0,,-2.0,,-7.0
"[[1, -1, -1], [0, 0, 1], [0, 0, -1]]",,,,-10.0,-5.0,,-1.0,0.0,
"[[1, -1, -1], [-1, 0, 0], [1, 0, 0]]",,,,,-3.0,0.0,,-1.0,-4.0
"[[1, -1, -1], [0, -1, 0], [1, 0, 0]]",,,,-10.0,,-2.0,,-5.0,-3.0
"[[1, -1, -1], [0, 0, -1], [1, 0, 0]]",,,,-26.0,-6.0,,,-9.0,-9.0
"[[1, -1, -1], [0, 0, 0], [1, -1, 0]]",,,,-18.0,-11.0,-3.0,,,-6.0
"[[1, -1, -1], [0, 0, 0], [1, 0, -1]]",,,,-12.0,-3.0,-4.0,,-1.0,
"[[1, -1, -1], [-1, 0, 0], [0, 1, 0]]",,,,,-1.0,0.0,-5.0,,-1.0
"[[1, -1, -1], [0, -1, 0], [0, 1, 0]]",,,,-1.0,,0.0,-11.0,,-3.0
"[[1, -1, -1], [0, 0, -1], [0, 1, 0]]",,,,-3.0,-6.0,,-8.0,,-7.0
"[[1, -1, -1], [0, 0, 0], [-1, 1, 0]]",,,,0.0,-1.0,0.0,,,-3.0
"[[1, -1, -1], [0, 0, 0], [0, 1, -1]]",,,,-4.0,0.0,0.0,-3.0,,
"[[1, -1, -1], [-1, 0, 0], [0, 0, 1]]",,,,,-18.0,-4.0,-4.0,-2.0,
"[[1, -1, -1], [0, -1, 0], [0, 0, 1]]",,,,-1.0,,0.0,-4.0,-2.0,
"[[1, -1, -1], [0, 0, -1], [0, 0, 1]]",,,,-8.0,-34.0,,-15.0,-9.0,
"[[1, -1, -1], [0, 0, 0], [-1, 0, 1]]",,,,-2.0,-16.0,-2.0,,-2.0,
"[[1, -1, -1], [0, 0, 0], [0, -1, 1]]",,,,-3.0,-4.0,-2.0,-6.0,,
"[[1, -1, 1], [-1, -1, 0], [0, 0, 0]]",,,,,,0.0,0.0,0.0,-2.0
"[[1, -1, 1], [-1, 0, -1], [0, 0, 0]]",,,,,-9.0,,-2.0,0.0,-2.0
"[[1, -1, 1], [-1, 0, 0], [-1, 0, 0]]",,,,,-2.0,-1.0,,0.0,-3.0
"[[1, -1, 1], [-1, 0, 0], [0, -1, 0]]",,,,,-11.0,-4.0,-5.0,,-12.0
"[[1, -1, 1], [-1, 0, 0], [0, 0, -1]]",,,,,-3.0,0.0,-1.0,0.0,
"[[1, -1, 0], [-1, 1, -1], [0, 0, 0]]",,,-1.0,,,,-4.0,-1.0,-8.0
"[[1, -1, 0], [-1, 1, 0], [-1, 0, 0]]",,,-2.0,,,-1.0,,-4.0,-22.0
"[[1, -1, 0], [-1, 1, 0], [0, -1, 0]]",,,-5.0,,,-5.0,-8.0,,-16.0
"[[1, -1, 0], [-1, 1, 0], [0, 0, -1]]",,,0.0,,,0.0,-2.0,0.0,
"[[1, -1, 0], [-1, -1, 1], [0, 0, 0]]",,,0.0,,,,0.0,0.0,0.0
"[[1, -1, 0], [-1, 0, 1], [-1, 0, 0]]",,,-4.0,,-1.0,,,0.0,-8.0
"[[1, -1, 0], [-1, 0, 1], [0, -1, 0]]",,,-1.0,,-5.0,,0.0,,-6.0
"[[1, -1, 0], [-1, 0, 1], [0, 0, -1]]",,,0.0,,0.0,,0.0,0.0,
"[[1, -1, 0], [-1, -1, 0], [1, 0, 0]]",,,0.0,,,0.0,,-2.0,-2.0
"[[1, -1, 0], [-1, 0, -1], [1, 0, 0]]",,,-7.0,,-12.0,,,-7.0,-9.0
"[[1, -1, 0], [-1, 0, 0], [1, -1, 0]]",,,0.0,,-5.0,0.0,,,0.0
"[[1, -1, 0], [-1, 0, 0], [1, 0, -1]]",,,-1.0,,-2.0,0.0,,0.0,
"[[1, -1, 0], [-1, -1, 0], [0, 1, 0]]",,,0.0,,,0.0,0.0,,-2.0
"[[1, -1, 0], [-1, 0, -1], [0, 1, 0]]",,,0.0,,-5.0,,-7.0,,-10.0
"[[1, -1, 0], [-1, 0, 0], [-1, 1, 0]]",,,0.0,,-1.0,0.0,,,-4.0
"[[1, -1, 0], [-1, 0, 0], [0, 1, -1]]",,,0.0,,0.0,0.0,0.0,,
"[[1, -1, 0], [-1, -1, 0], [0, 0, 1]]",,,-1.0,,,0.0,0.0,-2.0,
"[[1, -1, 0], [-1, 0, -1], [0, 0, 1]]",,,-2.0,,-18.0,,-5.0,-6.0,
"[[1, -1, 0], [-1, 0, 0], [-1, 0, 1]]",,,-5.0,,-6.0,-4.0,,-2.0,
"[[1, -1, 0], [-1, 0, 0], [0, -1, 1]]",,,-5.0,,-12.0,-7.0,-6.0,,
"[[1, -1, 1], [0, -1, -1], [0, 0, 0]]",,,,-2.0,,,-2.0,0.0,0.0
"[[1, -1, 1], [0, -1, 0], [-1, 0, 0]]",,,,0.0,,-1.0,,0.0,-2.0
"[[1, -1, 1], [0, -1, 0], [0, 0, -1]]",,,,-1.0,,0.0,-1.0,0.0,
"[[1, -1, 0], [1, -1, -1], [0, 0, 0]]",,,-1.0,,,,-14.0,-3.0,-4.0
"[[1, -1, 0], [1, -1, 0], [-1, 0, 0]]",,,0.0,,,0.0,,0.0,0.0
"[[1, -1, 0], [1, -1, 0], [0, 0, -1]]",,,-2.0,,,-2.0,-20.0,-3.0,
"[[1, -1, 0], [0, -1, 1], [-1, 0, 0]]",,,-1.0,0.0,,,,0.0,-3.0
"[[1, -1, 0], [0, -1, 1], [0, 0, -1]]",,,0.0,0.0,,,0.0,0.0,
"[[1, -1, 0], [0, -1, -1], [1, 0, 0]]",,,0.0,-4.0,,,,-2.0,-3.0
"[[1, -1, 0], [0, -1, 0], [1, 0, -1]]",,,-1.0,-10.0,,-2.0,,-2.0,
"[[1, -1, 0], [0, -1, -1], [0, 1, 0]]",,,0.0,-4.0,,,-7.0,,-3.0
"[[1, -1, 0], [0, -1, 0], [-1, 1, 0]]",,,0.0,0.0,,0.0,,,0.0
"[[1, -1, 0], [0, -1, 0], [0, 1, -1]]",,,0.0,-2.0,,0.0,-2.0,,
"[[1, -1, 0], [0, -1, -1], [0, 0, 1]]",,,0.0,-1.0,,,-8.0,-3.0,
"[[1, -1, 0], [0, -1, 0], [-1, 0, 1]]",,,-4.0,0.0,,0.0,,0.0,
"[[1, -1, 1], [0, 0, -1], [-1, 0, 0]]",,,,0.0,-4.0,,,0.0,-3.0
"[[1, -1, 1], [0, 0, -1], [0, -1, 0]]",,,,-4.0,-4.0,,-4.0,,-7.0
"[[1, -1, 1], [0, 0, -1], [0, 0, -1]]",,,,-1.0,-3.0,,-7.0,0.0,
"[[1, -1, 0], [1, 0, -1], [-1, 0, 0]]",,,0.0,,-2.0,,,0.0,-3.0
"[[1, -1, 0], [1, 0, -1], [0, -1, 0]]",,,-3.0,,-7.0,,-8.0,,-8.0
"[[1, -1, 0], [1, 0, -1], [0, 0, -1]]",,,-3.0,,-2.0,,-20.0,-5.0,
"[[1, -1, 0], [0, 1, -1], [-1, 0, 0]]",,,-2.0,-2.0,,,,-3.0,-18.0
"[[1, -1, 0], [0, 1, -1], [0, -1, 0]]",,,-4.0,-6.0,,,-6.0,,-26.0
"[[1, -1, 0], [0, 1, -1], [0, 0, -1]]",,,-1.0,0.0,,,-3.0,0.0,
"[[1, -1, 0], [0, 0, -1], [1, -1, 0]]",,,-4.0,-10.0,-6.0,,,,-7.0
"[[1, -1, 0], [0, 0, -1], [1, 0, -1]]",,,-4.0,-12.0,-3.0,,,-4.0,
"[[1, -1, 0], [0, 0, -1], [-1, 1, 0]]",,,0.0,0.0,-3.0,,,,-5.0
"[[1, -1, 0], [0, 0, -1], [0, 1, -1]]",,,0.0,-1.0,0.0,,-2.0,,
"[[1, -1, 0], [0, 0, -1], [-1, 0, 1]]",,,-2.0,-3.0,-12.0,,,-2.0,
"[[1, -1, 0], [0, 0, -1], [0, -1, 1]]",,,-1.0,-5.0,-14.0,,-2.0,,
"[[1, -1, 1], [0, 0, 0], [-1, -1, 0]]",,,,0.0,-2.0,-2.0,,,-7.0
"[[1, -1, 1], [0, 0, 0], [-1, 0, -1]]",,,,0.0,0.0,0.0,,0.0,
"[[1, -1, 0], [1, 0, 0], [-1, -1, 0]]",,,0.0,,-4.0,-2.0,,,-3.0
"[[1, -1, 0], [1, 0, 0], [-1, 0, -1]]",,,0.0,,-2.0,0.0,,0.0,
"[[1, -1, 0], [0, 1, 0], [-1, -1, 0]]",,,-6.0,-7.0,,-6.0,,,-16.0
"[[1, -1, 0], [0, 1, 0], [-1, 0, -1]]",,,0.0,-2.0,,-1.0,,0.0,
"[[1, -1, 0], [0, 0, 1], [-1, -1, 0]]",,,-4.0,-5.0,-16.0,,,,-7.0
"[[1, -1, 0], [0, 0, 1], [-1, 0, -1]]",,,0.0,-1.0,-3.0,,,0.0,
"[[1, -1, 0], [0, 0, 0], [-1, 1, -1]]",,,0.0,0.0,0.0,0.0,,,
"[[1, -1, 0], [0, 0, 0], [-1, -1, 1]]",,,-1.0,-2.0,-22.0,-7.0,,,
"[[1, -1, 1], [0, 0, 0], [0, -1, -1]]",,,,0.0,-1.0,0.0,-4.0,,
"[[1, -1, 0], [1, 0, 0], [0, -1, -1]]",,,-2.0,,-4.0,-3.0,-16.0,,
"[[1, -1, 0], [0, 1, 0], [0, -1, -1]]",,,-5.0,-5.0,,-2.0,-8.0,,
"[[1, -1, 0], [0, 0, 1], [0, -1, -1]]",,,0.0,-7.0,-2.0,,-1.0,,
"[[1, -1, 0], [0, 0, 0], [1, -1, -1]]",,,-3.0,-12.0,-4.0,-3.0,,,
"[[0, -1, 1], [-1, 1, -1], [0, 0, 0]]",-6.0,,,,,,-20.0,-4.0,-4.0
"[[0, -1, 1], [-1, 1, 0], [-1, 0, 0]]",-3.0,,,,,-1.0,,0.0,-4.0
"[[0, -1, 1], [-1, 1, 0], [0, -1, 0]]",-5.0,,,,,-4.0,-14.0,,-5.0
"[[0, -1, 1], [-1, 1, 0], [0, 0, -1]]",-2.0,,,,,-3.0,-4.0,-1.0,
"[[0, -1, 1], [-1, -1, 1], [0, 0, 0]]",-1.0,,,,,,-1.0,-1.0,-30.0
"[[0, -1, 1], [-1, 0, 1], [-1, 0, 0]]",-2.0,,,,0.0,,,0.0,-16.0
"[[0, -1, 1], [-1, 0, 1], [0, -1, 0]]",-1.0,,,,-12.0,,-5.0,,-22.0
"[[0, -1, 1], [-1, 0, 1], [0, 0, -1]]",0.0,,,,-4.0,,-2.0,0.0,
"[[0, -1, 1], [-1, -1, 0], [1, 0, 0]]",0.0,,,,,-1.0,,-1.0,-2.0
"[[0, -1, 1], [-1, 0, -1], [1, 0, 0]]",-2.0,,,,-18.0,,,-11.0,-5.0
"[[0, -1, 1], [-1, 0, 0], [1, -1, 0]]",-3.0,,,,-16.0,-6.0,,,-3.0
"[[0, -1, 1], [-1, 0, 0], [1, 0, -1]]",-4.0,,,,-22.0,-5.0,,-4.0,
"[[0, -1, 1], [-1, -1, 0], [0, 1, 0]]",0.0,,,,,-2.0,-2.0,,-7.0
"[[0, -1, 1], [-1, 0, -1], [0, 1, 0]]",0.0,,,,-5.0,,-7.0,,0.0
"[[0, -1, 1], [-1, 0, 0], [-1, 1, 0]]",0.0,,,,0.0,-1.0,,,0.0
"[[0, -1, 1], [-1, 0, 0], [0, 1, -1]]",0.0,,,,-1.0,0.0,-2.0,,
"[[0, -1, 1], [-1, -1, 0], [0, 0, 1]]",-5.0,,,,,-20.0,-5.0,-7.0,
"[[0, -1, 1], [-1, 0, -1], [0, 0, 1]]",-1.0,,,,-10.0,,-9.0,-2.0,
"[[0, -1, 1], [-1, 0, 0], [-1, 0, 1]]",-1.0,,,,-1.0,-8.0,,0.0,
"[[0, -1, 1], [-1, 0, 0], [0, -1, 1]]",-2.0,,,,-6.0,-4.0,-3.0,,
"[[0, -1, 1], [1, -1, -1], [0, 0, 0]]",-2.0,,,,,,-2.0,0.0,0.0
"[[0, -1, 1], [1, -1, 0], [-1, 0, 0]]",0.0,,,,,-1.0,,0.0,-1.0
"[[0, -1, 1], [1, -1, 0], [0, 0, -1]]",-2.0,,,,,0.0,0.0,0.0,
"[[0, -1, 1], [0, -1, 1], [-1, 0, 0]]",-1.0,,,-2.0,,,,-2.0,-10.0
"[[0, -1, 1], [0, -1, 1], [0, 0, -1]]",0.0,,,0.0,,,0.0,0.0,
"[[0, -1, 1], [0, -1, -1], [1, 0, 0]]",-2.0,,,-1.0,,,,0.0,0.0
"[[0, -1, 1], [0, -1, 0], [1, 0, -1]]",-2.0,,,0.0,,0.0,,0.0,
"[[0, -1, 1], [0, -1, -1], [0, 1, 0]]",0.0,,,0.0,,,-2.0,,-4.0
"[[0, -1, 1], [0, -1, 0], [-1, 1, 0]]",0.0,,,0.0,,-3.0,,,-1.0
"[[0, -1, 1], [0, -1, 0], [0, 1, -1]]",0.0,,,0.0,,0.0,0.0,,
"[[0, -1, 1], [0, -1, -1], [0, 0, 1]]",0.0,,,0.0,,,0.0,-2.0,
"[[0, -1, 1], [0, -1, 0], [-1, 0, 1]]",0.0,,,-1.0,,-10.0,,-2.0,
"[[0, -1, 1], [1, 0, -1], [-1, 0, 0]]",0.0,,,,0.0,,,0.0,0.0
"[[0, -1, 1], [1, 0, -1], [0, -1, 0]]",-2.0,,,,-6.0,,-5.0,,0.0
"[[0, -1, 1], [1, 0, -1], [0, 0, -1]]",-5.0,,,,-1.0,,-8.0,0.0,
"[[0, -1, 1], [0, 1, -1], [-1, 0, 0]]",-2.0,,,0.0,,,,0.0,-1.0
"[[0, -1, 1], [0, 1, -1], [0, -1, 0]]",-5.0,,,-6.0,,,-6.0,,-5.0
"[[0, -1, 1], [0, 1, -1], [0, 0, -1]]",-6.0,,,-1.0,,,-4.0,-2.0,
"[[0, -1, 1], [0, 0, -1], [1, -1, 0]]",-3.0,,,-2.0,-14.0,,,,-4.0
"[[0, -1, 1], [0, 0, -1], [1, 0, -1]]",-6.0,,,-2.0,-18.0,,,-1.0,
"[[0, -1, 1], [0, 0, -1], [-1, 1, 0]]",0.0,,,0.0,0.0,,,,0.0
"[[0, -1, 1], [0, 0, -1], [0, 1, -1]]",0.0,,,0.0,-6.0,,-2.0,,
"[[0, -1, 1], [0, 0, -1], [-1, 0, 1]]",-3.0,,,0.0,-3.0,,,0.0,
"[[0, -1, 1], [0, 0, -1], [0, -1, 1]]",-3.0,,,0.0,-4.0,,-1.0,,
"[[0, -1, 1], [1, 0, 0], [-1, -1, 0]]",0.0,,,,-2.0,-3.0,,,-1.0
"[[0, -1, 1], [1, 0, 0], [-1, 0, -1]]",0.0,,,,-2.0,-1.0,,0.0,
"[[0, -1, 1], [0, 1, 0], [-1, -1, 0]]",-1.0,,,0.0,,-4.0,,,-4.0
"[[0, -1, 1], [0, 1, 0], [-1, 0, -1]]",0.0,,,-1.0,,-1.0,,0.0,
"[[0, -1, 1], [0, 0, 1], [-1, -1, 0]]",-3.0,,,-4.0,-4.0,,,,-26.0
"[[0, -1, 1], [0, 0, 1], [-1, 0, -1]]",0.0,,,-1.0,0.0,,,0.0,
"[[0, -1, 1], [0, 0, 0], [-1, 1, -1]]",0.0,,,0.0,0.0,0.0,,,
"[[0, -1, 1], [0, 0, 0], [-1, -1, 1]]",-6.0,,,-4.0,-8.0,-18.0,,,
"[[0, -1, 1], [1, 0, 0], [0, -1, -1]]",-3.0,,,,-9.0,-3.0,-12.0,,
"[[0, -1, 1], [0, 1, 0], [0, -1, -1]]",-3.0,,,-3.0,,-3.0,-18.0,,
"[[0, -1, 1], [0, 0, 1], [0, -1, -1]]",0.0,,,-2.0,-6.0,,-1.0,,
"[[0, -1, 1], [0, 0, 0], [1, -1, -1]]",-6.0,,,-4.0,-22.0,-3.0,,,
"[[0, -1, -1], [1, 1, -1], [0, 0, 0]]",-2.0,,,,,,0.0,0.0,-3.0
"[[0, -1, -1], [1, 1, 0], [-1, 0, 0]]",-4.0,,,,,-2.0,,0.0,-2.0
"[[0, -1, -1], [1, 1, 0], [0, -1, 0]]",-11.0,,,,,-30.0,-9.0,,-9.0
"[[0, -1, -1], [1, 1, 0], [0, 0, -1]]",-5.0,,,,,-4.0,-2.0,-1.0,
"[[0, -1, -1], [1, -1, 1], [0, 0, 0]]",0.0,,,,,,-5.0,0.0,0.0
"[[0, -1, -1], [1, 0, 1], [-1, 0, 0]]",-3.0,,,,-2.0,,,-1.0,0.0
"[[0, -1, -1], [1, 0, 1], [0, -1, 0]]",-7.0,,,,-16.0,,-7.0,,-5.0
"[[0, -1, -1], [1, 0, 1], [0, 0, -1]]",-9.0,,,,-8.0,,-5.0,-3.0,
"[[0, -1, -1], [1, -1, 0], [1, 0, 0]]",-14.0,,,,,0.0,,-1.0,-1.0
"[[0, -1, -1], [1, 0, -1], [1, 0, 0]]",-20.0,,,,-4.0,,,-4.0,-4.0
"[[0, -1, -1], [1, 0, 0], [1, -1, 0]]",-12.0,,,,-5.0,-3.0,,,-2.0
"[[0, -1, -1], [1, 0, 0], [1, 0, -1]]",-8.0,,,,-3.0,-2.0,,-2.0,
"[[0, -1, -1], [1, -1, 0], [0, 1, 0]]",-6.0,,,,,0.0,-5.0,,-3.0
"[[0, -1, -1], [1, 0, -1], [0, 1, 0]]",-1.0,,,,0.0,,-3.0,,-2.0
"[[0, -1, -1], [1, 0, 0], [-1, 1, 0]]",0.0,,,,0.0,-2.0,,,0.0
"[[0, -1, -1], [1, 0, 0], [0, 1, -1]]",-2.0,,,,-2.0,-3.0,-1.0,,
"[[0, -1, -1], [1, -1, 0], [0, 0, 1]]",-1.0,,,,,0.0,-6.0,-1.0,
"[[0, -1, -1], [1, 0, -1], [0, 0, 1]]",-11.0,,,,-5.0,,-7.0,-4.0,
"[[0, -1, -1], [1, 0, 0], [-1, 0, 1]]",-4.0,,,,-4.0,0.0,,0.0,
"[[0, -1, -1], [1, 0, 0], [0, -1, 1]]",-12.0,,,,-8.0,-5.0,-4.0,,
"[[0, -1, 0], [1, -1, 1], [-1, 0, 0]]",0.0,,-1.0,,,,,0.0,-1.0
"[[0, -1, 0], [1, -1, 1], [0, 0, -1]]",-2.0,,0.0,,,,-2.0,0.0,
"[[0, -1, 0], [1, -1, -1], [1, 0, 0]]",-26.0,,-2.0,,,,,-5.0,-6.0
"[[0, -1, 0], [1, -1, 0], [1, 0, -1]]",-8.0,,-1.0,,,-1.0,,-2.0,
"[[0, -1, 0], [1, -1, -1], [0, 1, 0]]",-5.0,,0.0,,,,-18.0,,-8.0
"[[0, -1, 0], [1, -1, 0], [-1, 1, 0]]",0.0,,0.0,,,0.0,,,0.0
"[[0, -1, 0], [1, -1, 0], [0, 1, -1]]",-3.0,,0.0,,,0.0,-1.0,,
"[[0, -1, 0], [1, -1, -1], [0, 0, 1]]",-1.0,,0.0,,,,-5.0,-2.0,
"[[0, -1, 0], [1, -1, 0], [-1, 0, 1]]",0.0,,-4.0,,,-1.0,,0.0,
"[[0, -1, 0], [1, 1, -1], [-1, 0, 0]]",-2.0,,0.0,,,,,0.0,-7.0
"[[0, -1, 0], [1, 1, -1], [0, -1, 0]]",-7.0,,-3.0,,,,-3.0,,-5.0
"[[0, -1, 0], [1, 1, -1], [0, 0, -1]]",-1.0,,-2.0,,,,-3.0,0.0,
"[[0, -1, 0], [1, 0, -1], [1, -1, 0]]",-26.0,,-7.0,,-9.0,,,,-2.0
"[[0, -1, 0], [1, 0, -1], [1, 0, -1]]",-12.0,,-4.0,,-3.0,,,-2.0,
"[[0, -1, 0], [1, 0, -1], [-1, 1, 0]]",0.0,,0.0,,0.0,,,,0.0
"[[0, -1, 0], [1, 0, -1], [0, 1, -1]]",-4.0,,0.0,,0.0,,-3.0,,
"[[0, -1, 0], [1, 0, -1], [-1, 0, 1]]",-1.0,,0.0,,-1.0,,,0.0,
"[[0, -1, 0], [1, 0, -1], [0, -1, 1]]",-12.0,,0.0,,-4.0,,-2.0,,
"[[0, -1, 0], [1, 1, 0], [-1, -1, 0]]",-3.0,,-3.0,,,-22.0,,,-7.0
"[[0, -1, 0], [1, 1, 0], [-1, 0, -1]]",-2.0,,-2.0,,,-8.0,,-3.0,
"[[0, -1, 0], [1, 0, 1], [-1, -1, 0]]",-3.0,,-5.0,,-14.0,,,,-4.0
"[[0, -1, 0], [1, 0, 1], [-1, 0, -1]]",-2.0,,-1.0,,-4.0,,,-4.0,
"[[0, -1, 0], [1, 0, 0], [-1, 1, -1]]",0.0,,0.0,,-4.0,-2.0,,,
"[[0, -1, 0], [1, 0, 0], [-1, -1, 1]]",-7.0,,-3.0,,-6.0,-4.0,,,
"[[0, -1, 0], [1, 1, 0], [0, -1, -1]]",-5.0,,-5.0,,,-18.0,-5.0,,
"[[0, -1, 0], [1, 0, 1], [0, -1, -1]]",-3.0,,-3.0,,-36.0,,-5.0,,
"[[0, -1, 0], [1, 0, 0], [1, -1, -1]]",-8.0,,-5.0,,-5.0,-1.0,,,
"[[0, -1, -1], [-1, 1, 1], [0, 0, 0]]",-3.0,,,,,,0.0,0.0,-2.0
"[[0, -1, -1], [0, 1, 1], [-1, 0, 0]]",-10.0,,,-12.0,,,,-5.0,-6.0
"[[0, -1, -1], [0, 1, 1], [0, -1, 0]]",-13.0,,,-22.0,,,-4.0,,-9.0
"[[0, -1, -1], [0, 1, 1], [0, 0, -1]]",-3.0,,,-12.0,,,-1.0,-1.0,
"[[0, -1, -1], [-1, 1, 0], [1, 0, 0]]",-8.0,,,,,0.0,,-2.0,-6.0
"[[0, -1, -1], [0, 1, -1], [1, 0, 0]]",-3.0,,,0.0,,,,-1.0,-2.0
"[[0, -1, -1], [0, 1, 0], [1, -1, 0]]",-7.0,,,-10.0,,0.0,,,-3.0
"[[0, -1, -1], [0, 1, 0], [1, 0, -1]]",0.0,,,-3.0,,-2.0,,0.0,
"[[0, -1, -1], [-1, 1, 0], [0, 1, 0]]",-2.0,,,,,0.0,-3.0,,-11.0
"[[0, -1, -1], [0, 1, -1], [0, 1, 0]]",-5.0,,,0.0,,,-2.0,,-4.0
"[[0, -1, -1], [0, 1, 0], [-1, 1, 0]]",-3.0,,,-6.0,,-2.0,,,-7.0
"[[0, -1, -1], [0, 1, 0], [0, 1, -1]]",0.0,,,-1.0,,0.0,0.0,,
"[[0, -1, -1], [-1, 1, 0], [0, 0, 1]]",-14.0,,,,,-5.0,-2.0,-4.0,
"[[0, -1, -1], [0, 1, -1], [0, 0, 1]]",-4.0,,,0.0,,,-2.0,-2.0,
"[[0, -1, -1], [0, 1, 0], [-1, 0, 1]]",-20.0,,,-3.0,,-5.0,,-1.0,
"[[0, -1, -1], [0, 1, 0], [0, -1, 1]]",-14.0,,,-2.0,,-3.0,-2.0,,
"[[0, -1, 0], [-1, 1, 1], [-1, 0, 0]]",-1.0,,0.0,,,,,0.0,-11.0
"[[0, -1, 0], [-1, 1, 1], [0, -1, 0]]",-3.0,,-4.0,,,,-2.0,,-7.0
"[[0, -1, 0], [-1, 1, 1], [0, 0, -1]]",0.0,,-2.0,,,,-2.0,0.0,
"[[0, -1, 0], [-1, 1, -1], [1, 0, 0]]",-7.0,,-24.0,,,,,-7.0,-14.0
"[[0, -1, 0], [-1, 1, 0], [1, -1, 0]]",-3.0,,-10.0,,,-3.0,,,-3.0
"[[0, -1, 0], [-1, 1, 0], [1, 0, -1]]",-3.0,,-4.0,,,-3.0,,-2.0,
"[[0, -1, 0], [-1, 1, -1], [0, 1, 0]]",-5.0,,-5.0,,,,-6.0,,-6.0
"[[0, -1, 0], [-1, 1, 0], [-1, 1, 0]]",-1.0,,0.0,,,0.0,,,-6.0
"[[0, -1, 0], [-1, 1, 0], [0, 1, -1]]",0.0,,-1.0,,,0.0,-6.0,,
"[[0, -1, 0], [-1, 1, -1], [0, 0, 1]]",-26.0,,-8.0,,,,-13.0,-8.0,
"[[0, -1, 0], [-1, 1, 0], [-1, 0, 1]]",-6.0,,-4.0,,,-3.0,,-3.0,
"[[0, -1, 0], [-1, 1, 0], [0, -1, 1]]",-10.0,,-11.0,,,-7.0,-8.0,,
"[[0, -1, 0], [0, 1, -1], [1, -1, 0]]",-9.0,,-18.0,-9.0,,,,,-9.0
"[[0, -1, 0], [0, 1, -1], [1, 0, -1]]",-2.0,,-8.0,-1.0,,,,-2.0,
"[[0, -1, 0], [0, 1, -1], [-1, 1, 0]]",-1.0,,0.0,0.0,,,,,-2.0
"[[0, -1, 0], [0, 1, -1], [0, 1, -1]]",0.0,,-3.0,0.0,,,0.0,,
"[[0, -1, 0], [0, 1, -1], [-1, 0, 1]]",-10.0,,-3.0,-3.0,,,,-1.0,
"[[0, -1, 0], [0, 1, -1], [0, -1, 1]]",-12.0,,-3.0,-3.0,,,-4.0,,
"[[0, -1, 0], [0, 1, 1], [-1, -1, 0]]",-6.0,,-5.0,-20.0,,,,,-6.0
"[[0, -1, 0], [0, 1, 1], [-1, 0, -1]]",-3.0,,-2.0,-18.0,,,,-3.0,
"[[0, -1, 0], [0, 1, 0], [-1, 1, -1]]",0.0,,0.0,-2.0,,-1.0,,,
"[[0, -1, 0], [0, 1, 0], [-1, -1, 1]]",-14.0,,-7.0,-7.0,,-7.0,,,
"[[0, -1, 0], [0, 1, 1], [0, -1, -1]]",-4.0,,-4.0,-12.0,,,-5.0,,
"[[0, -1, 0], [0, 1, 0], [1, -1, -1]]",-5.0,,-8.0,-6.0,,-5.0,,,
"[[0, -1, -1], [-1, 0, 1], [1, 0, 0]]",0.0,,,,0.0,,,0.0,-2.0
"[[0, -1, -1], [0, -1, 1], [1, 0, 0]]",-2.0,,,-1.0,,,,-2.0,-2.0
"[[0, -1, -1], [0, 0, 1], [1, -1, 0]]",-4.0,,,-1.0,-2.0,,,,0.0
"[[0, -1, -1], [0, 0, 1], [1, 0, -1]]",-5.0,,,-3.0,0.0,,,0.0,
"[[0, -1, -1], [-1, 0, 1], [0, 1, 0]]",0.0,,,,0.0,,0.0,,-5.0
"[[0, -1, -1], [0, -1, 1], [0, 1, 0]]",0.0,,,0.0,,,0.0,,-5.0
"[[0, -1, -1], [0, 0, 1], [-1, 1, 0]]",0.0,,,-3.0,-1.0,,,,0.0
"[[0, -1, -1], [0, 0, 1], [0, 1, -1]]",0.0,,,-1.0,-3.0,,0.0,,
"[[0, -1, -1], [-1, 0, 1], [0, 0, 1]]",-2.0,,,,-2.0,,-3.0,-4.0,
"[[0, -1, -1], [0, -1, 1], [0, 0, 1]]",0.0,,,0.0,,,-2.0,-1.0,
"[[0, -1, -1], [0, 0, 1], [-1, 0, 1]]",-1.0,,,0.0,-10.0,,,0.0,
"[[0, -1, -1], [0, 0, 1], [0, -1, 1]]",-3.0,,,-2.0,-7.0,,0.0,,
"[[0, -1, 0], [-1, -1, 1], [1, 0, 0]]",0.0,,-1.0,,,,,-7.0,-4.0
"[[0, -1, 0], [-1, 0, 1], [1, -1, 0]]",0.0,,-8.0,,-6.0,,,,-1.0
"[[0, -1, 0], [-1, 0, 1], [1, 0, -1]]",0.0,,-1.0,,-1.0,,,0.0,
"[[0, -1, 0], [-1, -1, 1], [0, 1, 0]]",0.0,,-2.0,,,,-3.0,,-7.0
"[[0, -1, 0], [-1, 0, 1], [-1, 1, 0]]",0.0,,-4.0,,0.0,,,,-2.0
"[[0, -1, 0], [-1, 0, 1], [0, 1, -1]]",0.0,,0.0,,0.0,,0.0,,
"[[0, -1, 0], [-1, -1, 1], [0, 0, 1]]",-4.0,,-30.0,,,,-4.0,-8.0,
"[[0, -1, 0], [-1, 0, 1], [-1, 0, 1]]",-5.0,,-14.0,,-4.0,,,-1.0,
"[[0, -1, 0], [-1, 0, 1], [0, -1, 1]]",-6.0,,-6.0,,-6.0,,-1.0,,
"[[0, -1, 0], [0, -1, 1], [1, 0, -1]]",0.0,,0.0,-2.0,,,,0.0,
"[[0, -1, 0], [0, -1, 1], [-1, 1, 0]]",0.0,,-3.0,0.0,,,,,-2.0
"[[0, -1, 0], [0, -1, 1], [0, 1, -1]]",0.0,,0.0,0.0,,,0.0,,
"[[0, -1, 0], [0, -1, 1], [-1, 0, 1]]",-3.0,,-8.0,0.0,,,,-3.0,
"[[0, -1, 0], [0, 0, 1], [-1, 1, -1]]",0.0,,0.0,-3.0,-2.0,,,,
"[[0, -1, 0], [0, 0, 1], [-1, -1, 1]]",-13.0,,-28.0,-14.0,-17.0,,,,
"[[0, -1, 0], [0, 0, 1], [1, -1, -1]]",-5.0,,-8.0,-6.0,-10.0,,,,
"[[0, -1, -1], [-1, 0, 0], [1, 1, 0]]",-3.0,,,,-2.0,-1.0,,,-14.0
"[[0, -1, -1], [0, -1, 0], [1, 1, 0]]",-4.0,,,-4.0,,-2.0,,,-24.0
"[[0, -1, -1], [0, 0, -1], [1, 1, 0]]",-4.0,,,-6.0,-3.0,,,,-10.0
"[[0, -1, -1], [0, 0, 0], [1, 1, -1]]",-1.0,,,-2.0,0.0,0.0,,,
"[[0, -1, -1], [-1, 0, 0], [1, 0, 1]]",-7.0,,,,-3.0,-1.0,,-26.0,
"[[0, -1, -1], [0, -1, 0], [1, 0, 1]]",-4.0,,,-1.0,,-1.0,,-36.0,
"[[0, -1, -1], [0, 0, -1], [1, 0, 1]]",-9.0,,,-8.0,-8.0,,,-8.0,
"[[0, -1, -1], [0, 0, 0], [1, -1, 1]]",-3.0,,,-2.0,-5.0,0.0,,,
"[[0, -1, 0], [-1, -1, 0], [1, 1, 0]]",-3.0,,-3.0,,,-4.0,,,-46.0
"[[0, -1, 0], [-1, 0, -1], [1, 1, 0]]",-3.0,,-4.0,,-5.0,,,,-8.0
"[[0, -1, 0], [-1, 0, 0], [1, 1, -1]]",0.0,,-2.0,,-3.0,0.0,,,
"[[0, -1, 0], [-1, -1, 0], [1, 0, 1]]",-1.0,,-2.0,,,-1.0,,-6.0,
"[[0, -1, 0], [-1, 0, -1], [1, 0, 1]]",-2.0,,-2.0,,-8.0,,,-4.0,
"[[0, -1, 0], [-1, 0, 0], [1, -1, 1]]",-2.0,,-5.0,,-2.0,-2.0,,,
"[[0, -1, 0], [0, -1, -1], [1, 1, 0]]",-8.0,,-2.0,-9.0,,,,,-40.0
"[[0, -1, 0], [0, -1, 0], [1, 1, -1]]",-3.0,,0.0,-1.0,,0.0,,,
"[[0, -1, 0], [0, -1, -1], [1, 0, 1]]",-6.0,,-1.0,-7.0,,,,-16.0,
"[[0, -1, 0], [0, 0, -1], [1, 1, -1]]",-3.0,,-4.0,-2.0,-4.0,,,,
"[[0, -1, 0], [0, 0, -1], [1, -1, 1]]",-1.0,,-6.0,0.0,-6.0,,,,
"[[0, -1, -1], [-1, 0, 0], [0, 1, 1]]",-3.0,,,,-4.0,0.0,-12.0,,
"[[0, -1, -1], [0, -1, 0], [0, 1, 1]]",-2.0,,,-2.0,,-1.0,-14.0,,
"[[0, -1, -1], [0, 0, -1], [0, 1, 1]]",-3.0,,,-3.0,-5.0,,-26.0,,
"[[0, -1, -1], [0, 0, 0], [-1, 1, 1]]",-3.0,,,0.0,-2.0,0.0,,,
"[[0, -1, 0], [-1, -1, 0], [0, 1, 1]]",-1.0,,-5.0,,,-2.0,-18.0,,
"[[0, -1, 0], [-1, 0, -1], [0, 1, 1]]",-5.0,,-3.0,,-6.0,,-12.0,,
"[[0, -1, 0], [-1, 0, 0], [-1, 1, 1]]",-2.0,,-4.0,,-5.0,-2.0,,,
"[[0, -1, 0], [0, -1, -1], [0, 1, 1]]",-3.0,,-3.0,-3.0,,,-6.0,,
"[[0, -1, 0], [0, -1, 0], [-1, 1, 1]]",0.0,,-1.0,0.0,,-1.0,,,
"[[0, -1, 0], [0, 0, -1], [-1, 1, 1]]",-5.0,,0.0,0.0,-2.0,,,,
"[[1, 1, -1], [-1, -1, 0], [0, 0, 0]]",,,,,,0.0,0.0,0.0,0.0
"[[1, 1, -1], [-1, 0, -1], [0, 0, 0]]",,,,,0.0,,0.0,-2.0,-3.0
"[[1, 1, -1], [-1, 0, 0], [-1, 0, 0]]",,,,,-8.0,0.0,,-1.0,-1.0
"[[1, 1, -1], [-1, 0, 0], [0, -1, 0]]",,,,,0.0,0.0,0.0,,-1.0
"[[1, 1, -1], [-1, 0, 0], [0, 0, -1]]",,,,,-2.0,0.0,0.0,-1.0,
"[[1, 0, -1], [-1, 1, -1], [0, 0, 0]]",,-3.0,,,,,-4.0,-4.0,-4.0
"[[1, 0, -1], [-1, 1, 0], [-1, 0, 0]]",,-3.0,,,,-2.0,,-5.0,-12.0
"[[1, 0, -1], [-1, 1, 0], [0, -1, 0]]",,-2.0,,,,-3.0,-4.0,,-8.0
"[[1, 0, -1], [-1, 1, 0], [0, 0, -1]]",,-2.0,,,,0.0,0.0,0.0,
"[[1, 0, -1], [-1, -1, 1], [0, 0, 0]]",,0.0,,,,,0.0,0.0,0.0
"[[1, 0, -1], [-1, 0, 1], [-1, 0, 0]]",,0.0,,,-4.0,,,0.0,-2.0
"[[1, 0, -1], [-1, 0, 1], [0, -1, 0]]",,0.0,,,-2.0,,0.0,,-5.0
"[[1, 0, -1], [-1, 0, 1], [0, 0, -1]]",,0.0,,,0.0,,0.0,0.0,
"[[1, 0, -1], [-1, -1, 0], [1, 0, 0]]",,0.0,,,,0.0,,-2.0,0.0
"[[1, 0, -1], [-1, 0, -1], [1, 0, 0]]",,0.0,,,-3.0,,,0.0,-2.0
"[[1, 0, -1], [-1, 0, 0], [1, -1, 0]]",,0.0,,,-2.0,0.0,,,-2.0
"[[1, 0, -1], [-1, 0, 0], [1, 0, -1]]",,0.0,,,0.0,0.0,,0.0,
"[[1, 0, -1], [-1, -1, 0], [0, 1, 0]]",,0.0,,,,0.0,-2.0,,0.0
"[[1, 0, -1], [-1, 0, -1], [0, 1, 0]]",,-3.0,,,-3.0,,-2.0,,-3.0
"[[1, 0, -1], [-1, 0, 0], [-1, 1, 0]]",,-3.0,,,-4.0,0.0,,,-2.0
"[[1, 0, -1], [-1, 0, 0], [0, 1, -1]]",,-1.0,,,-2.0,0.0,0.0,,
"[[1, 0, -1], [-1, -1, 0], [0, 0, 1]]",,0.0,,,,0.0,-1.0,0.0,
"[[1, 0, -1], [-1, 0, -1], [0, 0, 1]]",,-1.0,,,-8.0,,-3.0,-3.0,
"[[1, 0, -1], [-1, 0, 0], [-1, 0, 1]]",,0.0,,,-6.0,-2.0,,-1.0,
"[[1, 0, -1], [-1, 0, 0], [0, -1, 1]]",,-2.0,,,-8.0,-2.0,-1.0,,
"[[1, 1, -1], [0, -1, -1], [0, 0, 0]]",,,,-1.0,,,-1.0,0.0,0.0
"[[1, 1, -1], [0, -1, 0], [0, -1, 0]]",,,,-5.0,,0.0,-1.0,,0.0
"[[1, 1, -1], [0, -1, 0], [0, 0, -1]]",,,,-2.0,,0.0,-1.0,0.0,
"[[1, 0, -1], [1, -1, -1], [0, 0, 0]]",,-2.0,,,,,-6.0,-1.0,-2.0
"[[1, 0, -1], [1, -1, 0], [0, -1, 0]]",,-1.0,,,,0.0,-12.0,,-1.0
"[[1, 0, -1], [1, -1, 0], [0, 0, -1]]",,-3.0,,,,-2.0,-14.0,-2.0,
"[[1, 0, -1], [0, -1, 1], [0, -1, 0]]",,0.0,,-2.0,,,-1.0,,0.0
"[[1, 0, -1], [0, -1, 1], [0, 0, -1]]",,0.0,,-4.0,,,-3.0,0.0,
"[[1, 0, -1], [0, -1, -1], [1, 0, 0]]",,-2.0,,-8.0,,,,-3.0,-3.0
"[[1, 0, -1], [0, -1, 0], [1, -1, 0]]",,-1.0,,-2.0,,-1.0,,,-2.0
"[[1, 0, -1], [0, -1, 0], [1, 0, -1]]",,-1.0,,-8.0,,0.0,,-2.0,
"[[1, 0, -1], [0, -1, -1], [0, 1, 0]]",,0.0,,-1.0,,,-2.0,,-2.0
"[[1, 0, -1], [0, -1, 0], [0, 1, -1]]",,0.0,,-1.0,,0.0,-1.0,,
"[[1, 0, -1], [0, -1, -1], [0, 0, 1]]",,0.0,,0.0,,,-2.0,-1.0,
"[[1, 0, -1], [0, -1, 0], [0, -1, 1]]",,0.0,,0.0,,0.0,0.0,,
"[[1, 1, -1], [0, 0, -1], [-1, 0, 0]]",,,,0.0,-1.0,,,0.0,-3.0
"[[1, 1, -1], [0, 0, -1], [0, -1, 0]]",,,,0.0,-3.0,,0.0,,-2.0
"[[1, 0, -1], [1, 0, -1], [-1, 0, 0]]",,0.0,,,-2.0,,,0.0,-2.0
"[[1, 0, -1], [1, 0, -1], [0, -1, 0]]",,-1.0,,,-2.0,,-8.0,,-3.0
"[[1, 0, -1], [0, 1, -1], [-1, 0, 0]]",,-4.0,,0.0,,,,-2.0,-6.0
"[[1, 0, -1], [0, 1, -1], [0, -1, 0]]",,-2.0,,-2.0,,,-4.0,,-12.0
"[[1, 0, -1], [0, 0, -1], [1, -1, 0]]",,-1.0,,-8.0,-2.0,,,,-4.0
"[[1, 0, -1], [0, 0, -1], [-1, 1, 0]]",,0.0,,0.0,-5.0,,,,-6.0
"[[1, 0, -1], [0, 0, -1], [-1, 0, 1]]",,-2.0,,-1.0,-12.0,,,0.0,
"[[1, 0, -1], [0, 0, -1], [0, -1, 1]]",,0.0,,-1.0,-10.0,,-2.0,,
"[[1, 1, -1], [0, 0, 0], [-1, -1, 0]]",,,,0.0,-1.0,0.0,,,-2.0
"[[1, 1, -1], [0, 0, 0], [-1, 0, -1]]",,,,0.0,-1.0,0.0,,0.0,
"[[1, 0, -1], [1, 0, 0], [-1, -1, 0]]",,0.0,,,-1.0,-1.0,,,-2.0
"[[1, 0, -1], [1, 0, 0], [-1, 0, -1]]",,0.0,,,0.0,0.0,,0.0,
"[[1, 0, -1], [0, 1, 0], [-1, -1, 0]]",,-1.0,,-1.0,,-3.0,,,-10.0
"[[1, 0, -1], [0, 1, 0], [-1, 0, -1]]",,-2.0,,-2.0,,-1.0,,-2.0,
"[[1, 0, -1], [0, 0, 1], [-1, -1, 0]]",,0.0,,-1.0,-1.0,,,,0.0
"[[1, 0, -1], [0, 0, 1], [-1, 0, -1]]",,0.0,,0.0,-1.0,,,0.0,
"[[1, 0, -1], [0, 0, 0], [-1, 1, -1]]",,0.0,,0.0,-1.0,0.0,,,
"[[1, 0, -1], [0, 0, 0], [-1, -1, 1]]",,-3.0,,-2.0,-20.0,-2.0,,,
"[[1, 1, -1], [0, 0, 0], [0, -1, -1]]",,,,0.0,0.0,0.0,-1.0,,
"[[1, 0, -1], [1, 0, 0], [0, -1, -1]]",,-2.0,,,-4.0,-3.0,-20.0,,
"[[1, 0, -1], [0, 1, 0], [0, -1, -1]]",,0.0,,-2.0,,0.0,0.0,,
"[[1, 0, -1], [0, 0, 1], [0, -1, -1]]",,0.0,,-2.0,0.0,,-2.0,,
"[[1, 0, -1], [0, 0, 0], [1, -1, -1]]",,-1.0,,-4.0,0.0,-1.0,,,
"[[0, 1, -1], [-1, 1, -1], [0, 0, 0]]",-2.0,,,,,,-1.0,-14.0,-5.0
"[[0, 1, -1], [-1, 1, 0], [-1, 0, 0]]",-4.0,,,,,0.0,,-12.0,-4.0
"[[0, 1, -1], [-1, 1, 0], [0, -1, 0]]",-2.0,,,,,0.0,0.0,,-1.0
"[[0, 1, -1], [-1, 1, 0], [0, 0, -1]]",-2.0,,,,,-1.0,-3.0,-20.0,
"[[0, 1, -1], [-1, -1, 1], [0, 0, 0]]",0.0,,,,,,0.0,0.0,0.0
"[[0, 1, -1], [-1, 0, 1], [-1, 0, 0]]",0.0,,,,0.0,,,-2.0,0.0
"[[0, 1, -1], [-1, 0, 1], [0, -1, 0]]",0.0,,,,0.0,,0.0,,0.0
"[[0, 1, -1], [-1, 0, 1], [0, 0, -1]]",0.0,,,,-5.0,,0.0,-2.0,
"[[0, 1, -1], [-1, -1, 0], [1, 0, 0]]",0.0,,,,,0.0,,-1.0,-3.0
"[[0, 1, -1], [-1, 0, -1], [1, 0, 0]]",0.0,,,,0.0,,,-1.0,-1.0
"[[0, 1, -1], [-1, 0, 0], [1, -1, 0]]",0.0,,,,0.0,0.0,,,0.0
"[[0, 1, -1], [-1, 0, 0], [1, 0, -1]]",0.0,,,,-1.0,0.0,,0.0,
"[[0, 1, -1], [-1, -1, 0], [0, 1, 0]]",0.0,,,,,0.0,-1.0,,-3.0
"[[0, 1, -1], [-1, 0, -1], [0, 1, 0]]",0.0,,,,-12.0,,-4.0,,-1.0
"[[0, 1, -1], [-1, 0, 0], [-1, 1, 0]]",-2.0,,,,-14.0,-1.0,,,-3.0
"[[0, 1, -1], [-1, 0, 0], [0, 1, -1]]",-4.0,,,,-14.0,-2.0,-1.0,,
"[[0, 1, -1], [-1, -1, 0], [0, 0, 1]]",0.0,,,,,0.0,-1.0,0.0,
"[[0, 1, -1], [-1, 0, -1], [0, 0, 1]]",-3.0,,,,-7.0,,-3.0,-4.0,
"[[0, 1, -1], [-1, 0, 0], [-1, 0, 1]]",-3.0,,,,-3.0,0.0,,-2.0,
"[[0, 1, -1], [-1, 0, 0], [0, -1, 1]]",-2.0,,,,-1.0,0.0,0.0,,
"[[0, 1, -1], [1, -1, -1], [0, 0, 0]]",-3.0,,,,,,-1.0,0.0,0.0
"[[0, 1, -1], [1, -1, 0], [0, -1, 0]]",-2.0,,,,,0.0,-1.0,,0.0
"[[0, 1, -1], [1, -1, 0], [0, 0, -1]]",-1.0,,,,,0.0,-3.0,0.0,
"[[0, 1, -1], [0, -1, 1], [0, -1, 0]]",0.0,,,0.0,,,0.0,,0.0
"[[0, 1, -1], [0, -1, 1], [0, 0, -1]]",0.0,,,0.0,,,0.0,0.0,
"[[0, 1, -1], [0, -1, -1], [1, 0, 0]]",-2.0,,,-1.0,,,,-2.0,-1.0
"[[0, 1, -1], [0, -1, 0], [1, -1, 0]]",-1.0,,,-3.0,,0.0,,,0.0
"[[0, 1, -1], [0, -1, 0], [1, 0, -1]]",-1.0,,,-1.0,,0.0,,0.0,
"[[0, 1, -1], [0, -1, -1], [0, 1, 0]]",0.0,,,0.0,,,0.0,,-3.0
"[[0, 1, -1], [0, -1, 0], [0, 1, -1]]",0.0,,,0.0,,0.0,0.0,,
"[[0, 1, -1], [0, -1, -1], [0, 0, 1]]",0.0,,,0.0,,,-2.0,-2.0,
"[[0, 1, -1], [0, -1, 0], [0, -1, 1]]",0.0,,,0.0,,0.0,0.0,,
"[[0, 1, -1], [1, 0, -1], [-1, 0, 0]]",0.0,,,,-1.0,,,0.0,0.0
"[[0, 1, -1], [1, 0, -1], [0, -1, 0]]",-3.0,,,,0.0,,-1.0,,0.0
"[[0, 1, -1], [0, 1, -1], [-1, 0, 0]]",-2.0,,,0.0,,,,-10.0,-4.0
"[[0, 1, -1], [0, 1, -1], [0, -1, 0]]",-4.0,,,0.0,,,0.0,,-1.0
"[[0, 1, -1], [0, 0, -1], [1, -1, 0]]",-1.0,,,-2.0,0.0,,,,0.0
"[[0, 1, -1], [0, 0, -1], [-1, 1, 0]]",-3.0,,,-2.0,-8.0,,,,-2.0
"[[0, 1, -1], [0, 0, -1], [-1, 0, 1]]",-1.0,,,0.0,-2.0,,,-3.0,
"[[0, 1, -1], [0, 0, -1], [0, -1, 1]]",-6.0,,,0.0,-6.0,,0.0,,
"[[0, 1, -1], [1, 0, 0], [-1, -1, 0]]",0.0,,,,-1.0,-2.0,,,0.0
"[[0, 1, -1], [1, 0, 0], [-1, 0, -1]]",0.0,,,,0.0,0.0,,-4.0,
"[[0, 1, -1], [0, 1, 0], [-1, -1, 0]]",-2.0,,,0.0,,-1.0,,,-2.0
"[[0, 1, -1], [0, 1, 0], [-1, 0, -1]]",-1.0,,,-2.0,,-2.0,,-12.0,
"[[0, 1, -1], [0, 0, 1], [-1, -1, 0]]",0.0,,,-2.0,-1.0,,,,0.0
"[[0, 1, -1], [0, 0, 1], [-1, 0, -1]]",0.0,,,-1.0,-4.0,,,-3.0,
"[[0, 1, -1], [0, 0, 0], [-1, 1, -1]]",-1.0,,,-1.0,-16.0,-2.0,,,
"[[0, 1, -1], [0, 0, 0], [-1, -1, 1]]",-3.0,,,0.0,-1.0,0.0,,,
"[[0, 1, -1], [1, 0, 0], [0, -1, -1]]",0.0,,,,0.0,0.0,0.0,,
"[[0, 1, -1], [0, 1, 0], [0, -1, -1]]",0.0,,,-2.0,,-2.0,0.0,,
"[[0, 1, -1], [0, 0, 1], [0, -1, -1]]",0.0,,,-1.0,-1.0,,0.0,,
"[[0, 1, -1], [0, 0, 0], [1, -1, -1]]",-1.0,,,-1.0,0.0,0.0,,,
"[[0, 0, -1], [1, -1, 1], [0, -1, 0]]",-1.0,0.0,,,,,-3.0,,0.0
"[[0, 0, -1], [1, -1, 1], [0, 0, -1]]",-2.0,0.0,,,,,-1.0,0.0,
"[[0, 0, -1], [1, -1, -1], [1, 0, 0]]",-18.0,-1.0,,,,,,-4.0,-2.0
"[[0, 0, -1], [1, -1, 0], [1, -1, 0]]",-2.0,0.0,,,,0.0,,,0.0
"[[0, 0, -1], [1, -1, 0], [1, 0, -1]]",-10.0,-1.0,,,,-3.0,,-1.0,
"[[0, 0, -1], [1, -1, -1], [0, 1, 0]]",-1.0,0.0,,,,,-3.0,,-2.0
"[[0, 0, -1], [1, -1, 0], [0, 1, -1]]",0.0,0.0,,,,0.0,0.0,,
"[[0, 0, -1], [1, -1, -1], [0, 0, 1]]",-6.0,0.0,,,,,-4.0,-6.0,
"[[0, 0, -1], [1, -1, 0], [0, -1, 1]]",-2.0,0.0,,,,0.0,-1.0,,
"[[0, 0, -1], [1, 1, -1], [-1, 0, 0]]",-1.0,-1.0,,,,,,-2.0,0.0
"[[0, 0, -1], [1, 1, -1], [0, -1, 0]]",-4.0,0.0,,,,,0.0,,-2.0
"[[0, 0, -1], [1, 0, -1], [1, -1, 0]]",-18.0,-1.0,,,0.0,,,,-1.0
"[[0, 0, -1], [1, 0, -1], [-1, 1, 0]]",0.0,-2.0,,,-4.0,,,,0.0
"[[0, 0, -1], [1, 0, -1], [-1, 0, 1]]",-5.0,0.0,,,-2.0,,,0.0,
"[[0, 0, -1], [1, 0, -1], [0, -1, 1]]",-2.0,0.0,,,0.0,,-1.0,,
"[[0, 0, -1], [1, 1, 0], [-1, -1, 0]]",0.0,0.0,,,,-8.0,,,-1.0
"[[0, 0, -1], [1, 1, 0], [-1, 0, -1]]",-3.0,-5.0,,,,-18.0,,-2.0,
"[[0, 0, -1], [1, 0, 1], [-1, -1, 0]]",-3.0,-4.0,,,-20.0,,,,-5.0
"[[0, 0, -1], [1, 0, 1], [-1, 0, -1]]",-2.0,-2.0,,,-14.0,,,-3.0,
"[[0, 0, -1], [1, 0, 0], [-1, 1, -1]]",0.0,-1.0,,,-2.0,-4.0,,,
"[[0, 0, -1], [1, 0, 0], [-1, -1, 1]]",-1.0,0.0,,,-3.0,-4.0,,,
"[[0, 0, -1], [1, 1, 0], [0, -1, -1]]",-1.0,0.0,,,,-12.0,-3.0,,
"[[0, 0, -1], [1, 0, 1], [0, -1, -1]]",-4.0,0.0,,,-8.0,,-8.0,,
"[[0, 0, -1], [1, 0, 0], [1, -1, -1]]",-32.0,-3.0,,,-3.0,-8.0,,,
"[[0, 0, -1], [-1, 1, 1], [-1, 0, 0]]",-1.0,-1.0,,,,,,-1.0,-3.0
"[[0, 0, -1], [-1, 1, 1], [0, -1, 0]]",-4.0,0.0,,,,,0.0,,-1.0
"[[0, 0, -1], [-1, 1, 1], [0, 0, -1]]",0.0,-2.0,,,,,0.0,-5.0,
"[[0, 0, -1], [-1, 1, -1], [1, 0, 0]]",-1.0,-1.0,,,,,,0.0,0.0
"[[0, 0, -1], [-1, 1, 0], [1, -1, 0]]",0.0,0.0,,,,0.0,,,-1.0
"[[0, 0, -1], [-1, 1, 0], [1, 0, -1]]",0.0,-4.0,,,,0.0,,-1.0,
"[[0, 0, -1], [-1, 1, -1], [0, 1, 0]]",-4.0,-18.0,,,,,-3.0,,-7.0
"[[0, 0, -1], [-1, 1, 0], [-1, 1, 0]]",-1.0,-22.0,,,,-1.0,,,-4.0
"[[0, 0, -1], [-1, 1, 0], [0, 1, -1]]",0.0,-2.0,,,,-1.0,-1.0,,
"[[0, 0, -1], [-1, 1, -1], [0, 0, 1]]",-10.0,-4.0,,,,,-8.0,-5.0,
"[[0, 0, -1], [-1, 1, 0], [-1, 0, 1]]",-10.0,-5.0,,,,-4.0,,-6.0,
"[[0, 0, -1], [-1, 1, 0], [0, -1, 1]]",-4.0,-1.0,,,,-1.0,-2.0,,
"[[0, 0, -1], [0, 1, -1], [1, -1, 0]]",-4.0,0.0,,-1.0,,,,,0.0
"[[0, 0, -1], [0, 1, -1], [-1, 1, 0]]",-5.0,-26.0,,0.0,,,,,-4.0
"[[0, 0, -1], [0, 1, -1], [-1, 0, 1]]",-6.0,-2.0,,-2.0,,,,0.0,
"[[0, 0, -1], [0, 1, -1], [0, -1, 1]]",-8.0,-1.0,,-1.0,,,-2.0,,
"[[0, 0, -1], [0, 1, 1], [-1, -1, 0]]",-4.0,-1.0,,-18.0,,,,,-3.0
"[[0, 0, -1], [0, 1, 1], [-1, 0, -1]]",-1.0,-7.0,,-26.0,,,,-5.0,
"[[0, 0, -1], [0, 1, 0], [-1, 1, -1]]",0.0,-12.0,,-1.0,,-7.0,,,
"[[0, 0, -1], [0, 1, 0], [-1, -1, 1]]",-6.0,0.0,,-3.0,,-1.0,,,
"[[0, 0, -1], [0, 1, 1], [0, -1, -1]]",-1.0,-1.0,,-6.0,,,0.0,,
"[[0, 0, -1], [0, 1, 0], [1, -1, -1]]",-1.0,0.0,,-3.0,,-1.0,,,
"[[0, 0, -1], [-1, -1, 1], [1, 0, 0]]",0.0,0.0,,,,,,-1.0,-3.0
"[[0, 0, -1], [-1, 0, 1], [1, -1, 0]]",0.0,0.0,,,0.0,,,,0.0
"[[0, 0, -1], [-1, 0, 1], [1, 0, -1]]",0.0,0.0,,,0.0,,,0.0,
"[[0, 0, -1], [-1, -1, 1], [0, 1, 0]]",0.0,0.0,,,,,0.0,,-1.0
"[[0, 0, -1], [-1, 0, 1], [-1, 1, 0]]",0.0,-2.0,,,-3.0,,,,0.0
"[[0, 0, -1], [-1, 0, 1], [0, 1, -1]]",0.0,-2.0,,,-3.0,,0.0,,
"[[0, 0, -1], [-1, -1, 1], [0, 0, 1]]",0.0,0.0,,,,,-1.0,-4.0,
"[[0, 0, -1], [-1, 0, 1], [-1, 0, 1]]",-1.0,0.0,,,0.0,,,0.0,
"[[0, 0, -1], [-1, 0, 1], [0, -1, 1]]",-1.0,0.0,,,-2.0,,0.0,,
"[[0, 0, -1], [0, -1, 1], [1, -1, 0]]",-2.0,0.0,,0.0,,,,,0.0
"[[0, 0, -1], [0, -1, 1], [1, 0, -1]]",-2.0,0.0,,-1.0,,,,0.0,
"[[0, 0, -1], [0, -1, 1], [0, 1, -1]]",0.0,0.0,,0.0,,,0.0,,
"[[0, 0, -1], [0, -1, 1], [0, -1, 1]]",0.0,0.0,,0.0,,,0.0,,
"[[0, 0, -1], [0, 0, 1], [-1, 1, -1]]",0.0,-1.0,,-2.0,-2.0,,,,
"[[0, 0, -1], [0, 0, 1], [-1, -1, 1]]",-1.0,0.0,,0.0,-2.0,,,,
"[[0, 0, -1], [0, 0, 1], [1, -1, -1]]",-1.0,0.0,,-5.0,-2.0,,,,
"[[0, 0, -1], [-1, -1, 0], [1, 1, 0]]",-1.0,-1.0,,,,-2.0,,,-8.0
"[[0, 0, -1], [-1, 0, -1], [1, 1, 0]]",-1.0,0.0,,,-4.0,,,,-10.0
"[[0, 0, -1], [-1, 0, 0], [1, 1, -1]]",0.0,0.0,,,-1.0,0.0,,,
"[[0, 0, -1], [-1, -1, 0], [1, 0, 1]]",-2.0,-1.0,,,,-2.0,,-14.0,
"[[0, 0, -1], [-1, 0, -1], [1, 0, 1]]",-1.0,-2.0,,,-3.0,,,-4.0,
"[[0, 0, -1], [-1, 0, 0], [1, -1, 1]]",-1.0,0.0,,,-1.0,0.0,,,
"[[0, 0, -1], [0, -1, -1], [1, 1, 0]]",-2.0,-1.0,,-1.0,,,,,-6.0
"[[0, 0, -1], [0, -1, 0], [1, 1, -1]]",-1.0,0.0,,-1.0,,0.0,,,
"[[0, 0, -1], [0, -1, -1], [1, 0, 1]]",-2.0,0.0,,-1.0,,,,-4.0,
"[[0, 0, -1], [0, -1, 0], [1, -1, 1]]",-1.0,0.0,,0.0,,0.0,,,
"[[0, 0, -1], [0, 0, -1], [1, -1, 1]]",-3.0,0.0,,-1.0,-2.0,,,,
"[[0, 0, -1], [-1, -1, 0], [0, 1, 1]]",-1.0,-1.0,,,,-1.0,-6.0,,
"[[0, 0, -1], [-1, 0, -1], [0, 1, 1]]",-6.0,-5.0,,,-6.0,,-8.0,,
"[[0, 0, -1], [-1, 0, 0], [-1, 1, 1]]",-2.0,-1.0,,,-1.0,0.0,,,
"[[0, 0, -1], [0, -1, -1], [0, 1, 1]]",-3.0,-1.0,,-3.0,,,-12.0,,
"[[0, 0, -1], [0, 0, -1], [-1, 1, 1]]",0.0,-1.0,,0.0,-2.0,,,,
"[[1, 1, 0], [-1, -1, 0], [-1, 0, 0]]",,,-14.0,,,-1.0,,0.0,0.0
"[[1, 1, 0], [-1, -1, 0], [0, -1, 0]]",,,-4.0,,,-1.0,-2.0,,-3.0
"[[1, 1, 0], [-1, -1, 0], [0, 0, -1]]",,,-8.0,,,0.0,0.0,0.0,
"[[1, 0, 1], [-1, -1, 0], [-1, 0, 0]]",,-4.0,,,,-2.0,,0.0,-3.0
"[[1, 0, 1], [-1, -1, 0], [0, -1, 0]]",,-8.0,,,,-1.0,0.0,,-5.0
"[[1, 0, 1], [-1, -1, 0], [0, 0, -1]]",,-16.0,,,,-3.0,-2.0,-3.0,
"[[1, 0, 0], [-1, -1, 1], [-1, 0, 0]]",,-1.0,-4.0,,,,,0.0,-3.0
"[[1, 0, 0], [-1, -1, 1], [0, -1, 0]]",,-2.0,-3.0,,,,0.0,,-1.0
"[[1, 0, 0], [-1, -1, 1], [0, 0, -1]]",,-1.0,-5.0,,,,0.0,0.0,
"[[1, 0, 0], [-1, -1, 0], [1, -1, 0]]",,-1.0,-2.0,,,0.0,,,0.0
"[[1, 0, 0], [-1, -1, 0], [1, 0, -1]]",,-2.0,0.0,,,0.0,,0.0,
"[[1, 0, 0], [-1, -1, 0], [-1, 1, 0]]",,0.0,-1.0,,,0.0,,,0.0
"[[1, 0, 0], [-1, -1, 0], [0, 1, -1]]",,0.0,0.0,,,0.0,0.0,,
"[[1, 0, 0], [-1, -1, 0], [-1, 0, 1]]",,-1.0,-5.0,,,-2.0,,0.0,
"[[1, 0, 0], [-1, -1, 0], [0, -1, 1]]",,-1.0,-1.0,,,0.0,0.0,,
"[[1, 1, 0], [-1, 0, -1], [-1, 0, 0]]",,,-14.0,,-4.0,,,-3.0,-4.0
"[[1, 1, 0], [-1, 0, -1], [0, -1, 0]]",,,-12.0,,-6.0,,-2.0,,-3.0
"[[1, 1, 0], [-1, 0, -1], [0, 0, -1]]",,,-18.0,,-4.0,,0.0,-3.0,
"[[1, 0, 1], [-1, 0, -1], [-1, 0, 0]]",,-8.0,,,-4.0,,,0.0,-6.0
"[[1, 0, 1], [-1, 0, -1], [0, -1, 0]]",,-10.0,,,-5.0,,-5.0,,-2.0
"[[1, 0, 1], [-1, 0, -1], [0, 0, -1]]",,-4.0,,,-4.0,,-3.0,-1.0,
"[[1, 0, 0], [-1, 1, -1], [-1, 0, 0]]",,-6.0,-5.0,,,,,-6.0,-26.0
"[[1, 0, 0], [-1, 1, -1], [0, -1, 0]]",,-3.0,-5.0,,,,-3.0,,-4.0
"[[1, 0, 0], [-1, 1, -1], [0, 0, -1]]",,-2.0,-3.0,,,,-2.0,-2.0,
"[[1, 0, 0], [-1, 0, -1], [1, -1, 0]]",,-3.0,-6.0,,-6.0,,,,-3.0
"[[1, 0, 0], [-1, 0, -1], [1, 0, -1]]",,0.0,0.0,,0.0,,,0.0,
"[[1, 0, 0], [-1, 0, -1], [-1, 1, 0]]",,-4.0,-2.0,,-12.0,,,,-4.0
"[[1, 0, 0], [-1, 0, -1], [0, 1, -1]]",,-4.0,0.0,,-3.0,,0.0,,
"[[1, 0, 0], [-1, 0, -1], [-1, 0, 1]]",,-3.0,-4.0,,-12.0,,,-3.0,
"[[1, 0, 0], [-1, 0, -1], [0, -1, 1]]",,-4.0,-2.0,,-8.0,,-1.0,,
"[[1, 1, 0], [-1, 0, 0], [-1, -1, 0]]",,,-14.0,,-4.0,-5.0,,,-4.0
"[[1, 1, 0], [-1, 0, 0], [-1, 0, -1]]",,,-4.0,,-3.0,-3.0,,-4.0,
"[[1, 0, 1], [-1, 0, 0], [-1, -1, 0]]",,-10.0,,,-6.0,-3.0,,,-5.0
"[[1, 0, 1], [-1, 0, 0], [-1, 0, -1]]",,-6.0,,,0.0,-1.0,,-1.0,
"[[1, 0, 0], [-1, 1, 0], [-1, -1, 0]]",,-3.0,-3.0,,,-2.0,,,-22.0
"[[1, 0, 0], [-1, 1, 0], [-1, 0, -1]]",,-2.0,0.0,,,0.0,,0.0,
"[[1, 0, 0], [-1, 0, 1], [-1, -1, 0]]",,-2.0,-4.0,,-3.0,,,,-6.0
"[[1, 0, 0], [-1, 0, 1], [-1, 0, -1]]",,-1.0,-4.0,,0.0,,,0.0,
"[[1, 0, 0], [-1, 0, 0], [-1, 1, -1]]",,-4.0,-1.0,,-3.0,0.0,,,
"[[1, 0, 0], [-1, 0, 0], [-1, -1, 1]]",,-4.0,-6.0,,-8.0,-3.0,,,
"[[1, 1, 0], [-1, 0, 0], [0, -1, -1]]",,,-4.0,,0.0,-1.0,-2.0,,
"[[1, 0, 1], [-1, 0, 0], [0, -1, -1]]",,-2.0,,,-2.0,0.0,-2.0,,
"[[1, 0, 0], [-1, 1, 0], [0, -1, -1]]",,-2.0,-3.0,,,0.0,0.0,,
"[[1, 0, 0], [-1, 0, 1], [0, -1, -1]]",,0.0,0.0,,0.0,,0.0,,
"[[1, 0, 0], [-1, 0, 0], [1, -1, -1]]",,-2.0,-4.0,,-3.0,0.0,,,
"[[0, 1, 1], [-1, -1, 0], [-1, 0, 0]]",-10.0,,,,,-3.0,,-1.0,-2.0
"[[0, 1, 1], [-1, -1, 0], [0, -1, 0]]",-12.0,,,,,-5.0,0.0,,-1.0
"[[0, 1, 1], [-1, -1, 0], [0, 0, -1]]",-24.0,,,,,-2.0,-1.0,-1.0,
"[[0, 1, 0], [-1, -1, 1], [-1, 0, 0]]",-2.0,,-5.0,,,,,0.0,-1.0
"[[0, 1, 0], [-1, -1, 1], [0, -1, 0]]",-3.0,,-5.0,,,,0.0,,-2.0
"[[0, 1, 0], [-1, -1, 1], [0, 0, -1]]",-2.0,,-2.0,,,,0.0,0.0,
"[[0, 1, 0], [-1, -1, 0], [1, -1, 0]]",-3.0,,-2.0,,,0.0,,,0.0
"[[0, 1, 0], [-1, -1, 0], [1, 0, -1]]",-2.0,,0.0,,,0.0,,0.0,
"[[0, 1, 0], [-1, -1, 0], [-1, 1, 0]]",0.0,,-1.0,,,0.0,,,0.0
"[[0, 1, 0], [-1, -1, 0], [0, 1, -1]]",0.0,,-1.0,,,0.0,0.0,,
"[[0, 1, 0], [-1, -1, 0], [-1, 0, 1]]",0.0,,0.0,,,-1.0,,0.0,
"[[0, 1, 0], [-1, -1, 0], [0, -1, 1]]",-2.0,,-2.0,,,-4.0,0.0,,
"[[0, 1, 1], [-1, 0, -1], [-1, 0, 0]]",-10.0,,,,-4.0,,,-3.0,-2.0
"[[0, 1, 1], [-1, 0, -1], [0, -1, 0]]",-8.0,,,,-8.0,,-4.0,,-3.0
"[[0, 1, 1], [-1, 0, -1], [0, 0, -1]]",-8.0,,,,-5.0,,-1.0,-2.0,
"[[0, 1, 0], [-1, 1, -1], [-1, 0, 0]]",-5.0,,-3.0,,,,,-8.0,-2.0
"[[0, 1, 0], [-1, 1, -1], [0, -1, 0]]",-5.0,,-6.0,,,,-2.0,,-3.0
"[[0, 1, 0], [-1, 1, -1], [0, 0, -1]]",-2.0,,-2.0,,,,-4.0,-6.0,
"[[0, 1, 0], [-1, 0, -1], [1, -1, 0]]",0.0,,-7.0,,-2.0,,,,0.0
"[[0, 1, 0], [-1, 0, -1], [1, 0, -1]]",0.0,,-4.0,,-3.0,,,0.0,
"[[0, 1, 0], [-1, 0, -1], [-1, 1, 0]]",-4.0,,-3.0,,-4.0,,,,-3.0
"[[0, 1, 0], [-1, 0, -1], [0, 1, -1]]",-2.0,,-3.0,,-6.0,,-1.0,,
"[[0, 1, 0], [-1, 0, -1], [-1, 0, 1]]",-2.0,,-2.0,,-1.0,,,-1.0,
"[[0, 1, 0], [-1, 0, -1], [0, -1, 1]]",-6.0,,-1.0,,-4.0,,0.0,,
"[[0, 1, 1], [-1, 0, 0], [-1, -1, 0]]",-14.0,,,,-3.0,-3.0,,,-5.0
"[[0, 1, 1], [-1, 0, 0], [-1, 0, -1]]",-12.0,,,,-1.0,-1.0,,-2.0,
"[[0, 1, 0], [-1, 1, 0], [-1, -1, 0]]",-2.0,,-1.0,,,0.0,,,-2.0
"[[0, 1, 0], [-1, 1, 0], [-1, 0, -1]]",-2.0,,-1.0,,,0.0,,-6.0,
"[[0, 1, 0], [-1, 0, 1], [-1, -1, 0]]",-2.0,,-5.0,,0.0,,,,-2.0
"[[0, 1, 0], [-1, 0, 1], [-1, 0, -1]]",-2.0,,-1.0,,-1.0,,,0.0,
"[[0, 1, 0], [-1, 0, 0], [-1, 1, -1]]",-5.0,,-3.0,,-26.0,-3.0,,,
"[[0, 1, 0], [-1, 0, 0], [-1, -1, 1]]",-5.0,,-5.0,,-2.0,-5.0,,,
"[[0, 1, 1], [-1, 0, 0], [0, -1, -1]]",-12.0,,,,-3.0,-2.0,-6.0,,
"[[0, 1, 0], [-1, 1, 0], [0, -1, -1]]",-2.0,,-1.0,,,0.0,-1.0,,
"[[0, 1, 0], [-1, 0, 1], [0, -1, -1]]",-1.0,,0.0,,0.0,,0.0,,
"[[0, 1, 0], [-1, 0, 0], [1, -1, -1]]",-2.0,,-2.0,,-3.0,0.0,,,
"[[0, 0, 1], [-1, -1, 1], [-1, 0, 0]]",-3.0,-3.0,,,,,,-2.0,-22.0
"[[0, 0, 1], [-1, -1, 1], [0, -1, 0]]",-3.0,-1.0,,,,,-1.0,,-16.0
"[[0, 0, 1], [-1, -1, 1], [0, 0, -1]]",-2.0,-2.0,,,,,0.0,0.0,
"[[0, 0, 1], [-1, -1, 0], [1, -1, 0]]",0.0,0.0,,,,-3.0,,,0.0
"[[0, 0, 1], [-1, -1, 0], [1, 0, -1]]",-1.0,-1.0,,,,0.0,,0.0,
"[[0, 0, 1], [-1, -1, 0], [-1, 1, 0]]",0.0,-1.0,,,,-2.0,,,-2.0
"[[0, 0, 1], [-1, -1, 0], [0, 1, -1]]",0.0,-1.0,,,,0.0,0.0,,
"[[0, 0, 1], [-1, -1, 0], [-1, 0, 1]]",0.0,-3.0,,,,-4.0,,-1.0,
"[[0, 0, 1], [-1, -1, 0], [0, -1, 1]]",-2.0,-5.0,,,,-6.0,-1.0,,
"[[0, 0, 1], [-1, 1, -1], [-1, 0, 0]]",-6.0,-5.0,,,,,,-1.0,-4.0
"[[0, 0, 1], [-1, 1, -1], [0, -1, 0]]",-5.0,-4.0,,,,,-8.0,,-3.0
"[[0, 0, 1], [-1, 1, -1], [0, 0, -1]]",-4.0,-8.0,,,,,-16.0,-4.0,
"[[0, 0, 1], [-1, 0, -1], [1, -1, 0]]",-2.0,-4.0,,,-12.0,,,,-2.0
"[[0, 0, 1], [-1, 0, -1], [1, 0, -1]]",-4.0,-3.0,,,-8.0,,,-2.0,
"[[0, 0, 1], [-1, 0, -1], [-1, 1, 0]]",-3.0,-5.0,,,-2.0,,,,0.0
"[[0, 0, 1], [-1, 0, -1], [0, 1, -1]]",-3.0,-7.0,,,-7.0,,-3.0,,
"[[0, 0, 1], [-1, 0, -1], [-1, 0, 1]]",-2.0,-1.0,,,-1.0,,,0.0,
"[[0, 0, 1], [-1, 0, -1], [0, -1, 1]]",-2.0,0.0,,,-2.0,,-2.0,,
"[[0, 0, 1], [-1, 1, 0], [-1, -1, 0]]",-2.0,-2.0,,,,-1.0,,,-1.0
"[[0, 0, 1], [-1, 1, 0], [-1, 0, -1]]",0.0,-1.0,,,,0.0,,-1.0,
"[[0, 0, 1], [-1, 0, 1], [-1, -1, 0]]",-3.0,-1.0,,,0.0,,,,-6.0
"[[0, 0, 1], [-1, 0, 1], [-1, 0, -1]]",-1.0,-1.0,,,0.0,,,0.0,
"[[0, 0, 1], [-1, 0, 0], [-1, 1, -1]]",-1.0,-7.0,,,-1.0,0.0,,,
"[[0, 0, 1], [-1, 0, 0], [-1, -1, 1]]",-10.0,-6.0,,,-6.0,-12.0,,,
"[[0, 0, 1], [-1, 1, 0], [0, -1, -1]]",-4.0,-3.0,,,,-2.0,-6.0,,
"[[0, 0, 1], [-1, 0, 1], [0, -1, -1]]",0.0,0.0,,,-2.0,,-1.0,,
"[[0, 0, 1], [-1, 0, 0], [1, -1, -1]]",-3.0,-4.0,,,-18.0,-4.0,,,
"[[0, 0, 0], [-1, 1, -1], [1, -1, 0]]",-2.0,-2.0,-10.0,,,,,,-1.0
"[[0, 0, 0], [-1, 1, -1], [1, 0, -1]]",-2.0,-3.0,-6.0,,,,,-2.0,
"[[0, 0, 0], [-1, 1, -1], [-1, 1, 0]]",-6.0,-4.0,-2.0,,,,,,-1.0
"[[0, 0, 0], [-1, 1, -1], [0, 1, -1]]",-1.0,-14.0,-4.0,,,,-4.0,,
"[[0, 0, 0], [-1, 1, -1], [-1, 0, 1]]",-8.0,-5.0,-5.0,,,,,-5.0,
"[[0, 0, 0], [-1, 1, -1], [0, -1, 1]]",-20.0,-2.0,-4.0,,,,-5.0,,
"[[0, 0, 0], [-1, 1, 1], [-1, -1, 0]]",-1.0,0.0,0.0,,,,,,-3.0
"[[0, 0, 0], [-1, 1, 1], [-1, 0, -1]]",0.0,-1.0,0.0,,,,,-1.0,
"[[0, 0, 0], [-1, 1, 0], [-1, 1, -1]]",-2.0,-10.0,0.0,,,-1.0,,,
"[[0, 0, 0], [-1, 1, 0], [-1, -1, 1]]",-4.0,-2.0,-3.0,,,-4.0,,,
"[[0, 0, 0], [-1, 1, 1], [0, -1, -1]]",0.0,0.0,-3.0,,,,-1.0,,
"[[0, 0, 0], [-1, 1, 0], [1, -1, -1]]",-1.0,-2.0,-8.0,,,-1.0,,,
"[[0, 0, 0], [-1, -1, 1], [1, -1, 0]]",0.0,0.0,-5.0,,,,,,-2.0
"[[0, 0, 0], [-1, -1, 1], [1, 0, -1]]",0.0,0.0,0.0,,,,,0.0,
"[[0, 0, 0], [-1, -1, 1], [-1, 1, 0]]",0.0,0.0,-1.0,,,,,,0.0
"[[0, 0, 0], [-1, -1, 1], [0, 1, -1]]",0.0,0.0,0.0,,,,0.0,,
"[[0, 0, 0], [-1, -1, 1], [-1, 0, 1]]",-2.0,-1.0,-8.0,,,,,0.0,
"[[0, 0, 0], [-1, -1, 1], [0, -1, 1]]",0.0,-2.0,-16.0,,,,-1.0,,
"[[0, 0, 0], [-1, 0, 1], [-1, 1, -1]]",0.0,0.0,0.0,,-2.0,,,,
"[[0, 0, 0], [-1, 0, 1], [-1, -1, 1]]",-1.0,0.0,-8.0,,-2.0,,,,
"[[0, 0, 0], [-1, 0, 1], [1, -1, -1]]",0.0,0.0,-4.0,,-1.0,,,,
"[[0, 0, 0], [-1, -1, 0], [1, 1, -1]]",0.0,0.0,0.0,,,0.0,,,
"[[0, 0, 0], [-1, -1, 0], [1, -1, 1]]",0.0,0.0,0.0,,,0.0,,,
"[[0, 0, 0], [-1, 0, -1], [1, 1, -1]]",0.0,0.0,-4.0,,-3.0,,,,
"[[0, 0, 0], [-1, 0, -1], [1, -1, 1]]",-6.0,0.0,-3.0,,-6.0,,,,
"[[0, 0, 0], [-1, -1, 0], [-1, 1, 1]]",0.0,0.0,0.0,,,0.0,,,
"[[0, 0, 0], [-1, 0, -1], [-1, 1, 1]]",-3.0,-2.0,0.0,,-7.0,,,,
"[[1, 1, 0], [0, -1, -1], [-1, 0, 0]]",,,-6.0,-2.0,,,,-2.0,-1.0
"[[1, 1, 0], [0, -1, -1], [0, -1, 0]]",,,-8.0,-5.0,,,-2.0,,-3.0
"[[1, 1, 0], [0, -1, -1], [0, 0, -1]]",,,0.0,-2.0,,,-2.0,0.0,
"[[1, 0, 1], [0, -1, -1], [-1, 0, 0]]",,-12.0,,0.0,,,,0.0,0.0
"[[1, 0, 1], [0, -1, -1], [0, -1, 0]]",,-10.0,,0.0,,,-2.0,,0.0
"[[1, 0, 1], [0, -1, -1], [0, 0, -1]]",,-16.0,,-5.0,,,-5.0,0.0,
"[[1, 0, 0], [1, -1, -1], [-1, 0, 0]]",,-3.0,-1.0,,,,,0.0,0.0
"[[1, 0, 0], [1, -1, -1], [0, -1, 0]]",,-6.0,-4.0,,,,-22.0,,-3.0
"[[1, 0, 0], [1, -1, -1], [0, 0, -1]]",,-5.0,-3.0,,,,-10.0,-5.0,
"[[1, 0, 0], [0, -1, -1], [1, -1, 0]]",,0.0,-2.0,-10.0,,,,,0.0
"[[1, 0, 0], [0, -1, -1], [1, 0, -1]]",,-1.0,-5.0,-2.0,,,,0.0,
"[[1, 0, 0], [0, -1, -1], [-1, 1, 0]]",,0.0,-1.0,0.0,,,,,0.0
"[[1, 0, 0], [0, -1, -1], [0, 1, -1]]",,-3.0,-1.0,-4.0,,,-3.0,,
"[[1, 0, 0], [0, -1, -1], [-1, 0, 1]]",,0.0,-1.0,0.0,,,,0.0,
"[[1, 0, 0], [0, -1, -1], [0, -1, 1]]",,0.0,-1.0,-1.0,,,-2.0,,
"[[1, 1, 0], [0, -1, 0], [-1, -1, 0]]",,,-8.0,-1.0,,0.0,,,-1.0
"[[1, 1, 0], [0, -1, 0], [-1, 0, -1]]",,,-20.0,0.0,,0.0,,-2.0,
"[[1, 0, 1], [0, -1, 0], [-1, -1, 0]]",,-6.0,,0.0,,-2.0,,,-3.0
"[[1, 0, 1], [0, -1, 0], [-1, 0, -1]]",,-6.0,,0.0,,-4.0,,-2.0,
"[[1, 0, 0], [1, -1, 0], [-1, -1, 0]]",,-1.0,0.0,,,0.0,,,0.0
"[[1, 0, 0], [1, -1, 0], [-1, 0, -1]]",,-4.0,-1.0,,,0.0,,0.0,
"[[1, 0, 0], [0, -1, 1], [-1, -1, 0]]",,-3.0,-4.0,0.0,,,,,-1.0
"[[1, 0, 0], [0, -1, 1], [-1, 0, -1]]",,0.0,0.0,0.0,,,,0.0,
"[[1, 0, 0], [0, -1, 0], [-1, 1, -1]]",,-3.0,0.0,0.0,,0.0,,,
"[[1, 0, 0], [0, -1, 0], [-1, -1, 1]]",,-2.0,-1.0,0.0,,-1.0,,,
"[[1, 1, 0], [0, -1, 0], [0, -1, -1]]",,,-8.0,-2.0,,-1.0,-7.0,,
"[[1, 0, 1], [0, -1, 0], [0, -1, -1]]",,-14.0,,-7.0,,-1.0,-5.0,,
"[[1, 0, 0], [1, -1, 0], [0, -1, -1]]",,-3.0,-3.0,,,-1.0,-6.0,,
"[[1, 0, 0], [0, -1, 1], [0, -1, -1]]",,0.0,-1.0,0.0,,,0.0,,
"[[1, 0, 0], [0, -1, 0], [1, -1, -1]]",,-3.0,-2.0,-10.0,,-1.0,,,
"[[0, 1, 1], [0, -1, -1], [-1, 0, 0]]",-16.0,,,-1.0,,,,-1.0,-1.0
"[[0, 1, 1], [0, -1, -1], [0, -1, 0]]",-20.0,,,-2.0,,,-2.0,,-1.0
"[[0, 1, 1], [0, -1, -1], [0, 0, -1]]",-8.0,,,-2.0,,,0.0,0.0,
"[[0, 1, 0], [1, -1, -1], [-1, 0, 0]]",0.0,,-3.0,,,,,0.0,0.0
"[[0, 1, 0], [1, -1, -1], [0, -1, 0]]",-5.0,,-2.0,,,,-6.0,,0.0
"[[0, 1, 0], [1, -1, -1], [0, 0, -1]]",-4.0,,-4.0,,,,-1.0,0.0,
"[[0, 1, 0], [0, -1, -1], [1, -1, 0]]",-3.0,,0.0,-4.0,,,,,0.0
"[[0, 1, 0], [0, -1, -1], [1, 0, -1]]",-3.0,,0.0,-1.0,,,,0.0,
"[[0, 1, 0], [0, -1, -1], [-1, 1, 0]]",-2.0,,0.0,0.0,,,,,0.0
"[[0, 1, 0], [0, -1, -1], [0, 1, -1]]",-2.0,,0.0,0.0,,,0.0,,
"[[0, 1, 0], [0, -1, -1], [-1, 0, 1]]",-1.0,,0.0,0.0,,,,0.0,
"[[0, 1, 0], [0, -1, -1], [0, -1, 1]]",-3.0,,-3.0,0.0,,,0.0,,
"[[0, 1, 1], [0, -1, 0], [-1, -1, 0]]",-14.0,,,-3.0,,-4.0,,,-8.0
"[[0, 1, 1], [0, -1, 0], [-1, 0, -1]]",-14.0,,,0.0,,0.0,,-2.0,
"[[0, 1, 0], [1, -1, 0], [-1, -1, 0]]",-2.0,,-2.0,,,0.0,,,0.0
"[[0, 1, 0], [1, -1, 0], [-1, 0, -1]]",-1.0,,-3.0,,,0.0,,0.0,
"[[0, 1, 0], [0, -1, 1], [-1, -1, 0]]",-1.0,,-3.0,0.0,,,,,-3.0
"[[0, 1, 0], [0, -1, 1], [-1, 0, -1]]",0.0,,0.0,0.0,,,,0.0,
"[[0, 1, 0], [0, -1, 0], [-1, 1, -1]]",-3.0,,-5.0,0.0,,0.0,,,
"[[0, 1, 0], [0, -1, 0], [-1, -1, 1]]",0.0,,-2.0,0.0,,0.0,,,
"[[0, 1, 1], [0, -1, 0], [0, -1, -1]]",-12.0,,,0.0,,0.0,-2.0,,
"[[0, 1, 0], [1, -1, 0], [0, -1, -1]]",-4.0,,-1.0,,,0.0,-3.0,,
"[[0, 1, 0], [0, -1, 1], [0, -1, -1]]",-1.0,,-1.0,0.0,,,0.0,,
"[[0, 1, 0], [0, -1, 0], [1, -1, -1]]",-3.0,,-3.0,-3.0,,0.0,,,
"[[0, 0, 1], [1, -1, -1], [-1, 0, 0]]",-7.0,-2.0,,,,,,0.0,0.0
"[[0, 0, 1], [1, -1, -1], [0, -1, 0]]",-2.0,-1.0,,,,,-1.0,,0.0
"[[0, 0, 1], [1, -1, -1], [0, 0, -1]]",-3.0,-1.0,,,,,-1.0,0.0,
"[[0, 0, 1], [0, -1, -1], [1, -1, 0]]",0.0,-1.0,,0.0,,,,,0.0
"[[0, 0, 1], [0, -1, -1], [1, 0, -1]]",-2.0,-1.0,,0.0,,,,0.0,
"[[0, 0, 1], [0, -1, -1], [-1, 1, 0]]",-1.0,0.0,,0.0,,,,,0.0
"[[0, 0, 1], [0, -1, -1], [0, 1, -1]]",0.0,-1.0,,0.0,,,0.0,,
"[[0, 0, 1], [0, -1, -1], [-1, 0, 1]]",0.0,0.0,,0.0,,,,0.0,
"[[0, 0, 1], [0, -1, -1], [0, -1, 1]]",-1.0,0.0,,0.0,,,0.0,,
"[[0, 0, 1], [1, -1, 0], [-1, -1, 0]]",-2.0,-2.0,,,,-2.0,,,-2.0
"[[0, 0, 1], [1, -1, 0], [-1, 0, -1]]",0.0,0.0,,,,0.0,,0.0,
"[[0, 0, 1], [0, -1, 1], [-1, -1, 0]]",0.0,0.0,,-4.0,,,,,-8.0
"[[0, 0, 1], [0, -1, 1], [-1, 0, -1]]",-2.0,0.0,,0.0,,,,0.0,
"[[0, 0, 1], [0, -1, 0], [-1, 1, -1]]",-1.0,-2.0,,0.0,,0.0,,,
"[[0, 0, 1], [0, -1, 0], [-1, -1, 1]]",-4.0,-1.0,,-1.0,,-4.0,,,
"[[0, 0, 1], [1, -1, 0], [0, -1, -1]]",-2.0,-2.0,,,,0.0,-1.0,,
"[[0, 0, 1], [0, -1, 1], [0, -1, -1]]",-2.0,0.0,,0.0,,,0.0,,
"[[0, 0, 1], [0, -1, 0], [1, -1, -1]]",-3.0,-1.0,,-1.0,,0.0,,,
"[[0, 0, 0], [1, -1, -1], [1, -1, 0]]",-14.0,0.0,-2.0,,,,,,0.0
"[[0, 0, 0], [1, -1, -1], [1, 0, -1]]",-6.0,0.0,0.0,,,,,0.0,
"[[0, 0, 0], [1, -1, -1], [-1, 1, 0]]",0.0,0.0,0.0,,,,,,0.0
"[[0, 0, 0], [1, -1, -1], [0, 1, -1]]",-1.0,0.0,0.0,,,,-1.0,,
"[[0, 0, 0], [1, -1, -1], [-1, 0, 1]]",0.0,0.0,0.0,,,,,0.0,
"[[0, 0, 0], [1, -1, -1], [0, -1, 1]]",-2.0,0.0,0.0,,,,-1.0,,
"[[0, 0, 0], [1, -1, 1], [-1, -1, 0]]",0.0,0.0,0.0,,,,,,-1.0
"[[0, 0, 0], [1, -1, 1], [-1, 0, -1]]",0.0,0.0,0.0,,,,,0.0,
"[[0, 0, 0], [1, -1, 0], [-1, 1, -1]]",0.0,0.0,0.0,,,0.0,,,
"[[0, 0, 0], [1, -1, 0], [-1, -1, 1]]",0.0,0.0,0.0,,,-1.0,,,
"[[0, 0, 0], [1, -1, 1], [0, -1, -1]]",0.0,0.0,0.0,,,,0.0,,
"[[0, 0, 0], [1, -1, 0], [1, -1, -1]]",-10.0,-3.0,-3.0,,,-2.0,,,
"[[0, 0, 0], [0, -1, 1], [-1, 1, -1]]",0.0,0.0,0.0,0.0,,,,,
"[[0, 0, 0], [0, -1, 1], [-1, -1, 1]]",-1.0,-1.0,-12.0,-1.0,,,,,
"[[0, 0, 0], [0, -1, 1], [1, -1, -1]]",-3.0,0.0,0.0,-3.0,,,,,
"[[0, 0, 0], [0, -1, -1], [1, 1, -1]]",0.0,0.0,0.0,0.0,,,,,
"[[0, 0, 0], [0, -1, -1], [1, -1, 1]]",-1.0,0.0,0.0,0.0,,,,,
"[[0, 0, 0], [0, -1, -1], [-1, 1, 1]]",0.0,0.0,0.0,0.0,,,,,
"[[1, 1, 0], [0, 0, -1], [-1, -1, 0]]",,,-10.0,0.0,-2.0,,,,-2.0
"[[1, 1, 0], [0, 0, -1], [-1, 0, -1]]",,,-10.0,-1.0,-2.0,,,-3.0,
"[[1, 0, 1], [0, 0, -1], [-1, -1, 0]]",,-6.0,,-1.0,-4.0,,,,-2.0
"[[1, 0, 1], [0, 0, -1], [-1, 0, -1]]",,-6.0,,-2.0,-3.0,,,-3.0,
"[[1, 0, 0], [1, 0, -1], [-1, -1, 0]]",,-2.0,-2.0,,0.0,,,,0.0
"[[1, 0, 0], [1, 0, -1], [-1, 0, -1]]",,-1.0,0.0,,0.0,,,0.0,
"[[1, 0, 0], [0, 1, -1], [-1, -1, 0]]",,-2.0,-5.0,-3.0,,,,,-8.0
"[[1, 0, 0], [0, 1, -1], [-1, 0, -1]]",,-3.0,0.0,0.0,,,,0.0,
"[[1, 0, 0], [0, 0, -1], [-1, 1, -1]]",,-9.0,-4.0,0.0,-1.0,,,,
"[[1, 0, 0], [0, 0, -1], [-1, -1, 1]]",,-3.0,-4.0,-2.0,-16.0,,,,
"[[1, 1, 0], [0, 0, -1], [0, -1, -1]]",,,-6.0,0.0,-2.0,,-4.0,,
"[[1, 0, 1], [0, 0, -1], [0, -1, -1]]",,-8.0,,-3.0,-3.0,,-4.0,,
"[[1, 0, 0], [1, 0, -1], [0, -1, -1]]",,-2.0,-3.0,,-2.0,,-6.0,,
"[[1, 0, 0], [0, 1, -1], [0, -1, -1]]",,-2.0,-3.0,0.0,,,-3.0,,
"[[1, 0, 0], [0, 0, -1], [1, -1, -1]]",,-8.0,-6.0,-14.0,-4.0,,,,
"[[0, 1, 1], [0, 0, -1], [-1, -1, 0]]",-14.0,,,-1.0,-1.0,,,,-2.0
"[[0, 1, 1], [0, 0, -1], [-1, 0, -1]]",-12.0,,,-1.0,-3.0,,,-7.0,
"[[0, 1, 0], [1, 0, -1], [-1, -1, 0]]",-2.0,,-3.0,,0.0,,,,0.0
"[[0, 1, 0], [1, 0, -1], [-1, 0, -1]]",-2.0,,-1.0,,-1.0,,,-1.0,
"[[0, 1, 0], [0, 1, -1], [-1, -1, 0]]",-3.0,,-2.0,0.0,,,,,-3.0
"[[0, 1, 0], [0, 1, -1], [-1, 0, -1]]",-1.0,,-1.0,0.0,,,,-16.0,
"[[0, 1, 0], [0, 0, -1], [-1, 1, -1]]",-4.0,,-1.0,-2.0,-4.0,,,,
"[[0, 1, 0], [0, 0, -1], [-1, -1, 1]]",-3.0,,-1.0,0.0,-1.0,,,,
"[[0, 1, 1], [0, 0, -1], [0, -1, -1]]",-18.0,,,0.0,-2.0,,-6.0,,
"[[0, 1, 0], [1, 0, -1], [0, -1, -1]]",-4.0,,-2.0,,0.0,,-2.0,,
"[[0, 1, 0], [0, 1, -1], [0, -1, -1]]",-3.0,,-4.0,0.0,,,-3.0,,
"[[0, 1, 0], [0, 0, -1], [1, -1, -1]]",-4.0,,-4.0,-2.0,-3.0,,,,
"[[0, 0, 1], [1, 0, -1], [-1, -1, 0]]",-1.0,0.0,,,0.0,,,,0.0
"[[0, 0, 1], [1, 0, -1], [-1, 0, -1]]",-3.0,0.0,,,0.0,,,0.0,
"[[0, 0, 1], [0, 1, -1], [-1, -1, 0]]",-4.0,-1.0,,0.0,,,,,-2.0
"[[0, 0, 1], [0, 1, -1], [-1, 0, -1]]",-1.0,-1.0,,0.0,,,,-1.0,
"[[0, 0, 1], [0, 0, -1], [-1, 1, -1]]",-1.0,-9.0,,0.0,-1.0,,,,
"[[0, 0, 1], [0, 0, -1], [-1, -1, 1]]",-4.0,-2.0,,0.0,-2.0,,,,
"[[0, 0, 1], [1, 0, -1], [0, -1, -1]]",-9.0,-4.0,,,-5.0,,-7.0,,
"[[0, 0, 1], [0, 1, -1], [0, -1, -1]]",-5.0,-7.0,,-3.0,,,-10.0,,
"[[0, 0, 1], [0, 0, -1], [1, -1, -1]]",-10.0,-5.0,,-7.0,-12.0,,,,
"[[0, 0, 0], [1, 1, -1], [-1, -1, 0]]",-1.0,0.0,0.0,,,,,,-2.0
"[[0, 0, 0], [1, 1, -1], [-1, 0, -1]]",0.0,-1.0,0.0,,,,,-1.0,
"[[0, 0, 0], [1, 0, -1], [-1, 1, -1]]",0.0,-1.0,0.0,,-2.0,,,,
"[[0, 0, 0], [1, 0, -1], [-1, -1, 1]]",-1.0,0.0,0.0,,-2.0,,,,
"[[0, 0, 0], [1, 1, -1], [0, -1, -1]]",-1.0,0.0,-3.0,,,,-3.0,,
"[[0, 0, 0], [1, 0, -1], [1, -1, -1]]",-12.0,-2.0,-4.0,,-4.0,,,,
"[[0, 0, 0], [0, 1, -1], [-1, 1, -1]]",-1.0,-8.0,-2.0,-1.0,,,,,
"[[0, 0, 0], [0, 1, -1], [-1, -1, 1]]",-4.0,-2.0,-4.0,-2.0,,,,,
"[[0, 0, 0], [0, 1, -1], [1, -1, -1]]",-8.0,-1.0,-12.0,-3.0,,,,,
"[[-1, 1, -1], [1, -1, 1], [0, 0, 0]]",,,,,,,0.0,0.0,0.0
"[[-1, 1, -1], [1, -1, 0], [1, 0, 0]]",,,,,,0.0,,0.0,0.0
"[[-1, 1, -1], [1, -1, 0], [0, 1, 0]]",,,,,,0.0,0.0,,0.0
"[[-1, 1, -1], [1, -1, 0], [0, 0, 1]]",,,,,,0.0,0.0,0.0,
"[[-1, 1, -1], [1, 1, -1], [0, 0, 0]]",,,,,,,2.0,0.0,0.0
"[[-1, 1, -1], [1, 0, -1], [1, 0, 0]]",,,,,0.0,,,0.0,0.0
"[[-1, 1, -1], [1, 0, -1], [0, 1, 0]]",,,,,0.0,,6.0,,0.0
"[[-1, 1, -1], [1, 0, -1], [0, 0, 1]]",,,,,0.0,,0.0,0.0,
"[[-1, 1, -1], [1, 1, 0], [-1, 0, 0]]",,,,,,2.0,,2.0,12.0
"[[-1, 1, -1], [1, 0, 1], [-1, 0, 0]]",,,,,0.0,,,2.0,4.0
"[[-1, 1, -1], [1, 0, 0], [-1, 1, 0]]",,,,,0.0,8.0,,,2.0
"[[-1, 1, -1], [1, 0, 0], [-1, 0, 1]]",,,,,0.0,0.0,,0.0,
"[[-1, 1, -1], [1, 1, 0], [0, -1, 0]]",,,,,,0.0,0.0,,10.0
"[[-1, 1, -1], [1, 0, 1], [0, -1, 0]]",,,,,0.0,,0.0,,6.0
"[[-1, 1, -1], [1, 0, 0], [1, -1, 0]]",,,,,0.0,0.0,,,0.0
"[[-1, 1, -1], [1, 0, 0], [0, -1, 1]]",,,,,0.0,0.0,0.0,,
"[[-1, 1, -1], [1, 1, 0], [0, 0, -1]]",,,,,,0.0,10.0,0.0,
"[[-1, 1, -1], [1, 0, 1], [0, 0, -1]]",,,,,0.0,,0.0,6.0,
"[[-1, 1, -1], [1, 0, 0], [1, 0, -1]]",,,,,0.0,0.0,,0.0,
"[[-1, 1, -1], [1, 0, 0], [0, 1, -1]]",,,,,0.0,0.0,2.0,,
"[[-1, 1, -1], [-1, 1, 1], [0, 0, 0]]",,,,,,,0.0,0.0,4.0
"[[-1, 1, -1], [-1, 1, 0], [1, 0, 0]]",,,,,,2.0,,0.0,2.0
"[[-1, 1, -1], [-1, 1, 0], [0, 0, 1]]",,,,,,0.0,0.0,0.0,
"[[-1, 1, -1], [0, 1, -1], [1, 0, 0]]",,,,4.0,,,,0.0,0.0
"[[-1, 1, -1], [0, 1, -1], [0, 0, 1]]",,,,6.0,,,2.0,0.0,
"[[-1, 1, -1], [0, 1, 1], [-1, 0, 0]]",,,,0.0,,,,0.0,10.0
"[[-1, 1, -1], [0, 1, 0], [-1, 0, 1]]",,,,0.0,,2.0,,0.0,
"[[-1, 1, -1], [0, 1, 1], [0, -1, 0]]",,,,0.0,,,0.0,,0.0
"[[-1, 1, -1], [0, 1, 0], [1, -1, 0]]",,,,0.0,,0.0,,,0.0
"[[-1, 1, -1], [0, 1, 0], [0, -1, 1]]",,,,0.0,,0.0,0.0,,
"[[-1, 1, -1], [0, 1, 1], [0, 0, -1]]",,,,2.0,,,12.0,4.0,
"[[-1, 1, -1], [0, 1, 0], [1, 0, -1]]",,,,2.0,,0.0,,0.0,
"[[-1, 1, -1], [-1, 0, 1], [1, 0, 0]]",,,,,0.0,,,0.0,0.0
"[[-1, 1, -1], [-1, 0, 1], [0, 1, 0]]",,,,,0.0,,0.0,,4.0
"[[-1, 1, -1], [-1, 0, 1], [0, 0, 1]]",,,,,0.0,,0.0,0.0,
"[[-1, 1, -1], [0, -1, 1], [1, 0, 0]]",,,,0.0,,,,0.0,0.0
"[[-1, 1, -1], [0, -1, 1], [0, 1, 0]]",,,,0.0,,,0.0,,0.0
"[[-1, 1, -1], [0, -1, 1], [0, 0, 1]]",,,,0.0,,,0.0,0.0,
"[[-1, 1, -1], [0, 0, 1], [-1, 1, 0]]",,,,0.0,0.0,,,,4.0
"[[-1, 1, -1], [0, 0, 1], [-1, 0, 1]]",,,,0.0,0.0,,,0.0,
"[[-1, 1, -1], [0, 0, 1], [1, -1, 0]]",,,,0.0,0.0,,,,0.0
"[[-1, 1, -1], [0, 0, 1], [0, -1, 1]]",,,,0.0,0.0,,0.0,,
"[[-1, 1, -1], [0, 0, 1], [1, 0, -1]]",,,,0.0,0.0,,,0.0,
"[[-1, 1, -1], [0, 0, 1], [0, 1, -1]]",,,,4.0,0.0,,0.0,,
"[[-1, 1, -1], [-1, 0, 0], [1, 1, 0]]",,,,,4.0,14.0,,,2.0
"[[-1, 1, -1], [-1, 0, 0], [1, 0, 1]]",,,,,4.0,0.0,,0.0,
"[[-1, 1, -1], [0, -1, 0], [1, 1, 0]]",,,,0.0,,0.0,,,0.0
"[[-1, 1, -1], [0, -1, 0], [1, 0, 1]]",,,,4.0,,2.0,,0.0,
"[[-1, 1, -1], [0, 0, -1], [1, 1, 0]]",,,,6.0,2.0,,,,0.0
"[[-1, 1, -1], [0, 0, -1], [1, 0, 1]]",,,,2.0,8.0,,,0.0,
"[[-1, 1, -1], [0, 0, 0], [1, -1, 1]]",,,,0.0,0.0,0.0,,,
"[[-1, 1, -1], [0, 0, 0], [1, 1, -1]]",,,,2.0,0.0,0.0,,,
"[[-1, 1, -1], [-1, 0, 0], [0, 1, 1]]",,,,,2.0,10.0,0.0,,
"[[-1, 1, -1], [0, -1, 0], [0, 1, 1]]",,,,2.0,,4.0,0.0,,
"[[-1, 1, -1], [0, 0, -1], [0, 1, 1]]",,,,6.0,0.0,,10.0,,
"[[-1, 1, -1], [0, 0, 0], [-1, 1, 1]]",,,,0.0,0.0,0.0,,,
"[[-1, 1, 1], [-1, -1, 1], [0, 0, 0]]",,,,,,,0.0,4.0,0.0
"[[-1, 1, 1], [-1, -1, 0], [1, 0, 0]]",,,,,,0.0,,0.0,0.0
"[[-1, 1, 1], [-1, -1, 0], [0, 1, 0]]",,,,,,0.0,0.0,,0.0
"[[-1, 1, 1], [-1, -1, 0], [0, 0, 1]]",,,,,,0.0,0.0,0.0,
"[[-1, 1, 1], [-1, 1, -1], [0, 0, 0]]",,,,,,,0.0,8.0,2.0
"[[-1, 1, 1], [-1, 0, -1], [1, 0, 0]]",,,,,0.0,,,4.0,2.0
"[[-1, 1, 1], [-1, 0, -1], [0, 1, 0]]",,,,,0.0,,0.0,,0.0
"[[-1, 1, 1], [-1, 0, -1], [0, 0, 1]]",,,,,0.0,,0.0,0.0,
"[[-1, 1, 1], [-1, 1, 0], [0, -1, 0]]",,,,,,0.0,0.0,,4.0
"[[-1, 1, 1], [-1, 0, 1], [0, -1, 0]]",,,,,4.0,,0.0,,0.0
"[[-1, 1, 1], [-1, 0, 0], [1, -1, 0]]",,,,,0.0,2.0,,,0.0
"[[-1, 1, 1], [-1, 0, 0], [0, -1, 1]]",,,,,0.0,0.0,0.0,,
"[[-1, 1, 1], [-1, 1, 0], [0, 0, -1]]",,,,,,6.0,0.0,0.0,
"[[-1, 1, 1], [-1, 0, 1], [0, 0, -1]]",,,,,0.0,,0.0,0.0,
"[[-1, 1, 1], [-1, 0, 0], [1, 0, -1]]",,,,,0.0,0.0,,8.0,
"[[-1, 1, 1], [-1, 0, 0], [0, 1, -1]]",,,,,0.0,4.0,0.0,,
"[[-1, 1, 0], [-1, 1, -1], [1, 0, 0]]",,,0.0,,,,,10.0,0.0
"[[-1, 1, 0], [-1, 1, -1], [0, 0, 1]]",,,8.0,,,,0.0,0.0,
"[[-1, 1, 0], [-1, 1, 1], [0, -1, 0]]",,,0.0,,,,0.0,,0.0
"[[-1, 1, 0], [-1, 1, 0], [1, -1, 0]]",,,0.0,,,2.0,,,0.0
"[[-1, 1, 0], [-1, 1, 0], [0, -1, 1]]",,,0.0,,,0.0,0.0,,
"[[-1, 1, 0], [-1, 1, 1], [0, 0, -1]]",,,2.0,,,,0.0,0.0,
"[[-1, 1, 0], [-1, 1, 0], [1, 0, -1]]",,,2.0,,,4.0,,0.0,
"[[-1, 1, 0], [-1, -1, 1], [1, 0, 0]]",,,0.0,,,,,0.0,0.0
"[[-1, 1, 0], [-1, -1, 1], [0, 1, 0]]",,,0.0,,,,0.0,,0.0
"[[-1, 1, 0], [-1, -1, 1], [0, 0, 1]]",,,0.0,,,,0.0,0.0,
"[[-1, 1, 0], [-1, 0, 1], [1, -1, 0]]",,,0.0,,0.0,,,,0.0
"[[-1, 1, 0], [-1, 0, 1], [0, -1, 1]]",,,0.0,,4.0,,0.0,,
"[[-1, 1, 0], [-1, 0, 1], [1, 0, -1]]",,,0.0,,0.0,,,0.0,
"[[-1, 1, 0], [-1, 0, 1], [0, 1, -1]]",,,4.0,,0.0,,0.0,,
"[[-1, 1, 0], [-1, -1, 0], [1, 1, 0]]",,,4.0,,,0.0,,,0.0
"[[-1, 1, 0], [-1, -1, 0], [1, 0, 1]]",,,2.0,,,0.0,,0.0,
"[[-1, 1, 0], [-1, 0, -1], [1, 1, 0]]",,,8.0,,0.0,,,,0.0
"[[-1, 1, 0], [-1, 0, -1], [1, 0, 1]]",,,0.0,,0.0,,,0.0,
"[[-1, 1, 0], [-1, 0, 0], [1, -1, 1]]",,,0.0,,0.0,0.0,,,
"[[-1, 1, 0], [-1, 0, 0], [1, 1, -1]]",,,4.0,,0.0,6.0,,,
"[[-1, 1, 0], [-1, -1, 0], [0, 1, 1]]",,,2.0,,,0.0,0.0,,
"[[-1, 1, 0], [-1, 0, -1], [0, 1, 1]]",,,4.0,,0.0,,0.0,,
"[[-1, 1, 1], [1, -1, -1], [0, 0, 0]]",,,,,,,0.0,0.0,0.0
"[[-1, 1, 1], [0, -1, -1], [1, 0, 0]]",,,,0.0,,,,0.0,0.0
"[[-1, 1, 1], [0, -1, -1], [0, 1, 0]]",,,,0.0,,,0.0,,0.0
"[[-1, 1, 1], [0, -1, -1], [0, 0, 1]]",,,,0.0,,,0.0,0.0,
"[[-1, 1, 1], [1, -1, 0], [-1, 0, 0]]",,,,,,0.0,,0.0,0.0
"[[-1, 1, 1], [0, -1, 1], [-1, 0, 0]]",,,,0.0,,,,10.0,0.0
"[[-1, 1, 1], [0, -1, 0], [-1, 1, 0]]",,,,0.0,,0.0,,,0.0
"[[-1, 1, 1], [0, -1, 0], [-1, 0, 1]]",,,,0.0,,0.0,,6.0,
"[[-1, 1, 1], [1, -1, 0], [0, -1, 0]]",,,,,,0.0,0.0,,0.0
"[[-1, 1, 1], [0, -1, 1], [0, -1, 0]]",,,,8.0,,,0.0,,0.0
"[[-1, 1, 1], [0, -1, 0], [1, -1, 0]]",,,,0.0,,0.0,,,0.0
"[[-1, 1, 1], [0, -1, 0], [0, -1, 1]]",,,,8.0,,0.0,2.0,,
"[[-1, 1, 0], [1, -1, -1], [1, 0, 0]]",,,0.0,,,,,0.0,0.0
"[[-1, 1, 0], [1, -1, -1], [0, 1, 0]]",,,0.0,,,,0.0,,0.0
"[[-1, 1, 0], [1, -1, -1], [0, 0, 1]]",,,0.0,,,,0.0,0.0,
"[[-1, 1, 0], [1, -1, 1], [-1, 0, 0]]",,,0.0,,,,,0.0,0.0
"[[-1, 1, 0], [1, -1, 0], [-1, 1, 0]]",,,0.0,,,0.0,,,0.0
"[[-1, 1, 0], [1, -1, 0], [-1, 0, 1]]",,,0.0,,,0.0,,0.0,
"[[-1, 1, 0], [1, -1, 1], [0, -1, 0]]",,,0.0,,,,0.0,,0.0
"[[-1, 1, 0], [1, -1, 0], [1, -1, 0]]",,,0.0,,,0.0,,,0.0
"[[-1, 1, 0], [1, -1, 0], [0, -1, 1]]",,,0.0,,,0.0,0.0,,
"[[-1, 1, 0], [0, -1, 1], [-1, 1, 0]]",,,0.0,0.0,,,,,0.0
"[[-1, 1, 0], [0, -1, 1], [-1, 0, 1]]",,,0.0,0.0,,,,2.0,
"[[-1, 1, 0], [0, -1, 1], [1, -1, 0]]",,,0.0,0.0,,,,,0.0
"[[-1, 1, 0], [0, -1, 1], [0, -1, 1]]",,,0.0,4.0,,,0.0,,
"[[-1, 1, 0], [0, -1, -1], [1, 1, 0]]",,,2.0,0.0,,,,,0.0
"[[-1, 1, 0], [0, -1, -1], [1, 0, 1]]",,,2.0,0.0,,,,0.0,
"[[-1, 1, 0], [0, -1, 0], [1, -1, 1]]",,,0.0,0.0,,0.0,,,
"[[-1, 1, 0], [0, -1, -1], [0, 1, 1]]",,,4.0,0.0,,,0.0,,
"[[-1, 1, 0], [0, -1, 0], [-1, 1, 1]]",,,0.0,0.0,,0.0,,,
"[[-1, 1, 1], [1, 0, -1], [-1, 0, 0]]",,,,,0.0,,,0.0,0.0
"[[-1, 1, 1], [0, 1, -1], [-1, 0, 0]]",,,,0.0,,,,0.0,2.0
"[[-1, 1, 1], [0, 0, -1], [-1, 1, 0]]",,,,0.0,0.0,,,,4.0
"[[-1, 1, 1], [0, 0, -1], [-1, 0, 1]]",,,,0.0,0.0,,,0.0,
"[[-1, 1, 1], [1, 0, -1], [0, -1, 0]]",,,,,0.0,,0.0,,0.0
"[[-1, 1, 1], [0, 1, -1], [0, -1, 0]]",,,,0.0,,,0.0,,0.0
"[[-1, 1, 1], [0, 0, -1], [1, -1, 0]]",,,,2.0,0.0,,,,2.0
"[[-1, 1, 1], [0, 0, -1], [0, -1, 1]]",,,,0.0,0.0,,0.0,,
"[[-1, 1, 1], [1, 0, -1], [0, 0, -1]]",,,,,0.0,,0.0,0.0,
"[[-1, 1, 1], [0, 1, -1], [0, 0, -1]]",,,,8.0,,,4.0,4.0,
"[[-1, 1, 1], [0, 0, -1], [1, 0, -1]]",,,,6.0,0.0,,,6.0,
"[[-1, 1, 1], [0, 0, -1], [0, 1, -1]]",,,,6.0,0.0,,4.0,,
"[[-1, 1, 0], [1, 1, -1], [-1, 0, 0]]",,,0.0,,,,,0.0,6.0
"[[-1, 1, 0], [1, 0, -1], [-1, 1, 0]]",,,2.0,,0.0,,,,4.0
"[[-1, 1, 0], [1, 0, -1], [-1, 0, 1]]",,,0.0,,0.0,,,0.0,
"[[-1, 1, 0], [1, 1, -1], [0, -1, 0]]",,,0.0,,,,0.0,,0.0
"[[-1, 1, 0], [1, 0, -1], [1, -1, 0]]",,,0.0,,0.0,,,,0.0
"[[-1, 1, 0], [1, 0, -1], [0, -1, 1]]",,,0.0,,0.0,,0.0,,
"[[-1, 1, 0], [1, 1, -1], [0, 0, -1]]",,,0.0,,,,10.0,0.0,
"[[-1, 1, 0], [1, 0, -1], [1, 0, -1]]",,,0.0,,0.0,,,0.0,
"[[-1, 1, 0], [1, 0, -1], [0, 1, -1]]",,,0.0,,0.0,,2.0,,
"[[-1, 1, 0], [0, 1, -1], [-1, 0, 1]]",,,0.0,0.0,,,,0.0,
"[[-1, 1, 0], [0, 1, -1], [1, -1, 0]]",,,0.0,2.0,,,,,2.0
"[[-1, 1, 0], [0, 1, -1], [0, -1, 1]]",,,0.0,0.0,,,0.0,,
"[[-1, 1, 0], [0, 1, -1], [1, 0, -1]]",,,0.0,10.0,,,,4.0,
"[[-1, 1, 0], [0, 0, -1], [1, -1, 1]]",,,0.0,0.0,0.0,,,,
"[[-1, 1, 0], [0, 0, -1], [1, 1, -1]]",,,0.0,6.0,0.0,,,,
"[[-1, 1, 0], [0, 0, -1], [-1, 1, 1]]",,,4.0,0.0,0.0,,,,
"[[-1, 1, 1], [1, 0, 0], [-1, -1, 0]]",,,,,0.0,0.0,,,0.0
"[[-1, 1, 1], [0, 1, 0], [-1, -1, 0]]",,,,0.0,,0.0,,,0.0
"[[-1, 1, 1], [0, 0, 1], [-1, -1, 0]]",,,,0.0,2.0,,,,0.0
"[[-1, 1, 1], [0, 0, 0], [-1, -1, 1]]",,,,0.0,0.0,0.0,,,
"[[-1, 1, 1], [1, 0, 0], [-1, 0, -1]]",,,,,0.0,0.0,,0.0,
"[[-1, 1, 1], [0, 1, 0], [-1, 0, -1]]",,,,0.0,,0.0,,0.0,
"[[-1, 1, 1], [0, 0, 1], [-1, 0, -1]]",,,,0.0,0.0,,,0.0,
"[[-1, 1, 1], [0, 0, 0], [-1, 1, -1]]",,,,0.0,0.0,0.0,,,
"[[-1, 1, 0], [1, 1, 0], [-1, -1, 0]]",,,4.0,,,0.0,,,0.0
"[[-1, 1, 0], [1, 0, 1], [-1, -1, 0]]",,,8.0,,0.0,,,,0.0
"[[-1, 1, 0], [1, 0, 0], [-1, -1, 1]]",,,0.0,,0.0,0.0,,,
"[[-1, 1, 0], [1, 1, 0], [-1, 0, -1]]",,,6.0,,,0.0,,0.0,
"[[-1, 1, 0], [1, 0, 1], [-1, 0, -1]]",,,6.0,,0.0,,,0.0,
"[[-1, 1, 0], [1, 0, 0], [-1, 1, -1]]",,,4.0,,0.0,2.0,,,
"[[-1, 1, 0], [0, 1, 1], [-1, -1, 0]]",,,10.0,0.0,,,,,0.0
"[[-1, 1, 0], [0, 1, 0], [-1, -1, 1]]",,,0.0,0.0,,0.0,,,
"[[-1, 1, 0], [0, 1, 1], [-1, 0, -1]]",,,2.0,0.0,,,,0.0,
"[[-1, 1, 0], [0, 0, 1], [-1, -1, 1]]",,,0.0,0.0,6.0,,,,
"[[-1, 1, 0], [0, 0, 1], [-1, 1, -1]]",,,6.0,0.0,0.0,,,,
"[[-1, 1, 1], [1, 0, 0], [0, -1, -1]]",,,,,0.0,0.0,0.0,,
"[[-1, 1, 1], [0, 1, 0], [0, -1, -1]]",,,,0.0,,6.0,0.0,,
"[[-1, 1, 1], [0, 0, 1], [0, -1, -1]]",,,,0.0,0.0,,0.0,,
"[[-1, 1, 1], [0, 0, 0], [1, -1, -1]]",,,,2.0,0.0,2.0,,,
"[[-1, 1, 0], [1, 1, 0], [0, -1, -1]]",,,2.0,,,0.0,0.0,,
"[[-1, 1, 0], [1, 0, 1], [0, -1, -1]]",,,2.0,,0.0,,0.0,,
"[[-1, 1, 0], [1, 0, 0], [1, -1, -1]]",,,0.0,,0.0,0.0,,,
"[[-1, 1, 0], [0, 1, 1], [0, -1, -1]]",,,0.0,0.0,,,0.0,,
"[[-1, 1, 0], [0, 1, 0], [1, -1, -1]]",,,0.0,0.0,,8.0,,,
"[[-1, 1, 0], [0, 0, 1], [1, -1, -1]]",,,0.0,0.0,0.0,,,,
"[[-1, -1, 1], [1, -1, 1], [0, 0, 0]]",,,,,,,0.0,0.0,0.0
"[[-1, -1, 1], [1, -1, 0], [1, 0, 0]]",,,,,,0.0,,0.0,0.0
"[[-1, -1, 1], [1, -1, 0], [0, 1, 0]]",,,,,,0.0,0.0,,0.0
"[[-1, -1, 1], [1, -1, 0], [0, 0, 1]]",,,,,,0.0,2.0,0.0,
"[[-1, -1, 1], [1, 1, -1], [0, 0, 0]]",,,,,,,0.0,0.0,2.0
"[[-1, -1, 1], [1, 0, -1], [1, 0, 0]]",,,,,0.0,,,4.0,4.0
"[[-1, -1, 1], [1, 0, -1], [0, 1, 0]]",,,,,0.0,,0.0,,0.0
"[[-1, -1, 1], [1, 0, -1], [0, 0, 1]]",,,,,0.0,,0.0,0.0,
"[[-1, -1, 1], [1, 1, 0], [-1, 0, 0]]",,,,,,0.0,,2.0,4.0
"[[-1, -1, 1], [1, 0, 1], [-1, 0, 0]]",,,,,0.0,,,14.0,2.0
"[[-1, -1, 1], [1, 0, 0], [-1, 1, 0]]",,,,,0.0,0.0,,,0.0
"[[-1, -1, 1], [1, 0, 0], [-1, 0, 1]]",,,,,0.0,0.0,,4.0,
"[[-1, -1, 1], [1, 1, 0], [0, -1, 0]]",,,,,,4.0,6.0,,18.0
"[[-1, -1, 1], [1, 0, 1], [0, -1, 0]]",,,,,0.0,,10.0,,10.0
"[[-1, -1, 1], [1, 0, 0], [1, -1, 0]]",,,,,0.0,2.0,,,2.0
"[[-1, -1, 1], [1, 0, 0], [0, -1, 1]]",,,,,0.0,0.0,6.0,,
"[[-1, -1, 1], [1, 1, 0], [0, 0, -1]]",,,,,,4.0,0.0,10.0,
"[[-1, -1, 1], [1, 0, 1], [0, 0, -1]]",,,,,0.0,,4.0,0.0,
"[[-1, -1, 1], [1, 0, 0], [1, 0, -1]]",,,,,0.0,6.0,,4.0,
"[[-1, -1, 1], [1, 0, 0], [0, 1, -1]]",,,,,0.0,0.0,0.0,,
"[[-1, -1, 1], [-1, 1, 1], [0, 0, 0]]",,,,,,,0.0,12.0,2.0
"[[-1, -1, 1], [-1, 1, 0], [0, 1, 0]]",,,,,,0.0,0.0,,8.0
"[[-1, -1, 1], [-1, 1, 0], [0, 0, 1]]",,,,,,8.0,0.0,4.0,
"[[-1, -1, 1], [0, 1, -1], [0, 1, 0]]",,,,0.0,,,0.0,,10.0
"[[-1, -1, 1], [0, 1, -1], [0, 0, 1]]",,,,6.0,,,0.0,4.0,
"[[-1, -1, 1], [0, 1, 1], [-1, 0, 0]]",,,,0.0,,,,16.0,0.0
"[[-1, -1, 1], [0, 1, 0], [-1, 1, 0]]",,,,0.0,,0.0,,,0.0
"[[-1, -1, 1], [0, 1, 0], [-1, 0, 1]]",,,,0.0,,0.0,,10.0,
"[[-1, -1, 1], [0, 1, 1], [0, -1, 0]]",,,,6.0,,,2.0,,14.0
"[[-1, -1, 1], [0, 1, 0], [0, -1, 1]]",,,,14.0,,4.0,10.0,,
"[[-1, -1, 1], [0, 1, 1], [0, 0, -1]]",,,,0.0,,,0.0,4.0,
"[[-1, -1, 1], [0, 1, 0], [0, 1, -1]]",,,,0.0,,8.0,0.0,,
"[[-1, -1, 1], [-1, 0, 1], [1, 0, 0]]",,,,,10.0,,,18.0,12.0
"[[-1, -1, 1], [-1, 0, 1], [0, 1, 0]]",,,,,8.0,,0.0,,0.0
"[[-1, -1, 1], [0, -1, 1], [1, 0, 0]]",,,,8.0,,,,0.0,0.0
"[[-1, -1, 1], [0, -1, 1], [0, 1, 0]]",,,,12.0,,,4.0,,0.0
"[[-1, -1, 1], [0, 0, 1], [-1, 1, 0]]",,,,0.0,10.0,,,,0.0
"[[-1, -1, 1], [0, 0, 1], [1, -1, 0]]",,,,10.0,0.0,,,,2.0
"[[-1, -1, 1], [0, 0, 1], [1, 0, -1]]",,,,4.0,0.0,,,0.0,
"[[-1, -1, 1], [0, 0, 1], [0, 1, -1]]",,,,0.0,0.0,,0.0,,
"[[-1, -1, 1], [-1, 0, 0], [1, 1, 0]]",,,,,10.0,4.0,,,4.0
"[[-1, -1, 1], [-1, 0, 0], [1, 0, 1]]",,,,,18.0,6.0,,4.0,
"[[-1, -1, 1], [0, -1, 0], [1, 1, 0]]",,,,12.0,,4.0,,,0.0
"[[-1, -1, 1], [0, -1, 0], [1, 0, 1]]",,,,2.0,,2.0,,0.0,
"[[-1, -1, 1], [0, 0, -1], [1, 1, 0]]",,,,20.0,0.0,,,,0.0
"[[-1, -1, 1], [0, 0, -1], [1, 0, 1]]",,,,8.0,6.0,,,0.0,
"[[-1, -1, 1], [0, 0, 0], [1, -1, 1]]",,,,14.0,0.0,2.0,,,
"[[-1, -1, 1], [0, 0, 0], [1, 1, -1]]",,,,2.0,0.0,4.0,,,
"[[-1, -1, 1], [-1, 0, 0], [0, 1, 1]]",,,,,14.0,6.0,0.0,,
"[[-1, -1, 1], [0, -1, 0], [0, 1, 1]]",,,,20.0,,2.0,6.0,,
"[[-1, -1, 1], [0, 0, -1], [0, 1, 1]]",,,,4.0,2.0,,0.0,,
"[[-1, -1, 1], [0, 0, 0], [-1, 1, 1]]",,,,0.0,10.0,0.0,,,
"[[-1, 0, 1], [-1, 1, -1], [0, 1, 0]]",,6.0,,,,,0.0,,6.0
"[[-1, 0, 1], [-1, 1, -1], [0, 0, 1]]",,4.0,,,,,0.0,8.0,
"[[-1, 0, 1], [-1, 1, 1], [0, -1, 0]]",,2.0,,,,,0.0,,0.0
"[[-1, 0, 1], [-1, 1, 0], [0, -1, 1]]",,2.0,,,,4.0,0.0,,
"[[-1, 0, 1], [-1, 1, 1], [0, 0, -1]]",,2.0,,,,,0.0,4.0,
"[[-1, 0, 1], [-1, 1, 0], [0, 1, -1]]",,2.0,,,,10.0,0.0,,
"[[-1, 0, 1], [-1, -1, 1], [1, 0, 0]]",,6.0,,,,,,0.0,0.0
"[[-1, 0, 1], [-1, -1, 1], [0, 1, 0]]",,4.0,,,,,0.0,,0.0
"[[-1, 0, 1], [-1, 0, 1], [1, -1, 0]]",,4.0,,,2.0,,,,2.0
"[[-1, 0, 1], [-1, 0, 1], [1, 0, -1]]",,4.0,,,0.0,,,2.0,
"[[-1, 0, 1], [-1, 0, 1], [0, 1, -1]]",,0.0,,,0.0,,0.0,,
"[[-1, 0, 1], [-1, -1, 0], [1, 1, 0]]",,4.0,,,,0.0,,,0.0
"[[-1, 0, 1], [-1, -1, 0], [1, 0, 1]]",,10.0,,,,0.0,,0.0,
"[[-1, 0, 1], [-1, 0, -1], [1, 1, 0]]",,8.0,,,0.0,,,,2.0
"[[-1, 0, 1], [-1, 0, -1], [1, 0, 1]]",,8.0,,,0.0,,,4.0,
"[[-1, 0, 1], [-1, 0, 0], [1, -1, 1]]",,18.0,,,2.0,2.0,,,
"[[-1, 0, 1], [-1, 0, 0], [1, 1, -1]]",,6.0,,,0.0,2.0,,,
"[[-1, 0, 1], [-1, -1, 0], [0, 1, 1]]",,4.0,,,,0.0,0.0,,
"[[-1, 0, 1], [-1, 0, -1], [0, 1, 1]]",,6.0,,,0.0,,0.0,,
"[[-1, 0, 1], [1, -1, -1], [1, 0, 0]]",,0.0,,,,,,0.0,0.0
"[[-1, 0, 1], [1, -1, -1], [0, 1, 0]]",,0.0,,,,,0.0,,0.0
"[[-1, 0, 1], [1, -1, -1], [0, 0, 1]]",,0.0,,,,,0.0,0.0,
"[[-1, 0, 1], [1, -1, 1], [-1, 0, 0]]",,2.0,,,,,,2.0,0.0
"[[-1, 0, 1], [1, -1, 0], [-1, 1, 0]]",,0.0,,,,0.0,,,0.0
"[[-1, 0, 1], [1, -1, 0], [-1, 0, 1]]",,0.0,,,,0.0,,2.0,
"[[-1, 0, 1], [1, -1, 1], [0, -1, 0]]",,0.0,,,,,0.0,,0.0
"[[-1, 0, 1], [1, -1, 0], [1, -1, 0]]",,0.0,,,,0.0,,,0.0
"[[-1, 0, 1], [1, -1, 0], [0, -1, 1]]",,0.0,,,,0.0,2.0,,
"[[-1, 0, 1], [0, -1, 1], [-1, 1, 0]]",,4.0,,0.0,,,,,0.0
"[[-1, 0, 1], [0, -1, 1], [1, -1, 0]]",,0.0,,2.0,,,,,0.0
"[[-1, 0, 1], [0, -1, -1], [1, 1, 0]]",,0.0,,0.0,,,,,0.0
"[[-1, 0, 1], [0, -1, -1], [1, 0, 1]]",,6.0,,0.0,,,,0.0,
"[[-1, 0, 1], [0, -1, 0], [1, -1, 1]]",,0.0,,4.0,,0.0,,,
"[[-1, 0, 1], [0, -1, -1], [0, 1, 1]]",,2.0,,0.0,,,0.0,,
"[[-1, 0, 1], [0, -1, 0], [-1, 1, 1]]",,8.0,,0.0,,0.0,,,
"[[-1, 0, 1], [1, 1, -1], [-1, 0, 0]]",,0.0,,,,,,0.0,0.0
"[[-1, 0, 1], [1, 0, -1], [-1, 1, 0]]",,0.0,,,0.0,,,,0.0
"[[-1, 0, 1], [1, 0, -1], [-1, 0, 1]]",,0.0,,,0.0,,,0.0,
"[[-1, 0, 1], [1, 1, -1], [0, -1, 0]]",,0.0,,,,,0.0,,2.0
"[[-1, 0, 1], [1, 0, -1], [1, -1, 0]]",,0.0,,,0.0,,,,4.0
"[[-1, 0, 1], [1, 0, -1], [0, -1, 1]]",,0.0,,,0.0,,0.0,,
"[[-1, 0, 1], [1, 1, -1], [0, 0, -1]]",,0.0,,,,,0.0,4.0,
"[[-1, 0, 1], [1, 0, -1], [1, 0, -1]]",,2.0,,,0.0,,,4.0,
"[[-1, 0, 1], [1, 0, -1], [0, 1, -1]]",,0.0,,,0.0,,0.0,,
"[[-1, 0, 1], [0, 1, -1], [-1, 1, 0]]",,0.0,,0.0,,,,,2.0
"[[-1, 0, 1], [0, 1, -1], [-1, 0, 1]]",,0.0,,0.0,,,,0.0,
"[[-1, 0, 1], [0, 1, -1], [0, -1, 1]]",,2.0,,0.0,,,0.0,,
"[[-1, 0, 1], [0, 1, -1], [0, 1, -1]]",,2.0,,10.0,,,0.0,,
"[[-1, 0, 1], [0, 0, -1], [1, -1, 1]]",,0.0,,2.0,0.0,,,,
"[[-1, 0, 1], [0, 0, -1], [1, 1, -1]]",,0.0,,2.0,0.0,,,,
"[[-1, 0, 1], [0, 0, -1], [-1, 1, 1]]",,0.0,,0.0,0.0,,,,
"[[-1, 0, 1], [1, 1, 0], [-1, -1, 0]]",,2.0,,,,0.0,,,0.0
"[[-1, 0, 1], [1, 0, 1], [-1, -1, 0]]",,4.0,,,0.0,,,,0.0
"[[-1, 0, 1], [1, 0, 0], [-1, -1, 1]]",,2.0,,,4.0,0.0,,,
"[[-1, 0, 1], [1, 1, 0], [-1, 0, -1]]",,8.0,,,,0.0,,0.0,
"[[-1, 0, 1], [1, 0, 1], [-1, 0, -1]]",,8.0,,,0.0,,,0.0,
"[[-1, 0, 1], [1, 0, 0], [-1, 1, -1]]",,0.0,,,0.0,0.0,,,
"[[-1, 0, 1], [0, 1, 1], [-1, -1, 0]]",,8.0,,0.0,,,,,0.0
"[[-1, 0, 1], [0, 1, 0], [-1, -1, 1]]",,4.0,,0.0,,0.0,,,
"[[-1, 0, 1], [0, 1, 1], [-1, 0, -1]]",,4.0,,0.0,,,,0.0,
"[[-1, 0, 1], [0, 1, 0], [-1, 1, -1]]",,0.0,,0.0,,4.0,,,
"[[-1, 0, 1], [0, 0, 1], [-1, 1, -1]]",,0.0,,0.0,0.0,,,,
"[[-1, 0, 1], [1, 1, 0], [0, -1, -1]]",,8.0,,,,6.0,0.0,,
"[[-1, 0, 1], [1, 0, 1], [0, -1, -1]]",,8.0,,,0.0,,0.0,,
"[[-1, 0, 1], [1, 0, 0], [1, -1, -1]]",,0.0,,,0.0,10.0,,,
"[[-1, 0, 1], [0, 1, 1], [0, -1, -1]]",,2.0,,4.0,,,0.0,,
"[[-1, 0, 1], [0, 0, 1], [1, -1, -1]]",,0.0,,2.0,0.0,,,,
"[[-1, -1, 0], [1, 1, -1], [1, 0, 0]]",,,0.0,,,,,4.0,2.0
"[[-1, -1, 0], [1, 1, -1], [0, 1, 0]]",,,0.0,,,,0.0,,0.0
"[[-1, -1, 0], [1, 1, -1], [0, 0, 1]]",,,0.0,,,,0.0,0.0,
"[[-1, -1, 0], [1, 1, 0], [-1, 1, 0]]",,,0.0,,,0.0,,,6.0
"[[-1, -1, 0], [1, 1, 0], [-1, 0, 1]]",,,0.0,,,0.0,,2.0,
"[[-1, -1, 0], [1, 1, 0], [1, -1, 0]]",,,0.0,,,4.0,,,8.0
"[[-1, -1, 0], [1, 1, 0], [0, -1, 1]]",,,0.0,,,0.0,14.0,,
"[[-1, -1, 0], [1, 1, 0], [1, 0, -1]]",,,0.0,,,2.0,,12.0,
"[[-1, -1, 0], [1, 1, 0], [0, 1, -1]]",,,0.0,,,0.0,10.0,,
"[[-1, -1, 0], [1, -1, 1], [1, 0, 0]]",,,0.0,,,,,0.0,0.0
"[[-1, -1, 0], [1, -1, 1], [0, 1, 0]]",,,0.0,,,,0.0,,0.0
"[[-1, -1, 0], [1, -1, 1], [0, 0, 1]]",,,0.0,,,,4.0,0.0,
"[[-1, -1, 0], [1, 0, 1], [-1, 1, 0]]",,,0.0,,0.0,,,,6.0
"[[-1, -1, 0], [1, 0, 1], [-1, 0, 1]]",,,0.0,,2.0,,,14.0,
"[[-1, -1, 0], [1, 0, 1], [1, -1, 0]]",,,0.0,,0.0,,,,6.0
"[[-1, -1, 0], [1, 0, 1], [0, -1, 1]]",,,0.0,,0.0,,10.0,,
"[[-1, -1, 0], [1, 0, 1], [1, 0, -1]]",,,0.0,,0.0,,,2.0,
"[[-1, -1, 0], [1, 0, 1], [0, 1, -1]]",,,0.0,,0.0,,2.0,,
"[[-1, -1, 0], [1, -1, 0], [1, 1, 0]]",,,0.0,,,14.0,,,0.0
"[[-1, -1, 0], [1, -1, 0], [1, 0, 1]]",,,0.0,,,4.0,,0.0,
"[[-1, -1, 0], [1, 0, -1], [1, 1, 0]]",,,0.0,,8.0,,,,0.0
"[[-1, -1, 0], [1, 0, -1], [1, 0, 1]]",,,0.0,,4.0,,,0.0,
"[[-1, -1, 0], [1, 0, 0], [1, -1, 1]]",,,0.0,,0.0,0.0,,,
"[[-1, -1, 0], [1, 0, 0], [1, 1, -1]]",,,0.0,,0.0,0.0,,,
"[[-1, -1, 0], [1, -1, 0], [0, 1, 1]]",,,0.0,,,10.0,0.0,,
"[[-1, -1, 0], [1, 0, -1], [0, 1, 1]]",,,0.0,,4.0,,0.0,,
"[[-1, -1, 0], [1, 0, 0], [-1, 1, 1]]",,,0.0,,0.0,0.0,,,
"[[-1, 0, -1], [1, 1, -1], [1, 0, 0]]",,0.0,,,,,,0.0,0.0
"[[-1, 0, -1], [1, 1, -1], [0, 1, 0]]",,0.0,,,,,6.0,,0.0
"[[-1, 0, -1], [1, 1, -1], [0, 0, 1]]",,0.0,,,,,0.0,0.0,
"[[-1, 0, -1], [1, 1, 0], [-1, 1, 0]]",,0.0,,,,4.0,,,12.0
"[[-1, 0, -1], [1, 1, 0], [-1, 0, 1]]",,0.0,,,,0.0,,6.0,
"[[-1, 0, -1], [1, 1, 0], [1, -1, 0]]",,0.0,,,,0.0,,,0.0
"[[-1, 0, -1], [1, 1, 0], [0, -1, 1]]",,0.0,,,,0.0,2.0,,
"[[-1, 0, -1], [1, 1, 0], [1, 0, -1]]",,0.0,,,,0.0,,0.0,
"[[-1, 0, -1], [1, 1, 0], [0, 1, -1]]",,0.0,,,,0.0,12.0,,
"[[-1, 0, -1], [1, -1, 1], [1, 0, 0]]",,0.0,,,,,,0.0,0.0
"[[-1, 0, -1], [1, -1, 1], [0, 1, 0]]",,0.0,,,,,0.0,,0.0
"[[-1, 0, -1], [1, -1, 1], [0, 0, 1]]",,0.0,,,,,0.0,0.0,
"[[-1, 0, -1], [1, 0, 1], [-1, 1, 0]]",,0.0,,,0.0,,,,4.0
"[[-1, 0, -1], [1, 0, 1], [-1, 0, 1]]",,0.0,,,0.0,,,2.0,
"[[-1, 0, -1], [1, 0, 1], [1, -1, 0]]",,0.0,,,0.0,,,,4.0
"[[-1, 0, -1], [1, 0, 1], [0, -1, 1]]",,0.0,,,0.0,,0.0,,
"[[-1, 0, -1], [1, 0, 1], [1, 0, -1]]",,0.0,,,0.0,,,0.0,
"[[-1, 0, -1], [1, 0, 1], [0, 1, -1]]",,0.0,,,0.0,,6.0,,
"[[-1, 0, -1], [1, -1, 0], [1, 1, 0]]",,0.0,,,,2.0,,,0.0
"[[-1, 0, -1], [1, -1, 0], [1, 0, 1]]",,0.0,,,,2.0,,0.0,
"[[-1, 0, -1], [1, 0, -1], [1, 1, 0]]",,0.0,,,2.0,,,,0.0
"[[-1, 0, -1], [1, 0, -1], [1, 0, 1]]",,0.0,,,4.0,,,0.0,
"[[-1, 0, -1], [1, 0, 0], [1, -1, 1]]",,0.0,,,0.0,0.0,,,
"[[-1, 0, -1], [1, 0, 0], [1, 1, -1]]",,0.0,,,0.0,0.0,,,
"[[-1, 0, -1], [1, -1, 0], [0, 1, 1]]",,0.0,,,,2.0,0.0,,
"[[-1, 0, -1], [1, 0, -1], [0, 1, 1]]",,0.0,,,2.0,,0.0,,
"[[-1, 0, -1], [1, 0, 0], [-1, 1, 1]]",,0.0,,,0.0,0.0,,,
"[[-1, 0, 0], [1, -1, 1], [-1, 1, 0]]",,0.0,0.0,,,,,,0.0
"[[-1, 0, 0], [1, -1, 1], [-1, 0, 1]]",,0.0,0.0,,,,,2.0,
"[[-1, 0, 0], [1, -1, 1], [1, -1, 0]]",,0.0,0.0,,,,,,0.0
"[[-1, 0, 0], [1, -1, 1], [0, -1, 1]]",,0.0,0.0,,,,2.0,,
"[[-1, 0, 0], [1, -1, -1], [1, 1, 0]]",,2.0,6.0,,,,,,0.0
"[[-1, 0, 0], [1, -1, -1], [1, 0, 1]]",,2.0,12.0,,,,,0.0,
"[[-1, 0, 0], [1, -1, 0], [1, -1, 1]]",,0.0,0.0,,,0.0,,,
"[[-1, 0, 0], [1, -1, -1], [0, 1, 1]]",,2.0,0.0,,,,0.0,,
"[[-1, 0, 0], [1, -1, 0], [-1, 1, 1]]",,0.0,0.0,,,0.0,,,
"[[-1, 0, 0], [1, 1, -1], [-1, 1, 0]]",,0.0,2.0,,,,,,2.0
"[[-1, 0, 0], [1, 1, -1], [-1, 0, 1]]",,0.0,0.0,,,,,0.0,
"[[-1, 0, 0], [1, 1, -1], [1, -1, 0]]",,0.0,0.0,,,,,,2.0
"[[-1, 0, 0], [1, 1, -1], [0, -1, 1]]",,0.0,0.0,,,,0.0,,
"[[-1, 0, 0], [1, 1, -1], [1, 0, -1]]",,0.0,0.0,,,,,0.0,
"[[-1, 0, 0], [1, 1, -1], [0, 1, -1]]",,0.0,0.0,,,,6.0,,
"[[-1, 0, 0], [1, 0, -1], [1, -1, 1]]",,0.0,0.0,,0.0,,,,
"[[-1, 0, 0], [1, 0, -1], [1, 1, -1]]",,0.0,0.0,,0.0,,,,
"[[-1, 0, 0], [1, 0, -1], [-1, 1, 1]]",,0.0,0.0,,0.0,,,,
"[[-1, 0, 0], [1, 1, 0], [-1, -1, 1]]",,6.0,4.0,,,0.0,,,
"[[-1, 0, 0], [1, 1, 0], [-1, 1, -1]]",,0.0,6.0,,,2.0,,,
"[[-1, 0, 0], [1, 0, 1], [-1, -1, 1]]",,0.0,2.0,,6.0,,,,
"[[-1, 0, 0], [1, 0, 1], [-1, 1, -1]]",,2.0,2.0,,0.0,,,,
"[[-1, 0, 0], [1, 1, 0], [1, -1, -1]]",,10.0,0.0,,,0.0,,,
"[[-1, 0, 0], [1, 0, 1], [1, -1, -1]]",,8.0,6.0,,0.0,,,,
"[[-1, -1, 0], [-1, 1, 1], [1, 0, 0]]",,,0.0,,,,,2.0,4.0
"[[-1, -1, 0], [-1, 1, 1], [0, 1, 0]]",,,0.0,,,,0.0,,0.0
"[[-1, -1, 0], [-1, 1, 1], [0, 0, 1]]",,,0.0,,,,0.0,2.0,
"[[-1, -1, 0], [0, 1, 1], [-1, 1, 0]]",,,0.0,0.0,,,,,10.0
"[[-1, -1, 0], [0, 1, 1], [-1, 0, 1]]",,,0.0,0.0,,,,10.0,
"[[-1, -1, 0], [0, 1, 1], [1, -1, 0]]",,,0.0,0.0,,,,,10.0
"[[-1, -1, 0], [0, 1, 1], [0, -1, 1]]",,,0.0,0.0,,,14.0,,
"[[-1, -1, 0], [0, 1, 1], [1, 0, -1]]",,,0.0,2.0,,,,18.0,
"[[-1, -1, 0], [0, 1, 1], [0, 1, -1]]",,,0.0,0.0,,,4.0,,
"[[-1, -1, 0], [-1, 1, 0], [1, 1, 0]]",,,0.0,,,8.0,,,2.0
"[[-1, -1, 0], [-1, 1, 0], [1, 0, 1]]",,,0.0,,,8.0,,0.0,
"[[-1, -1, 0], [0, 1, -1], [1, 1, 0]]",,,0.0,10.0,,,,,2.0
"[[-1, -1, 0], [0, 1, -1], [1, 0, 1]]",,,0.0,0.0,,,,6.0,
"[[-1, -1, 0], [0, 1, 0], [1, -1, 1]]",,,0.0,10.0,,2.0,,,
"[[-1, -1, 0], [0, 1, 0], [1, 1, -1]]",,,0.0,4.0,,2.0,,,
"[[-1, -1, 0], [-1, 1, 0], [0, 1, 1]]",,,0.0,,,12.0,0.0,,
"[[-1, -1, 0], [0, 1, -1], [0, 1, 1]]",,,0.0,2.0,,,0.0,,
"[[-1, -1, 0], [0, 1, 0], [-1, 1, 1]]",,,0.0,0.0,,0.0,,,
"[[-1, 0, -1], [-1, 1, 1], [1, 0, 0]]",,0.0,,,,,,0.0,0.0
"[[-1, 0, -1], [-1, 1, 1], [0, 1, 0]]",,0.0,,,,,0.0,,2.0
"[[-1, 0, -1], [-1, 1, 1], [0, 0, 1]]",,0.0,,,,,0.0,0.0,
"[[-1, 0, -1], [0, 1, 1], [-1, 1, 0]]",,0.0,,0.0,,,,,8.0
"[[-1, 0, -1], [0, 1, 1], [-1, 0, 1]]",,0.0,,0.0,,,,8.0,
"[[-1, 0, -1], [0, 1, 1], [1, -1, 0]]",,0.0,,0.0,,,,,0.0
"[[-1, 0, -1], [0, 1, 1], [0, -1, 1]]",,0.0,,0.0,,,0.0,,
"[[-1, 0, -1], [0, 1, 1], [1, 0, -1]]",,0.0,,0.0,,,,8.0,
"[[-1, 0, -1], [0, 1, 1], [0, 1, -1]]",,0.0,,4.0,,,10.0,,
"[[-1, 0, -1], [-1, 1, 0], [1, 1, 0]]",,0.0,,,,8.0,,,0.0
"[[-1, 0, -1], [-1, 1, 0], [1, 0, 1]]",,0.0,,,,0.0,,0.0,
"[[-1, 0, -1], [0, 1, -1], [1, 1, 0]]",,0.0,,14.0,,,,,0.0
"[[-1, 0, -1], [0, 1, -1], [1, 0, 1]]",,0.0,,2.0,,,,0.0,
"[[-1, 0, -1], [0, 1, 0], [1, -1, 1]]",,0.0,,0.0,,0.0,,,
"[[-1, 0, -1], [0, 1, 0], [1, 1, -1]]",,0.0,,6.0,,0.0,,,
"[[-1, 0, -1], [-1, 1, 0], [0, 1, 1]]",,0.0,,,,8.0,0.0,,
"[[-1, 0, -1], [0, 1, -1], [0, 1, 1]]",,0.0,,14.0,,,2.0,,
"[[-1, 0, -1], [0, 1, 0], [-1, 1, 1]]",,0.0,,0.0,,4.0,,,
"[[-1, 0, 0], [-1, 1, 1], [1, -1, 0]]",,2.0,0.0,,,,,,0.0
"[[-1, 0, 0], [-1, 1, 1], [0, -1, 1]]",,6.0,0.0,,,,0.0,,
"[[-1, 0, 0], [-1, 1, 1], [1, 0, -1]]",,6.0,0.0,,,,,0.0,
"[[-1, 0, 0], [-1, 1, 1], [0, 1, -1]]",,0.0,12.0,,,,0.0,,
"[[-1, 0, 0], [-1, 1, -1], [1, 1, 0]]",,10.0,6.0,,,,,,0.0
"[[-1, 0, 0], [-1, 1, -1], [1, 0, 1]]",,6.0,4.0,,,,,6.0,
"[[-1, 0, 0], [-1, 1, 0], [1, -1, 1]]",,6.0,0.0,,,0.0,,,
"[[-1, 0, 0], [-1, 1, 0], [1, 1, -1]]",,0.0,2.0,,,6.0,,,
"[[-1, 0, 0], [-1, 1, -1], [0, 1, 1]]",,2.0,10.0,,,,0.0,,
"[[-1, 0, 0], [0, 1, -1], [1, -1, 1]]",,4.0,0.0,0.0,,,,,
"[[-1, 0, 0], [0, 1, -1], [1, 1, -1]]",,6.0,0.0,14.0,,,,,
"[[-1, 0, 0], [0, 1, -1], [-1, 1, 1]]",,0.0,2.0,0.0,,,,,
"[[-1, 0, 0], [0, 1, 1], [-1, -1, 1]]",,14.0,2.0,0.0,,,,,
"[[-1, 0, 0], [0, 1, 1], [-1, 1, -1]]",,2.0,2.0,0.0,,,,,
"[[-1, 0, 0], [0, 1, 1], [1, -1, -1]]",,6.0,2.0,2.0,,,,,
"[[-1, -1, 0], [-1, 0, 1], [1, 1, 0]]",,,0.0,,10.0,,,,0.0
"[[-1, -1, 0], [-1, 0, 1], [1, 0, 1]]",,,0.0,,18.0,,,2.0,
"[[-1, -1, 0], [0, -1, 1], [1, 1, 0]]",,,0.0,0.0,,,,,0.0
"[[-1, -1, 0], [0, -1, 1], [1, 0, 1]]",,,0.0,8.0,,,,0.0,
"[[-1, -1, 0], [0, 0, 1], [1, -1, 1]]",,,0.0,8.0,0.0,,,,
"[[-1, -1, 0], [0, 0, 1], [1, 1, -1]]",,,0.0,0.0,0.0,,,,
"[[-1, -1, 0], [-1, 0, 1], [0, 1, 1]]",,,0.0,,22.0,,0.0,,
"[[-1, -1, 0], [0, -1, 1], [0, 1, 1]]",,,0.0,14.0,,,2.0,,
"[[-1, -1, 0], [0, 0, 1], [-1, 1, 1]]",,,0.0,0.0,8.0,,,,
"[[-1, 0, -1], [-1, 0, 1], [1, 1, 0]]",,0.0,,,4.0,,,,0.0
"[[-1, 0, -1], [-1, 0, 1], [1, 0, 1]]",,0.0,,,2.0,,,0.0,
"[[-1, 0, -1], [0, -1, 1], [1, 1, 0]]",,0.0,,2.0,,,,,0.0
"[[-1, 0, -1], [0, -1, 1], [1, 0, 1]]",,0.0,,2.0,,,,0.0,
"[[-1, 0, -1], [0, 0, 1], [1, -1, 1]]",,0.0,,0.0,0.0,,,,
"[[-1, 0, -1], [0, 0, 1], [1, 1, -1]]",,0.0,,0.0,0.0,,,,
"[[-1, 0, -1], [-1, 0, 1], [0, 1, 1]]",,0.0,,,6.0,,0.0,,
"[[-1, 0, -1], [0, -1, 1], [0, 1, 1]]",,0.0,,4.0,,,0.0,,
"[[-1, 0, -1], [0, 0, 1], [-1, 1, 1]]",,0.0,,0.0,0.0,,,,
"[[-1, 0, 0], [-1, -1, 1], [1, 1, 0]]",,0.0,4.0,,,,,,0.0
"[[-1, 0, 0], [-1, -1, 1], [1, 0, 1]]",,8.0,2.0,,,,,2.0,
"[[-1, 0, 0], [-1, 0, 1], [1, -1, 1]]",,4.0,0.0,,2.0,,,,
"[[-1, 0, 0], [-1, 0, 1], [1, 1, -1]]",,0.0,0.0,,0.0,,,,
"[[-1, 0, 0], [-1, -1, 1], [0, 1, 1]]",,8.0,0.0,,,,0.0,,
"[[-1, 0, 0], [0, -1, 1], [1, -1, 1]]",,0.0,0.0,0.0,,,,,
"[[-1, 0, 0], [0, -1, 1], [-1, 1, 1]]",,6.0,0.0,0.0,,,,,
"[[1, -1, -1], [1, -1, 1], [0, 0, 0]]",,,,,,,0.0,0.0,6.0
"[[1, -1, -1], [1, -1, 0], [0, 1, 0]]",,,,,,4.0,0.0,,4.0
"[[1, -1, -1], [1, -1, 0], [0, 0, 1]]",,,,,,2.0,0.0,0.0,
"[[1, -1, -1], [1, 1, -1], [0, 0, 0]]",,,,,,,0.0,12.0,0.0
"[[1, -1, -1], [1, 0, -1], [0, 1, 0]]",,,,,8.0,,0.0,,0.0
"[[1, -1, -1], [1, 0, -1], [0, 0, 1]]",,,,,4.0,,6.0,14.0,
"[[1, -1, -1], [1, 1, 0], [-1, 0, 0]]",,,,,,0.0,,4.0,8.0
"[[1, -1, -1], [1, 0, 1], [-1, 0, 0]]",,,,,0.0,,,2.0,4.0
"[[1, -1, -1], [1, 0, 0], [-1, 1, 0]]",,,,,0.0,0.0,,,0.0
"[[1, -1, -1], [1, 0, 0], [-1, 0, 1]]",,,,,0.0,2.0,,0.0,
"[[1, -1, -1], [1, 1, 0], [0, -1, 0]]",,,,,,24.0,6.0,,8.0
"[[1, -1, -1], [1, 0, 1], [0, -1, 0]]",,,,,0.0,,6.0,,24.0
"[[1, -1, -1], [1, 0, 0], [0, -1, 1]]",,,,,0.0,28.0,4.0,,
"[[1, -1, -1], [1, 1, 0], [0, 0, -1]]",,,,,,0.0,0.0,10.0,
"[[1, -1, -1], [1, 0, 1], [0, 0, -1]]",,,,,4.0,,6.0,12.0,
"[[1, -1, -1], [1, 0, 0], [0, 1, -1]]",,,,,10.0,0.0,0.0,,
"[[1, -1, -1], [-1, 1, 1], [0, 0, 0]]",,,,,,,10.0,0.0,0.0
"[[1, -1, -1], [-1, 1, 0], [1, 0, 0]]",,,,,,6.0,,8.0,0.0
"[[1, -1, -1], [-1, 1, 0], [0, 1, 0]]",,,,,,0.0,4.0,,0.0
"[[1, -1, -1], [0, 1, -1], [1, 0, 0]]",,,,2.0,,,,4.0,0.0
"[[1, -1, -1], [0, 1, -1], [0, 1, 0]]",,,,6.0,,,2.0,,0.0
"[[1, -1, -1], [0, 1, 1], [-1, 0, 0]]",,,,2.0,,,,14.0,2.0
"[[1, -1, -1], [0, 1, 0], [-1, 1, 0]]",,,,0.0,,6.0,,,0.0
"[[1, -1, -1], [0, 1, 1], [0, -1, 0]]",,,,2.0,,,22.0,,6.0
"[[1, -1, -1], [0, 1, 0], [1, -1, 0]]",,,,2.0,,22.0,,,0.0
"[[1, -1, -1], [0, 1, 1], [0, 0, -1]]",,,,0.0,,,2.0,10.0,
"[[1, -1, -1], [0, 1, 0], [1, 0, -1]]",,,,0.0,,0.0,,10.0,
"[[1, -1, -1], [0, 1, 0], [0, 1, -1]]",,,,0.0,,0.0,0.0,,
"[[1, -1, -1], [-1, 0, 1], [1, 0, 0]]",,,,,0.0,,,0.0,0.0
"[[1, -1, -1], [-1, 0, 1], [0, 1, 0]]",,,,,0.0,,0.0,,0.0
"[[1, -1, -1], [-1, 0, 1], [0, 0, 1]]",,,,,0.0,,0.0,12.0,
"[[1, -1, -1], [0, -1, 1], [1, 0, 0]]",,,,0.0,,,,0.0,10.0
"[[1, -1, -1], [0, -1, 1], [0, 1, 0]]",,,,0.0,,,0.0,,0.0
"[[1, -1, -1], [0, -1, 1], [0, 0, 1]]",,,,0.0,,,0.0,0.0,
"[[1, -1, -1], [0, 0, 1], [-1, 1, 0]]",,,,0.0,0.0,,,,0.0
"[[1, -1, -1], [0, 0, 1], [-1, 0, 1]]",,,,0.0,0.0,,,4.0,
"[[1, -1, -1], [0, 0, 1], [1, -1, 0]]",,,,0.0,0.0,,,,4.0
"[[1, -1, -1], [0, 0, 1], [0, -1, 1]]",,,,2.0,0.0,,6.0,,
"[[1, -1, -1], [0, 0, 1], [1, 0, -1]]",,,,0.0,6.0,,,4.0,
"[[1, -1, -1], [0, 0, 1], [0, 1, -1]]",,,,0.0,0.0,,0.0,,
"[[1, -1, -1], [-1, 0, 0], [1, 1, 0]]",,,,,4.0,0.0,,,0.0
"[[1, -1, -1], [-1, 0, 0], [1, 0, 1]]",,,,,4.0,12.0,,6.0,
"[[1, -1, -1], [0, -1, 0], [1, 1, 0]]",,,,0.0,,14.0,,,6.0
"[[1, -1, -1], [0, -1, 0], [1, 0, 1]]",,,,0.0,,6.0,,0.0,
"[[1, -1, -1], [0, 0, -1], [1, 1, 0]]",,,,2.0,16.0,,,,0.0
"[[1, -1, -1], [0, 0, -1], [1, 0, 1]]",,,,12.0,12.0,,,12.0,
"[[1, -1, -1], [0, 0, 0], [1, -1, 1]]",,,,4.0,0.0,12.0,,,
"[[1, -1, -1], [0, 0, 0], [1, 1, -1]]",,,,0.0,6.0,0.0,,,
"[[1, -1, -1], [-1, 0, 0], [0, 1, 1]]",,,,,2.0,0.0,0.0,,
"[[1, -1, -1], [0, -1, 0], [0, 1, 1]]",,,,6.0,,2.0,0.0,,
"[[1, -1, -1], [0, 0, -1], [0, 1, 1]]",,,,8.0,4.0,,6.0,,
"[[1, -1, -1], [0, 0, 0], [-1, 1, 1]]",,,,2.0,0.0,0.0,,,
"[[1, -1, 1], [-1, -1, 1], [0, 0, 0]]",,,,,,,2.0,0.0,0.0
"[[1, -1, 1], [-1, -1, 0], [1, 0, 0]]",,,,,,0.0,,0.0,0.0
"[[1, -1, 1], [-1, -1, 0], [0, 1, 0]]",,,,,,0.0,0.0,,0.0
"[[1, -1, 1], [-1, -1, 0], [0, 0, 1]]",,,,,,0.0,4.0,0.0,
"[[1, -1, 1], [-1, 1, -1], [0, 0, 0]]",,,,,,,2.0,8.0,8.0
"[[1, -1, 1], [-1, 0, -1], [1, 0, 0]]",,,,,0.0,,,4.0,8.0
"[[1, -1, 1], [-1, 0, -1], [0, 1, 0]]",,,,,0.0,,0.0,,0.0
"[[1, -1, 1], [-1, 0, -1], [0, 0, 1]]",,,,,0.0,,0.0,2.0,
"[[1, -1, 1], [-1, 1, 0], [-1, 0, 0]]",,,,,,2.0,,4.0,0.0
"[[1, -1, 1], [-1, 0, 1], [-1, 0, 0]]",,,,,6.0,,,0.0,0.0
"[[1, -1, 1], [-1, 0, 0], [-1, 1, 0]]",,,,,0.0,0.0,,,0.0
"[[1, -1, 1], [-1, 0, 0], [-1, 0, 1]]",,,,,0.0,4.0,,2.0,
"[[1, -1, 1], [-1, 1, 0], [0, -1, 0]]",,,,,,12.0,2.0,,2.0
"[[1, -1, 1], [-1, 0, 1], [0, -1, 0]]",,,,,0.0,,4.0,,0.0
"[[1, -1, 1], [-1, 0, 0], [1, -1, 0]]",,,,,0.0,2.0,,,4.0
"[[1, -1, 1], [-1, 0, 0], [0, -1, 1]]",,,,,0.0,2.0,10.0,,
"[[1, -1, 1], [-1, 1, 0], [0, 0, -1]]",,,,,,4.0,0.0,2.0,
"[[1, -1, 1], [-1, 0, 1], [0, 0, -1]]",,,,,0.0,,0.0,0.0,
"[[1, -1, 1], [-1, 0, 0], [1, 0, -1]]",,,,,0.0,2.0,,2.0,
"[[1, -1, 1], [-1, 0, 0], [0, 1, -1]]",,,,,0.0,0.0,0.0,,
"[[1, -1, 0], [-1, 1, -1], [1, 0, 0]]",,,2.0,,,,,16.0,4.0
"[[1, -1, 0], [-1, 1, -1], [0, 1, 0]]",,,2.0,,,,4.0,,0.0
"[[1, -1, 0], [-1, 1, 1], [-1, 0, 0]]",,,4.0,,,,,2.0,0.0
"[[1, -1, 0], [-1, 1, 0], [-1, 1, 0]]",,,4.0,,,4.0,,,0.0
"[[1, -1, 0], [-1, 1, 1], [0, -1, 0]]",,,2.0,,,,8.0,,0.0
"[[1, -1, 0], [-1, 1, 0], [1, -1, 0]]",,,0.0,,,12.0,,,0.0
"[[1, -1, 0], [-1, 1, 1], [0, 0, -1]]",,,0.0,,,,0.0,0.0,
"[[1, -1, 0], [-1, 1, 0], [1, 0, -1]]",,,0.0,,,0.0,,6.0,
"[[1, -1, 0], [-1, 1, 0], [0, 1, -1]]",,,0.0,,,0.0,0.0,,
"[[1, -1, 0], [-1, -1, 1], [1, 0, 0]]",,,0.0,,,,,0.0,0.0
"[[1, -1, 0], [-1, -1, 1], [0, 1, 0]]",,,0.0,,,,0.0,,0.0
"[[1, -1, 0], [-1, -1, 1], [0, 0, 1]]",,,0.0,,,,4.0,0.0,
"[[1, -1, 0], [-1, 0, 1], [-1, 1, 0]]",,,0.0,,0.0,,,,0.0
"[[1, -1, 0], [-1, 0, 1], [-1, 0, 1]]",,,8.0,,4.0,,,4.0,
"[[1, -1, 0], [-1, 0, 1], [1, -1, 0]]",,,0.0,,0.0,,,,0.0
"[[1, -1, 0], [-1, 0, 1], [0, -1, 1]]",,,6.0,,0.0,,16.0,,
"[[1, -1, 0], [-1, 0, 1], [1, 0, -1]]",,,0.0,,0.0,,,0.0,
"[[1, -1, 0], [-1, 0, 1], [0, 1, -1]]",,,0.0,,0.0,,0.0,,
"[[1, -1, 0], [-1, -1, 0], [1, 1, 0]]",,,4.0,,,0.0,,,0.0
"[[1, -1, 0], [-1, -1, 0], [1, 0, 1]]",,,2.0,,,0.0,,0.0,
"[[1, -1, 0], [-1, 0, -1], [1, 1, 0]]",,,18.0,,0.0,,,,0.0
"[[1, -1, 0], [-1, 0, -1], [1, 0, 1]]",,,8.0,,0.0,,,6.0,
"[[1, -1, 0], [-1, 0, 0], [1, -1, 1]]",,,8.0,,0.0,2.0,,,
"[[1, -1, 0], [-1, 0, 0], [1, 1, -1]]",,,0.0,,0.0,0.0,,,
"[[1, -1, 0], [-1, -1, 0], [0, 1, 1]]",,,4.0,,,0.0,0.0,,
"[[1, -1, 0], [-1, 0, -1], [0, 1, 1]]",,,14.0,,0.0,,10.0,,
"[[1, -1, 0], [-1, 0, 0], [-1, 1, 1]]",,,4.0,,0.0,4.0,,,
"[[1, -1, 1], [1, -1, -1], [0, 0, 0]]",,,,,,,0.0,0.0,2.0
"[[1, -1, 1], [0, -1, -1], [1, 0, 0]]",,,,0.0,,,,0.0,2.0
"[[1, -1, 1], [0, -1, -1], [0, 1, 0]]",,,,0.0,,,0.0,,0.0
"[[1, -1, 1], [0, -1, -1], [0, 0, 1]]",,,,0.0,,,0.0,0.0,
"[[1, -1, 1], [1, -1, 0], [-1, 0, 0]]",,,,,,0.0,,0.0,0.0
"[[1, -1, 1], [0, -1, 1], [-1, 0, 0]]",,,,6.0,,,,0.0,0.0
"[[1, -1, 1], [0, -1, 0], [-1, 1, 0]]",,,,0.0,,0.0,,,0.0
"[[1, -1, 1], [0, -1, 0], [-1, 0, 1]]",,,,4.0,,0.0,,0.0,
"[[1, -1, 1], [1, -1, 0], [0, 0, -1]]",,,,,,2.0,0.0,0.0,
"[[1, -1, 1], [0, -1, 1], [0, 0, -1]]",,,,0.0,,,0.0,0.0,
"[[1, -1, 1], [0, -1, 0], [1, 0, -1]]",,,,0.0,,0.0,,0.0,
"[[1, -1, 1], [0, -1, 0], [0, 1, -1]]",,,,0.0,,0.0,0.0,,
"[[1, -1, 0], [1, -1, -1], [0, 1, 0]]",,,8.0,,,,0.0,,4.0
"[[1, -1, 0], [1, -1, -1], [0, 0, 1]]",,,6.0,,,,0.0,0.0,
"[[1, -1, 0], [1, -1, 1], [-1, 0, 0]]",,,0.0,,,,,0.0,0.0
"[[1, -1, 0], [1, -1, 0], [-1, 1, 0]]",,,0.0,,,0.0,,,0.0
"[[1, -1, 0], [1, -1, 0], [-1, 0, 1]]",,,0.0,,,0.0,,0.0,
"[[1, -1, 0], [1, -1, 1], [0, 0, -1]]",,,2.0,,,,0.0,0.0,
"[[1, -1, 0], [1, -1, 0], [0, 1, -1]]",,,0.0,,,10.0,0.0,,
"[[1, -1, 0], [0, -1, 1], [-1, 1, 0]]",,,0.0,0.0,,,,,0.0
"[[1, -1, 0], [0, -1, 1], [-1, 0, 1]]",,,0.0,8.0,,,,0.0,
"[[1, -1, 0], [0, -1, 1], [1, 0, -1]]",,,2.0,0.0,,,,0.0,
"[[1, -1, 0], [0, -1, 1], [0, 1, -1]]",,,0.0,0.0,,,0.0,,
"[[1, -1, 0], [0, -1, -1], [1, 1, 0]]",,,8.0,0.0,,,,,10.0
"[[1, -1, 0], [0, -1, -1], [1, 0, 1]]",,,24.0,0.0,,,,0.0,
"[[1, -1, 0], [0, -1, 0], [1, 1, -1]]",,,10.0,0.0,,0.0,,,
"[[1, -1, 0], [0, -1, -1], [0, 1, 1]]",,,10.0,0.0,,,0.0,,
"[[1, -1, 0], [0, -1, 0], [-1, 1, 1]]",,,0.0,0.0,,0.0,,,
"[[1, -1, 1], [1, 0, -1], [-1, 0, 0]]",,,,,0.0,,,0.0,0.0
"[[1, -1, 1], [0, 1, -1], [-1, 0, 0]]",,,,4.0,,,,2.0,0.0
"[[1, -1, 1], [0, 0, -1], [-1, 1, 0]]",,,,0.0,0.0,,,,0.0
"[[1, -1, 1], [0, 0, -1], [-1, 0, 1]]",,,,6.0,0.0,,,2.0,
"[[1, -1, 1], [1, 0, -1], [0, -1, 0]]",,,,,0.0,,0.0,,8.0
"[[1, -1, 1], [0, 1, -1], [0, -1, 0]]",,,,4.0,,,4.0,,2.0
"[[1, -1, 1], [0, 0, -1], [1, -1, 0]]",,,,6.0,0.0,,,,4.0
"[[1, -1, 1], [0, 0, -1], [0, -1, 1]]",,,,2.0,0.0,,4.0,,
"[[1, -1, 1], [1, 0, -1], [0, 0, -1]]",,,,,0.0,,0.0,14.0,
"[[1, -1, 1], [0, 1, -1], [0, 0, -1]]",,,,4.0,,,0.0,12.0,
"[[1, -1, 1], [0, 0, -1], [1, 0, -1]]",,,,2.0,2.0,,,10.0,
"[[1, -1, 1], [0, 0, -1], [0, 1, -1]]",,,,0.0,0.0,,0.0,,
"[[1, -1, 0], [1, 1, -1], [-1, 0, 0]]",,,2.0,,,,,6.0,0.0
"[[1, -1, 0], [1, 0, -1], [-1, 1, 0]]",,,0.0,,0.0,,,,0.0
"[[1, -1, 0], [1, 0, -1], [-1, 0, 1]]",,,2.0,,0.0,,,4.0,
"[[1, -1, 0], [1, 1, -1], [0, -1, 0]]",,,14.0,,,,0.0,,4.0
"[[1, -1, 0], [1, 0, -1], [0, -1, 1]]",,,18.0,,0.0,,2.0,,
"[[1, -1, 0], [1, 1, -1], [0, 0, -1]]",,,0.0,,,,0.0,0.0,
"[[1, -1, 0], [1, 0, -1], [0, 1, -1]]",,,0.0,,14.0,,0.0,,
"[[1, -1, 0], [0, 1, -1], [-1, 1, 0]]",,,8.0,0.0,,,,,0.0
"[[1, -1, 0], [0, 1, -1], [1, -1, 0]]",,,6.0,4.0,,,,,10.0
"[[1, -1, 0], [0, 1, -1], [1, 0, -1]]",,,0.0,8.0,,,,4.0,
"[[1, -1, 0], [0, 1, -1], [0, 1, -1]]",,,0.0,0.0,,,0.0,,
"[[1, -1, 0], [0, 0, -1], [1, -1, 1]]",,,4.0,0.0,0.0,,,,
"[[1, -1, 0], [0, 0, -1], [1, 1, -1]]",,,0.0,0.0,18.0,,,,
"[[1, -1, 0], [0, 0, -1], [-1, 1, 1]]",,,2.0,8.0,0.0,,,,
"[[1, -1, 1], [1, 0, 0], [-1, -1, 0]]",,,,,0.0,0.0,,,0.0
"[[1, -1, 1], [0, 1, 0], [-1, -1, 0]]",,,,6.0,,0.0,,,0.0
"[[1, -1, 1], [0, 0, 1], [-1, -1, 0]]",,,,8.0,0.0,,,,0.0
"[[1, -1, 1], [0, 0, 0], [-1, -1, 1]]",,,,10.0,0.0,6.0,,,
"[[1, -1, 1], [1, 0, 0], [-1, 0, -1]]",,,,,0.0,0.0,,0.0,
"[[1, -1, 1], [0, 1, 0], [-1, 0, -1]]",,,,0.0,,0.0,,0.0,
"[[1, -1, 1], [0, 0, 1], [-1, 0, -1]]",,,,0.0,0.0,,,0.0,
"[[1, -1, 1], [0, 0, 0], [-1, 1, -1]]",,,,0.0,0.0,0.0,,,
"[[1, -1, 0], [1, 1, 0], [-1, -1, 0]]",,,10.0,,,2.0,,,0.0
"[[1, -1, 0], [1, 0, 1], [-1, -1, 0]]",,,6.0,,0.0,,,,0.0
"[[1, -1, 0], [1, 0, 0], [-1, -1, 1]]",,,4.0,,0.0,12.0,,,
"[[1, -1, 0], [1, 1, 0], [-1, 0, -1]]",,,6.0,,,0.0,,0.0,
"[[1, -1, 0], [1, 0, 1], [-1, 0, -1]]",,,2.0,,0.0,,,0.0,
"[[1, -1, 0], [1, 0, 0], [-1, 1, -1]]",,,0.0,,0.0,0.0,,,
"[[1, -1, 0], [0, 1, 1], [-1, -1, 0]]",,,22.0,0.0,,,,,0.0
"[[1, -1, 0], [0, 1, 1], [-1, 0, -1]]",,,12.0,0.0,,,,0.0,
"[[1, -1, 0], [0, 1, 0], [-1, 1, -1]]",,,0.0,0.0,,0.0,,,
"[[1, -1, 0], [0, 0, 1], [-1, -1, 1]]",,,4.0,26.0,0.0,,,,
"[[1, -1, 0], [0, 0, 1], [-1, 1, -1]]",,,0.0,0.0,0.0,,,,
"[[1, -1, 1], [1, 0, 0], [0, -1, -1]]",,,,,0.0,4.0,0.0,,
"[[1, -1, 1], [0, 1, 0], [0, -1, -1]]",,,,4.0,,4.0,0.0,,
"[[1, -1, 1], [0, 0, 1], [0, -1, -1]]",,,,0.0,0.0,,0.0,,
"[[1, -1, 1], [0, 0, 0], [1, -1, -1]]",,,,2.0,0.0,12.0,,,
"[[1, -1, 0], [1, 1, 0], [0, -1, -1]]",,,16.0,,,0.0,0.0,,
"[[1, -1, 0], [1, 0, 1], [0, -1, -1]]",,,12.0,,0.0,,0.0,,
"[[1, -1, 0], [0, 1, 1], [0, -1, -1]]",,,4.0,0.0,,,0.0,,
"[[1, -1, 0], [0, 1, 0], [1, -1, -1]]",,,4.0,2.0,,12.0,,,
"[[1, -1, 0], [0, 0, 1], [1, -1, -1]]",,,12.0,0.0,0.0,,,,
"[[0, -1, 1], [-1, 1, -1], [0, 1, 0]]",10.0,,,,,,0.0,,4.0
"[[0, -1, 1], [-1, 1, -1], [0, 0, 1]]",8.0,,,,,,4.0,16.0,
"[[0, -1, 1], [-1, 1, 1], [-1, 0, 0]]",0.0,,,,,,,2.0,0.0
"[[0, -1, 1], [-1, 1, 0], [-1, 1, 0]]",0.0,,,,,0.0,,,0.0
"[[0, -1, 1], [-1, 1, 0], [-1, 0, 1]]",0.0,,,,,4.0,,4.0,
"[[0, -1, 1], [-1, 1, 1], [0, -1, 0]]",20.0,,,,,,6.0,,2.0
"[[0, -1, 1], [-1, 1, 0], [0, -1, 1]]",12.0,,,,,6.0,4.0,,
"[[0, -1, 1], [-1, 1, 1], [0, 0, -1]]",2.0,,,,,,0.0,10.0,
"[[0, -1, 1], [-1, 1, 0], [0, 1, -1]]",0.0,,,,,4.0,0.0,,
"[[0, -1, 1], [-1, -1, 1], [1, 0, 0]]",6.0,,,,,,,0.0,0.0
"[[0, -1, 1], [-1, -1, 1], [0, 1, 0]]",6.0,,,,,,2.0,,0.0
"[[0, -1, 1], [-1, 0, 1], [-1, 1, 0]]",0.0,,,,8.0,,,,0.0
"[[0, -1, 1], [-1, 0, 1], [1, -1, 0]]",8.0,,,,0.0,,,,10.0
"[[0, -1, 1], [-1, 0, 1], [1, 0, -1]]",4.0,,,,0.0,,,0.0,
"[[0, -1, 1], [-1, 0, 1], [0, 1, -1]]",0.0,,,,0.0,,0.0,,
"[[0, -1, 1], [-1, -1, 0], [1, 1, 0]]",10.0,,,,,0.0,,,0.0
"[[0, -1, 1], [-1, -1, 0], [1, 0, 1]]",10.0,,,,,0.0,,0.0,
"[[0, -1, 1], [-1, 0, -1], [1, 1, 0]]",18.0,,,,0.0,,,,8.0
"[[0, -1, 1], [-1, 0, -1], [1, 0, 1]]",10.0,,,,0.0,,,4.0,
"[[0, -1, 1], [-1, 0, 0], [1, -1, 1]]",8.0,,,,0.0,4.0,,,
"[[0, -1, 1], [-1, 0, 0], [1, 1, -1]]",8.0,,,,0.0,2.0,,,
"[[0, -1, 1], [-1, -1, 0], [0, 1, 1]]",20.0,,,,,0.0,0.0,,
"[[0, -1, 1], [-1, 0, -1], [0, 1, 1]]",2.0,,,,0.0,,0.0,,
"[[0, -1, 1], [-1, 0, 0], [-1, 1, 1]]",0.0,,,,6.0,0.0,,,
"[[0, -1, 1], [1, -1, -1], [1, 0, 0]]",0.0,,,,,,,0.0,8.0
"[[0, -1, 1], [1, -1, -1], [0, 1, 0]]",0.0,,,,,,0.0,,0.0
"[[0, -1, 1], [1, -1, -1], [0, 0, 1]]",0.0,,,,,,0.0,0.0,
"[[0, -1, 1], [1, -1, 1], [-1, 0, 0]]",4.0,,,,,,,0.0,0.0
"[[0, -1, 1], [1, -1, 0], [-1, 1, 0]]",0.0,,,,,0.0,,,0.0
"[[0, -1, 1], [1, -1, 0], [-1, 0, 1]]",6.0,,,,,0.0,,0.0,
"[[0, -1, 1], [1, -1, 1], [0, 0, -1]]",0.0,,,,,,0.0,0.0,
"[[0, -1, 1], [1, -1, 0], [1, 0, -1]]",0.0,,,,,0.0,,0.0,
"[[0, -1, 1], [1, -1, 0], [0, 1, -1]]",0.0,,,,,0.0,0.0,,
"[[0, -1, 1], [0, -1, 1], [-1, 1, 0]]",6.0,,,2.0,,,,,0.0
"[[0, -1, 1], [0, -1, 1], [1, 0, -1]]",0.0,,,0.0,,,,0.0,
"[[0, -1, 1], [0, -1, 1], [0, 1, -1]]",0.0,,,0.0,,,0.0,,
"[[0, -1, 1], [0, -1, -1], [1, 1, 0]]",4.0,,,0.0,,,,,0.0
"[[0, -1, 1], [0, -1, -1], [1, 0, 1]]",2.0,,,0.0,,,,0.0,
"[[0, -1, 1], [0, -1, 0], [1, 1, -1]]",0.0,,,0.0,,0.0,,,
"[[0, -1, 1], [0, -1, -1], [0, 1, 1]]",10.0,,,0.0,,,0.0,,
"[[0, -1, 1], [0, -1, 0], [-1, 1, 1]]",0.0,,,0.0,,0.0,,,
"[[0, -1, 1], [1, 1, -1], [-1, 0, 0]]",0.0,,,,,,,0.0,0.0
"[[0, -1, 1], [1, 0, -1], [-1, 1, 0]]",0.0,,,,0.0,,,,0.0
"[[0, -1, 1], [1, 0, -1], [-1, 0, 1]]",0.0,,,,0.0,,,0.0,
"[[0, -1, 1], [1, 1, -1], [0, -1, 0]]",8.0,,,,,,0.0,,4.0
"[[0, -1, 1], [1, 0, -1], [1, -1, 0]]",4.0,,,,0.0,,,,6.0
"[[0, -1, 1], [1, 0, -1], [0, -1, 1]]",0.0,,,,0.0,,0.0,,
"[[0, -1, 1], [1, 1, -1], [0, 0, -1]]",6.0,,,,,,0.0,0.0,
"[[0, -1, 1], [1, 0, -1], [1, 0, -1]]",0.0,,,,2.0,,,14.0,
"[[0, -1, 1], [1, 0, -1], [0, 1, -1]]",0.0,,,,0.0,,0.0,,
"[[0, -1, 1], [0, 1, -1], [-1, 1, 0]]",0.0,,,0.0,,,,,0.0
"[[0, -1, 1], [0, 1, -1], [-1, 0, 1]]",0.0,,,0.0,,,,8.0,
"[[0, -1, 1], [0, 1, -1], [0, -1, 1]]",2.0,,,2.0,,,6.0,,
"[[0, -1, 1], [0, 1, -1], [0, 1, -1]]",8.0,,,2.0,,,0.0,,
"[[0, -1, 1], [0, 0, -1], [1, -1, 1]]",8.0,,,2.0,0.0,,,,
"[[0, -1, 1], [0, 0, -1], [1, 1, -1]]",2.0,,,6.0,0.0,,,,
"[[0, -1, 1], [0, 0, -1], [-1, 1, 1]]",0.0,,,0.0,0.0,,,,
"[[0, -1, 1], [1, 1, 0], [-1, -1, 0]]",4.0,,,,,0.0,,,0.0
"[[0, -1, 1], [1, 0, 1], [-1, -1, 0]]",8.0,,,,0.0,,,,0.0
"[[0, -1, 1], [1, 0, 0], [-1, -1, 1]]",16.0,,,,0.0,0.0,,,
"[[0, -1, 1], [1, 1, 0], [-1, 0, -1]]",6.0,,,,,0.0,,0.0,
"[[0, -1, 1], [1, 0, 1], [-1, 0, -1]]",4.0,,,,0.0,,,0.0,
"[[0, -1, 1], [1, 0, 0], [-1, 1, -1]]",0.0,,,,0.0,0.0,,,
"[[0, -1, 1], [0, 1, 1], [-1, -1, 0]]",2.0,,,10.0,,,,,0.0
"[[0, -1, 1], [0, 1, 0], [-1, -1, 1]]",2.0,,,12.0,,2.0,,,
"[[0, -1, 1], [0, 1, 1], [-1, 0, -1]]",2.0,,,0.0,,,,0.0,
"[[0, -1, 1], [0, 1, 0], [-1, 1, -1]]",0.0,,,0.0,,0.0,,,
"[[0, -1, 1], [0, 0, 1], [-1, 1, -1]]",0.0,,,0.0,0.0,,,,
"[[0, -1, 1], [1, 1, 0], [0, -1, -1]]",4.0,,,,,8.0,0.0,,
"[[0, -1, 1], [1, 0, 1], [0, -1, -1]]",6.0,,,,0.0,,0.0,,
"[[0, -1, 1], [1, 0, 0], [1, -1, -1]]",2.0,,,,0.0,8.0,,,
"[[0, -1, 1], [0, 1, 1], [0, -1, -1]]",4.0,,,4.0,,,0.0,,
"[[0, -1, 1], [0, 0, 1], [1, -1, -1]]",2.0,,,8.0,0.0,,,,
"[[0, -1, -1], [1, 1, -1], [1, 0, 0]]",0.0,,,,,,,4.0,0.0
"[[0, -1, -1], [1, 1, -1], [0, 1, 0]]",0.0,,,,,,0.0,,0.0
"[[0, -1, -1], [1, 1, -1], [0, 0, 1]]",0.0,,,,,,0.0,0.0,
"[[0, -1, -1], [1, 1, 0], [-1, 1, 0]]",0.0,,,,,0.0,,,6.0
"[[0, -1, -1], [1, 1, 0], [-1, 0, 1]]",0.0,,,,,0.0,,2.0,
"[[0, -1, -1], [1, 1, 0], [1, -1, 0]]",0.0,,,,,4.0,,,16.0
"[[0, -1, -1], [1, 1, 0], [0, -1, 1]]",0.0,,,,,6.0,12.0,,
"[[0, -1, -1], [1, 1, 0], [1, 0, -1]]",0.0,,,,,0.0,,6.0,
"[[0, -1, -1], [1, 1, 0], [0, 1, -1]]",0.0,,,,,0.0,2.0,,
"[[0, -1, -1], [1, -1, 1], [1, 0, 0]]",0.0,,,,,,,0.0,6.0
"[[0, -1, -1], [1, -1, 1], [0, 1, 0]]",0.0,,,,,,0.0,,0.0
"[[0, -1, -1], [1, -1, 1], [0, 0, 1]]",0.0,,,,,,0.0,0.0,
"[[0, -1, -1], [1, 0, 1], [-1, 1, 0]]",0.0,,,,0.0,,,,6.0
"[[0, -1, -1], [1, 0, 1], [-1, 0, 1]]",0.0,,,,0.0,,,0.0,
"[[0, -1, -1], [1, 0, 1], [1, -1, 0]]",0.0,,,,0.0,,,,12.0
"[[0, -1, -1], [1, 0, 1], [0, -1, 1]]",0.0,,,,0.0,,14.0,,
"[[0, -1, -1], [1, 0, 1], [1, 0, -1]]",0.0,,,,0.0,,,8.0,
"[[0, -1, -1], [1, 0, 1], [0, 1, -1]]",0.0,,,,0.0,,8.0,,
"[[0, -1, -1], [1, -1, 0], [1, 1, 0]]",0.0,,,,,4.0,,,4.0
"[[0, -1, -1], [1, -1, 0], [1, 0, 1]]",0.0,,,,,4.0,,0.0,
"[[0, -1, -1], [1, 0, -1], [1, 1, 0]]",0.0,,,,10.0,,,,0.0
"[[0, -1, -1], [1, 0, -1], [1, 0, 1]]",0.0,,,,18.0,,,2.0,
"[[0, -1, -1], [1, 0, 0], [1, -1, 1]]",0.0,,,,0.0,8.0,,,
"[[0, -1, -1], [1, 0, 0], [1, 1, -1]]",0.0,,,,4.0,0.0,,,
"[[0, -1, -1], [1, -1, 0], [0, 1, 1]]",0.0,,,,,2.0,0.0,,
"[[0, -1, -1], [1, 0, -1], [0, 1, 1]]",0.0,,,,6.0,,0.0,,
"[[0, -1, -1], [1, 0, 0], [-1, 1, 1]]",0.0,,,,0.0,0.0,,,
"[[0, -1, 0], [1, -1, 1], [-1, 1, 0]]",0.0,,0.0,,,,,,0.0
"[[0, -1, 0], [1, -1, 1], [-1, 0, 1]]",4.0,,0.0,,,,,0.0,
"[[0, -1, 0], [1, -1, 1], [1, 0, -1]]",0.0,,8.0,,,,,0.0,
"[[0, -1, 0], [1, -1, 1], [0, 1, -1]]",0.0,,0.0,,,,0.0,,
"[[0, -1, 0], [1, -1, -1], [1, 1, 0]]",2.0,,28.0,,,,,,4.0
"[[0, -1, 0], [1, -1, -1], [1, 0, 1]]",2.0,,22.0,,,,,0.0,
"[[0, -1, 0], [1, -1, 0], [1, 1, -1]]",0.0,,0.0,,,6.0,,,
"[[0, -1, 0], [1, -1, -1], [0, 1, 1]]",12.0,,4.0,,,,0.0,,
"[[0, -1, 0], [1, -1, 0], [-1, 1, 1]]",0.0,,0.0,,,0.0,,,
"[[0, -1, 0], [1, 1, -1], [-1, 1, 0]]",0.0,,0.0,,,,,,0.0
"[[0, -1, 0], [1, 1, -1], [-1, 0, 1]]",0.0,,4.0,,,,,4.0,
"[[0, -1, 0], [1, 1, -1], [1, -1, 0]]",2.0,,6.0,,,,,,18.0
"[[0, -1, 0], [1, 1, -1], [0, -1, 1]]",0.0,,4.0,,,,6.0,,
"[[0, -1, 0], [1, 1, -1], [1, 0, -1]]",0.0,,0.0,,,,,6.0,
"[[0, -1, 0], [1, 1, -1], [0, 1, -1]]",0.0,,0.0,,,,0.0,,
"[[0, -1, 0], [1, 0, -1], [1, -1, 1]]",0.0,,6.0,,0.0,,,,
"[[0, -1, 0], [1, 0, -1], [1, 1, -1]]",0.0,,0.0,,12.0,,,,
"[[0, -1, 0], [1, 0, -1], [-1, 1, 1]]",0.0,,0.0,,0.0,,,,
"[[0, -1, 0], [1, 1, 0], [-1, -1, 1]]",2.0,,14.0,,,6.0,,,
"[[0, -1, 0], [1, 1, 0], [-1, 1, -1]]",6.0,,4.0,,,0.0,,,
"[[0, -1, 0], [1, 0, 1], [-1, -1, 1]]",22.0,,6.0,,0.0,,,,
"[[0, -1, 0], [1, 0, 1], [-1, 1, -1]]",10.0,,2.0,,0.0,,,,
"[[0, -1, 0], [1, 1, 0], [1, -1, -1]]",4.0,,4.0,,,4.0,,,
"[[0, -1, 0], [1, 0, 1], [1, -1, -1]]",10.0,,4.0,,0.0,,,,
"[[0, -1, -1], [-1, 1, 1], [1, 0, 0]]",0.0,,,,,,,0.0,0.0
"[[0, -1, -1], [-1, 1, 1], [0, 1, 0]]",0.0,,,,,,0.0,,0.0
"[[0, -1, -1], [-1, 1, 1], [0, 0, 1]]",0.0,,,,,,6.0,0.0,
"[[0, -1, -1], [0, 1, 1], [-1, 1, 0]]",0.0,,,0.0,,,,,10.0
"[[0, -1, -1], [0, 1, 1], [-1, 0, 1]]",0.0,,,4.0,,,,22.0,
"[[0, -1, -1], [0, 1, 1], [1, -1, 0]]",0.0,,,0.0,,,,,6.0
"[[0, -1, -1], [0, 1, 1], [0, -1, 1]]",0.0,,,4.0,,,14.0,,
"[[0, -1, -1], [0, 1, 1], [1, 0, -1]]",0.0,,,0.0,,,,0.0,
"[[0, -1, -1], [0, 1, 1], [0, 1, -1]]",0.0,,,0.0,,,4.0,,
"[[0, -1, -1], [-1, 1, 0], [1, 1, 0]]",0.0,,,,,6.0,,,0.0
"[[0, -1, -1], [-1, 1, 0], [1, 0, 1]]",0.0,,,,,8.0,,4.0,
"[[0, -1, -1], [0, 1, -1], [1, 1, 0]]",0.0,,,4.0,,,,,0.0
"[[0, -1, -1], [0, 1, -1], [1, 0, 1]]",0.0,,,8.0,,,,0.0,
"[[0, -1, -1], [0, 1, 0], [1, -1, 1]]",0.0,,,8.0,,2.0,,,
"[[0, -1, -1], [0, 1, 0], [1, 1, -1]]",0.0,,,0.0,,0.0,,,
"[[0, -1, -1], [-1, 1, 0], [0, 1, 1]]",0.0,,,,,22.0,6.0,,
"[[0, -1, -1], [0, 1, -1], [0, 1, 1]]",0.0,,,12.0,,,2.0,,
"[[0, -1, -1], [0, 1, 0], [-1, 1, 1]]",0.0,,,10.0,,2.0,,,
"[[0, -1, 0], [-1, 1, 1], [-1, 1, 0]]",0.0,,0.0,,,,,,0.0
"[[0, -1, 0], [-1, 1, 1], [-1, 0, 1]]",0.0,,10.0,,,,,20.0,
"[[0, -1, 0], [-1, 1, 1], [1, -1, 0]]",10.0,,0.0,,,,,,4.0
"[[0, -1, 0], [-1, 1, 1], [0, -1, 1]]",4.0,,4.0,,,,12.0,,
"[[0, -1, 0], [-1, 1, 1], [1, 0, -1]]",2.0,,0.0,,,,,4.0,
"[[0, -1, 0], [-1, 1, 1], [0, 1, -1]]",0.0,,0.0,,,,0.0,,
"[[0, -1, 0], [-1, 1, -1], [1, 1, 0]]",8.0,,4.0,,,,,,4.0
"[[0, -1, 0], [-1, 1, -1], [1, 0, 1]]",6.0,,14.0,,,,,6.0,
"[[0, -1, 0], [-1, 1, 0], [1, -1, 1]]",4.0,,0.0,,,10.0,,,
"[[0, -1, 0], [-1, 1, 0], [1, 1, -1]]",4.0,,0.0,,,10.0,,,
"[[0, -1, 0], [-1, 1, -1], [0, 1, 1]]",10.0,,10.0,,,,0.0,,
"[[0, -1, 0], [-1, 1, 0], [-1, 1, 1]]",0.0,,6.0,,,4.0,,,
"[[0, -1, 0], [0, 1, -1], [1, -1, 1]]",4.0,,0.0,12.0,,,,,
"[[0, -1, 0], [0, 1, -1], [1, 1, -1]]",0.0,,0.0,2.0,,,,,
"[[0, -1, 0], [0, 1, -1], [-1, 1, 1]]",0.0,,4.0,0.0,,,,,
"[[0, -1, 0], [0, 1, 1], [-1, -1, 1]]",10.0,,10.0,6.0,,,,,
"[[0, -1, 0], [0, 1, 1], [-1, 1, -1]]",2.0,,2.0,0.0,,,,,
"[[0, -1, 0], [0, 1, 1], [1, -1, -1]]",14.0,,4.0,6.0,,,,,
"[[0, -1, -1], [-1, 0, 1], [1, 1, 0]]",0.0,,,,0.0,,,,0.0
"[[0, -1, -1], [-1, 0, 1], [1, 0, 1]]",0.0,,,,6.0,,,0.0,
"[[0, -1, -1], [0, -1, 1], [1, 1, 0]]",0.0,,,2.0,,,,,0.0
"[[0, -1, -1], [0, -1, 1], [1, 0, 1]]",0.0,,,6.0,,,,0.0,
"[[0, -1, -1], [0, 0, 1], [1, -1, 1]]",0.0,,,0.0,0.0,,,,
"[[0, -1, -1], [0, 0, 1], [1, 1, -1]]",0.0,,,0.0,0.0,,,,
"[[0, -1, -1], [-1, 0, 1], [0, 1, 1]]",0.0,,,,12.0,,0.0,,
"[[0, -1, -1], [0, -1, 1], [0, 1, 1]]",0.0,,,6.0,,,0.0,,
"[[0, -1, -1], [0, 0, 1], [-1, 1, 1]]",0.0,,,0.0,0.0,,,,
"[[0, -1, 0], [-1, -1, 1], [1, 1, 0]]",4.0,,14.0,,,,,,0.0
"[[0, -1, 0], [-1, -1, 1], [1, 0, 1]]",8.0,,0.0,,,,,0.0,
"[[0, -1, 0], [-1, 0, 1], [1, -1, 1]]",4.0,,0.0,,0.0,,,,
"[[0, -1, 0], [-1, 0, 1], [1, 1, -1]]",0.0,,0.0,,0.0,,,,
"[[0, -1, 0], [-1, -1, 1], [0, 1, 1]]",8.0,,2.0,,,,4.0,,
"[[0, -1, 0], [-1, 0, 1], [-1, 1, 1]]",0.0,,0.0,,4.0,,,,
"[[0, -1, 0], [0, -1, 1], [1, 1, -1]]",0.0,,0.0,0.0,,,,,
"[[0, -1, 0], [0, -1, 1], [-1, 1, 1]]",4.0,,0.0,2.0,,,,,
"[[1, 1, -1], [-1, -1, 1], [0, 0, 0]]",,,,,,,0.0,0.0,0.0
"[[1, 1, -1], [-1, -1, 0], [1, 0, 0]]",,,,,,0.0,,0.0,0.0
"[[1, 1, -1], [-1, -1, 0], [0, 1, 0]]",,,,,,0.0,0.0,,0.0
"[[1, 1, -1], [-1, -1, 0], [0, 0, 1]]",,,,,,0.0,0.0,0.0,
"[[1, 1, -1], [-1, 1, -1], [0, 0, 0]]",,,,,,,4.0,2.0,0.0
"[[1, 1, -1], [-1, 0, -1], [1, 0, 0]]",,,,,0.0,,,0.0,0.0
"[[1, 1, -1], [-1, 0, -1], [0, 1, 0]]",,,,,0.0,,4.0,,0.0
"[[1, 1, -1], [-1, 0, -1], [0, 0, 1]]",,,,,0.0,,4.0,2.0,
"[[1, 1, -1], [-1, 1, 0], [-1, 0, 0]]",,,,,,8.0,,6.0,2.0
"[[1, 1, -1], [-1, 0, 1], [-1, 0, 0]]",,,,,0.0,,,0.0,0.0
"[[1, 1, -1], [-1, 0, 0], [-1, 1, 0]]",,,,,0.0,2.0,,,6.0
"[[1, 1, -1], [-1, 0, 0], [-1, 0, 1]]",,,,,0.0,2.0,,0.0,
"[[1, 1, -1], [-1, 1, 0], [0, -1, 0]]",,,,,,6.0,0.0,,0.0
"[[1, 1, -1], [-1, 0, 1], [0, -1, 0]]",,,,,0.0,,0.0,,0.0
"[[1, 1, -1], [-1, 0, 0], [1, -1, 0]]",,,,,0.0,0.0,,,0.0
"[[1, 1, -1], [-1, 0, 0], [0, -1, 1]]",,,,,0.0,0.0,2.0,,
"[[1, 1, -1], [-1, 1, 0], [0, 0, -1]]",,,,,,0.0,6.0,0.0,
"[[1, 1, -1], [-1, 0, 1], [0, 0, -1]]",,,,,0.0,,0.0,0.0,
"[[1, 1, -1], [-1, 0, 0], [1, 0, -1]]",,,,,0.0,0.0,,0.0,
"[[1, 1, -1], [-1, 0, 0], [0, 1, -1]]",,,,,0.0,0.0,4.0,,
"[[1, 0, -1], [-1, 1, -1], [1, 0, 0]]",,2.0,,,,,,4.0,0.0
"[[1, 0, -1], [-1, 1, -1], [0, 1, 0]]",,0.0,,,,,6.0,,0.0
"[[1, 0, -1], [-1, 1, 1], [-1, 0, 0]]",,2.0,,,,,,6.0,0.0
"[[1, 0, -1], [-1, 1, 0], [-1, 1, 0]]",,0.0,,,,2.0,,,2.0
"[[1, 0, -1], [-1, 1, 1], [0, -1, 0]]",,8.0,,,,,2.0,,0.0
"[[1, 0, -1], [-1, 1, 0], [1, -1, 0]]",,4.0,,,,0.0,,,0.0
"[[1, 0, -1], [-1, 1, 1], [0, 0, -1]]",,0.0,,,,,0.0,0.0,
"[[1, 0, -1], [-1, 1, 0], [1, 0, -1]]",,0.0,,,,0.0,,0.0,
"[[1, 0, -1], [-1, 1, 0], [0, 1, -1]]",,0.0,,,,0.0,0.0,,
"[[1, 0, -1], [-1, -1, 1], [1, 0, 0]]",,0.0,,,,,,0.0,0.0
"[[1, 0, -1], [-1, -1, 1], [0, 1, 0]]",,0.0,,,,,0.0,,0.0
"[[1, 0, -1], [-1, -1, 1], [0, 0, 1]]",,0.0,,,,,0.0,0.0,
"[[1, 0, -1], [-1, 0, 1], [-1, 1, 0]]",,0.0,,,0.0,,,,0.0
"[[1, 0, -1], [-1, 0, 1], [-1, 0, 1]]",,0.0,,,0.0,,,4.0,
"[[1, 0, -1], [-1, 0, 1], [1, -1, 0]]",,0.0,,,0.0,,,,0.0
"[[1, 0, -1], [-1, 0, 1], [0, -1, 1]]",,2.0,,,0.0,,8.0,,
"[[1, 0, -1], [-1, 0, 1], [1, 0, -1]]",,0.0,,,0.0,,,0.0,
"[[1, 0, -1], [-1, 0, 1], [0, 1, -1]]",,0.0,,,0.0,,0.0,,
"[[1, 0, -1], [-1, -1, 0], [1, 1, 0]]",,10.0,,,,0.0,,,0.0
"[[1, 0, -1], [-1, -1, 0], [1, 0, 1]]",,2.0,,,,0.0,,0.0,
"[[1, 0, -1], [-1, 0, -1], [1, 1, 0]]",,2.0,,,0.0,,,,0.0
"[[1, 0, -1], [-1, 0, -1], [1, 0, 1]]",,2.0,,,0.0,,,0.0,
"[[1, 0, -1], [-1, 0, 0], [1, -1, 1]]",,0.0,,,0.0,6.0,,,
"[[1, 0, -1], [-1, 0, 0], [1, 1, -1]]",,0.0,,,0.0,0.0,,,
"[[1, 0, -1], [-1, -1, 0], [0, 1, 1]]",,2.0,,,,0.0,0.0,,
"[[1, 0, -1], [-1, 0, -1], [0, 1, 1]]",,12.0,,,0.0,,2.0,,
"[[1, 0, -1], [-1, 0, 0], [-1, 1, 1]]",,4.0,,,0.0,2.0,,,
"[[1, 1, -1], [1, -1, -1], [0, 0, 0]]",,,,,,,0.0,6.0,0.0
"[[1, 1, -1], [0, -1, -1], [1, 0, 0]]",,,,0.0,,,,4.0,0.0
"[[1, 1, -1], [0, -1, -1], [0, 1, 0]]",,,,0.0,,,0.0,,0.0
"[[1, 1, -1], [0, -1, -1], [0, 0, 1]]",,,,0.0,,,0.0,0.0,
"[[1, 1, -1], [1, -1, 0], [0, -1, 0]]",,,,,,4.0,0.0,,2.0
"[[1, 1, -1], [0, -1, 1], [0, -1, 0]]",,,,0.0,,,0.0,,0.0
"[[1, 1, -1], [0, -1, 0], [1, -1, 0]]",,,,0.0,,2.0,,,2.0
"[[1, 1, -1], [0, -1, 0], [0, -1, 1]]",,,,0.0,,0.0,0.0,,
"[[1, 1, -1], [1, -1, 0], [0, 0, -1]]",,,,,,0.0,0.0,6.0,
"[[1, 1, -1], [0, -1, 1], [0, 0, -1]]",,,,0.0,,,0.0,0.0,
"[[1, 1, -1], [0, -1, 0], [1, 0, -1]]",,,,0.0,,0.0,,6.0,
"[[1, 1, -1], [0, -1, 0], [0, 1, -1]]",,,,0.0,,0.0,0.0,,
"[[1, 0, -1], [1, -1, -1], [0, 1, 0]]",,2.0,,,,,0.0,,0.0
"[[1, 0, -1], [1, -1, -1], [0, 0, 1]]",,2.0,,,,,0.0,8.0,
"[[1, 0, -1], [1, -1, 1], [0, -1, 0]]",,0.0,,,,,0.0,,2.0
"[[1, 0, -1], [1, -1, 0], [0, -1, 1]]",,0.0,,,,4.0,0.0,,
"[[1, 0, -1], [1, -1, 1], [0, 0, -1]]",,8.0,,,,,0.0,4.0,
"[[1, 0, -1], [1, -1, 0], [0, 1, -1]]",,2.0,,,,0.0,0.0,,
"[[1, 0, -1], [0, -1, 1], [1, -1, 0]]",,0.0,,0.0,,,,,4.0
"[[1, 0, -1], [0, -1, 1], [0, -1, 1]]",,0.0,,0.0,,,0.0,,
"[[1, 0, -1], [0, -1, 1], [1, 0, -1]]",,0.0,,0.0,,,,8.0,
"[[1, 0, -1], [0, -1, 1], [0, 1, -1]]",,0.0,,0.0,,,0.0,,
"[[1, 0, -1], [0, -1, -1], [1, 1, 0]]",,6.0,,0.0,,,,,0.0
"[[1, 0, -1], [0, -1, -1], [1, 0, 1]]",,6.0,,0.0,,,,2.0,
"[[1, 0, -1], [0, -1, 0], [1, -1, 1]]",,0.0,,0.0,,6.0,,,
"[[1, 0, -1], [0, -1, 0], [1, 1, -1]]",,4.0,,0.0,,0.0,,,
"[[1, 0, -1], [0, -1, -1], [0, 1, 1]]",,10.0,,0.0,,,0.0,,
"[[1, 1, -1], [1, 0, -1], [-1, 0, 0]]",,,,,0.0,,,0.0,0.0
"[[1, 1, -1], [0, 1, -1], [-1, 0, 0]]",,,,8.0,,,,0.0,0.0
"[[1, 1, -1], [0, 0, -1], [-1, 1, 0]]",,,,6.0,0.0,,,,0.0
"[[1, 1, -1], [0, 0, -1], [-1, 0, 1]]",,,,0.0,0.0,,,10.0,
"[[1, 1, -1], [1, 0, -1], [0, -1, 0]]",,,,,8.0,,0.0,,0.0
"[[1, 1, -1], [0, 1, -1], [0, -1, 0]]",,,,4.0,,,4.0,,0.0
"[[1, 1, -1], [0, 0, -1], [1, -1, 0]]",,,,0.0,4.0,,,,0.0
"[[1, 1, -1], [0, 0, -1], [0, -1, 1]]",,,,4.0,0.0,,8.0,,
"[[1, 0, -1], [1, 1, -1], [-1, 0, 0]]",,0.0,,,,,,2.0,0.0
"[[1, 0, -1], [1, 0, -1], [-1, 1, 0]]",,0.0,,,0.0,,,,0.0
"[[1, 0, -1], [1, 0, -1], [-1, 0, 1]]",,2.0,,,0.0,,,8.0,
"[[1, 0, -1], [1, 1, -1], [0, -1, 0]]",,8.0,,,,,0.0,,0.0
"[[1, 0, -1], [1, 0, -1], [0, -1, 1]]",,6.0,,,0.0,,0.0,,
"[[1, 0, -1], [0, 1, -1], [-1, 1, 0]]",,0.0,,14.0,,,,,0.0
"[[1, 0, -1], [0, 1, -1], [1, -1, 0]]",,12.0,,2.0,,,,,0.0
"[[1, 0, -1], [0, 0, -1], [1, -1, 1]]",,8.0,,0.0,0.0,,,,
"[[1, 0, -1], [0, 0, -1], [-1, 1, 1]]",,4.0,,0.0,0.0,,,,
"[[1, 1, -1], [1, 0, 0], [-1, -1, 0]]",,,,,0.0,0.0,,,0.0
"[[1, 1, -1], [0, 1, 0], [-1, -1, 0]]",,,,2.0,,2.0,,,0.0
"[[1, 1, -1], [0, 0, 1], [-1, -1, 0]]",,,,0.0,0.0,,,,0.0
"[[1, 1, -1], [0, 0, 0], [-1, -1, 1]]",,,,4.0,0.0,2.0,,,
"[[1, 1, -1], [1, 0, 0], [-1, 0, -1]]",,,,,0.0,0.0,,0.0,
"[[1, 1, -1], [0, 1, 0], [-1, 0, -1]]",,,,4.0,,0.0,,0.0,
"[[1, 1, -1], [0, 0, 1], [-1, 0, -1]]",,,,0.0,0.0,,,0.0,
"[[1, 1, -1], [0, 0, 0], [-1, 1, -1]]",,,,0.0,0.0,0.0,,,
"[[1, 0, -1], [1, 1, 0], [-1, -1, 0]]",,0.0,,,,2.0,,,0.0
"[[1, 0, -1], [1, 0, 1], [-1, -1, 0]]",,8.0,,,0.0,,,,0.0
"[[1, 0, -1], [1, 0, 0], [-1, -1, 1]]",,2.0,,,0.0,4.0,,,
"[[1, 0, -1], [1, 1, 0], [-1, 0, -1]]",,6.0,,,,0.0,,0.0,
"[[1, 0, -1], [1, 0, 1], [-1, 0, -1]]",,2.0,,,0.0,,,0.0,
"[[1, 0, -1], [1, 0, 0], [-1, 1, -1]]",,0.0,,,0.0,0.0,,,
"[[1, 0, -1], [0, 1, 1], [-1, -1, 0]]",,8.0,,2.0,,,,,0.0
"[[1, 0, -1], [0, 1, 1], [-1, 0, -1]]",,2.0,,0.0,,,,0.0,
"[[1, 0, -1], [0, 1, 0], [-1, 1, -1]]",,0.0,,4.0,,0.0,,,
"[[1, 0, -1], [0, 0, 1], [-1, -1, 1]]",,0.0,,0.0,0.0,,,,
"[[1, 0, -1], [0, 0, 1], [-1, 1, -1]]",,0.0,,0.0,0.0,,,,
"[[1, 1, -1], [1, 0, 0], [0, -1, -1]]",,,,,0.0,0.0,0.0,,
"[[1, 1, -1], [0, 1, 0], [0, -1, -1]]",,,,0.0,,0.0,0.0,,
"[[1, 1, -1], [0, 0, 1], [0, -1, -1]]",,,,0.0,0.0,,0.0,,
"[[1, 1, -1], [0, 0, 0], [1, -1, -1]]",,,,0.0,4.0,0.0,,,
"[[1, 0, -1], [1, 1, 0], [0, -1, -1]]",,10.0,,,,0.0,0.0,,
"[[1, 0, -1], [1, 0, 1], [0, -1, -1]]",,6.0,,,4.0,,0.0,,
"[[1, 0, -1], [0, 1, 1], [0, -1, -1]]",,0.0,,0.0,,,0.0,,
"[[1, 0, -1], [0, 1, 0], [1, -1, -1]]",,0.0,,0.0,,0.0,,,
"[[1, 0, -1], [0, 0, 1], [1, -1, -1]]",,0.0,,0.0,4.0,,,,
"[[0, 1, -1], [-1, 1, -1], [1, 0, 0]]",0.0,,,,,,,0.0,0.0
"[[0, 1, -1], [-1, 1, -1], [0, 0, 1]]",0.0,,,,,,12.0,4.0,
"[[0, 1, -1], [-1, 1, 1], [-1, 0, 0]]",0.0,,,,,,,0.0,0.0
"[[0, 1, -1], [-1, 1, 0], [-1, 0, 1]]",0.0,,,,,10.0,,2.0,
"[[0, 1, -1], [-1, 1, 1], [0, -1, 0]]",0.0,,,,,,0.0,,0.0
"[[0, 1, -1], [-1, 1, 0], [1, -1, 0]]",0.0,,,,,0.0,,,0.0
"[[0, 1, -1], [-1, 1, 0], [0, -1, 1]]",0.0,,,,,0.0,0.0,,
"[[0, 1, -1], [-1, 1, 1], [0, 0, -1]]",6.0,,,,,,4.0,0.0,
"[[0, 1, -1], [-1, 1, 0], [1, 0, -1]]",10.0,,,,,0.0,,0.0,
"[[0, 1, -1], [-1, -1, 1], [1, 0, 0]]",0.0,,,,,,,0.0,0.0
"[[0, 1, -1], [-1, -1, 1], [0, 1, 0]]",0.0,,,,,,0.0,,0.0
"[[0, 1, -1], [-1, -1, 1], [0, 0, 1]]",0.0,,,,,,0.0,0.0,
"[[0, 1, -1], [-1, 0, 1], [-1, 1, 0]]",0.0,,,,0.0,,,,4.0
"[[0, 1, -1], [-1, 0, 1], [-1, 0, 1]]",0.0,,,,0.0,,,0.0,
"[[0, 1, -1], [-1, 0, 1], [1, -1, 0]]",0.0,,,,0.0,,,,0.0
"[[0, 1, -1], [-1, 0, 1], [0, -1, 1]]",0.0,,,,0.0,,0.0,,
"[[0, 1, -1], [-1, 0, 1], [1, 0, -1]]",0.0,,,,0.0,,,0.0,
"[[0, 1, -1], [-1, 0, 1], [0, 1, -1]]",4.0,,,,0.0,,0.0,,
"[[0, 1, -1], [-1, -1, 0], [1, 1, 0]]",4.0,,,,,0.0,,,0.0
"[[0, 1, -1], [-1, -1, 0], [1, 0, 1]]",4.0,,,,,0.0,,0.0,
"[[0, 1, -1], [-1, 0, -1], [1, 1, 0]]",4.0,,,,0.0,,,,0.0
"[[0, 1, -1], [-1, 0, -1], [1, 0, 1]]",2.0,,,,0.0,,,0.0,
"[[0, 1, -1], [-1, 0, 0], [1, -1, 1]]",0.0,,,,0.0,0.0,,,
"[[0, 1, -1], [-1, 0, 0], [1, 1, -1]]",2.0,,,,0.0,0.0,,,
"[[0, 1, -1], [-1, -1, 0], [0, 1, 1]]",4.0,,,,,0.0,0.0,,
"[[0, 1, -1], [-1, 0, -1], [0, 1, 1]]",14.0,,,,0.0,,2.0,,
"[[0, 1, -1], [-1, 0, 0], [-1, 1, 1]]",0.0,,,,0.0,8.0,,,
"[[0, 1, -1], [1, -1, -1], [1, 0, 0]]",0.0,,,,,,,0.0,0.0
"[[0, 1, -1], [1, -1, -1], [0, 1, 0]]",0.0,,,,,,0.0,,0.0
"[[0, 1, -1], [1, -1, -1], [0, 0, 1]]",0.0,,,,,,0.0,0.0,
"[[0, 1, -1], [1, -1, 1], [0, -1, 0]]",0.0,,,,,,0.0,,0.0
"[[0, 1, -1], [1, -1, 0], [1, -1, 0]]",0.0,,,,,0.0,,,6.0
"[[0, 1, -1], [1, -1, 0], [0, -1, 1]]",0.0,,,,,0.0,0.0,,
"[[0, 1, -1], [1, -1, 1], [0, 0, -1]]",0.0,,,,,,0.0,0.0,
"[[0, 1, -1], [1, -1, 0], [1, 0, -1]]",0.0,,,,,0.0,,6.0,
"[[0, 1, -1], [1, -1, 0], [0, 1, -1]]",0.0,,,,,0.0,0.0,,
"[[0, 1, -1], [0, -1, 1], [1, -1, 0]]",0.0,,,0.0,,,,,0.0
"[[0, 1, -1], [0, -1, 1], [0, -1, 1]]",0.0,,,0.0,,,0.0,,
"[[0, 1, -1], [0, -1, 1], [1, 0, -1]]",0.0,,,0.0,,,,0.0,
"[[0, 1, -1], [0, -1, 1], [0, 1, -1]]",0.0,,,0.0,,,0.0,,
"[[0, 1, -1], [0, -1, -1], [1, 1, 0]]",4.0,,,0.0,,,,,0.0
"[[0, 1, -1], [0, -1, -1], [1, 0, 1]]",6.0,,,0.0,,,,0.0,
"[[0, 1, -1], [0, -1, 0], [1, -1, 1]]",0.0,,,0.0,,0.0,,,
"[[0, 1, -1], [0, -1, 0], [1, 1, -1]]",0.0,,,0.0,,0.0,,,
"[[0, 1, -1], [0, -1, -1], [0, 1, 1]]",2.0,,,0.0,,,0.0,,
"[[0, 1, -1], [1, 1, -1], [-1, 0, 0]]",0.0,,,,,,,0.0,0.0
"[[0, 1, -1], [1, 0, -1], [-1, 1, 0]]",4.0,,,,0.0,,,,0.0
"[[0, 1, -1], [1, 0, -1], [-1, 0, 1]]",0.0,,,,0.0,,,0.0,
"[[0, 1, -1], [1, 1, -1], [0, -1, 0]]",0.0,,,,,,0.0,,0.0
"[[0, 1, -1], [1, 0, -1], [1, -1, 0]]",0.0,,,,2.0,,,,0.0
"[[0, 1, -1], [1, 0, -1], [0, -1, 1]]",0.0,,,,0.0,,0.0,,
"[[0, 1, -1], [0, 1, -1], [-1, 0, 1]]",8.0,,,4.0,,,,2.0,
"[[0, 1, -1], [0, 1, -1], [1, -1, 0]]",0.0,,,0.0,,,,,0.0
"[[0, 1, -1], [0, 1, -1], [0, -1, 1]]",0.0,,,6.0,,,4.0,,
"[[0, 1, -1], [0, 0, -1], [1, -1, 1]]",0.0,,,0.0,0.0,,,,
"[[0, 1, -1], [0, 0, -1], [-1, 1, 1]]",2.0,,,4.0,0.0,,,,
"[[0, 1, -1], [1, 1, 0], [-1, -1, 0]]",2.0,,,,,0.0,,,0.0
"[[0, 1, -1], [1, 0, 1], [-1, -1, 0]]",4.0,,,,0.0,,,,0.0
"[[0, 1, -1], [1, 0, 0], [-1, -1, 1]]",0.0,,,,0.0,0.0,,,
"[[0, 1, -1], [1, 1, 0], [-1, 0, -1]]",8.0,,,,,0.0,,0.0,
"[[0, 1, -1], [1, 0, 1], [-1, 0, -1]]",0.0,,,,0.0,,,0.0,
"[[0, 1, -1], [1, 0, 0], [-1, 1, -1]]",6.0,,,,0.0,0.0,,,
"[[0, 1, -1], [0, 1, 1], [-1, -1, 0]]",0.0,,,0.0,,,,,0.0
"[[0, 1, -1], [0, 1, 0], [-1, -1, 1]]",0.0,,,2.0,,0.0,,,
"[[0, 1, -1], [0, 1, 1], [-1, 0, -1]]",6.0,,,2.0,,,,0.0,
"[[0, 1, -1], [0, 0, 1], [-1, -1, 1]]",0.0,,,0.0,0.0,,,,
"[[0, 1, -1], [0, 0, 1], [-1, 1, -1]]",2.0,,,4.0,0.0,,,,
"[[0, 1, -1], [1, 1, 0], [0, -1, -1]]",0.0,,,,,0.0,0.0,,
"[[0, 1, -1], [1, 0, 1], [0, -1, -1]]",2.0,,,,0.0,,0.0,,
"[[0, 1, -1], [1, 0, 0], [1, -1, -1]]",0.0,,,,4.0,0.0,,,
"[[0, 1, -1], [0, 1, 1], [0, -1, -1]]",8.0,,,0.0,,,0.0,,
"[[0, 1, -1], [0, 1, 0], [1, -1, -1]]",0.0,,,0.0,,0.0,,,
"[[0, 1, -1], [0, 0, 1], [1, -1, -1]]",0.0,,,0.0,0.0,,,,
"[[0, 0, -1], [1, -1, 1], [1, -1, 0]]",0.0,0.0,,,,,,,4.0
"[[0, 0, -1], [1, -1, 1], [0, -1, 1]]",0.0,0.0,,,,,0.0,,
"[[0, 0, -1], [1, -1, 1], [1, 0, -1]]",0.0,4.0,,,,,,4.0,
"[[0, 0, -1], [1, -1, 1], [0, 1, -1]]",0.0,0.0,,,,,0.0,,
"[[0, 0, -1], [1, -1, -1], [1, 1, 0]]",0.0,6.0,,,,,,,0.0
"[[0, 0, -1], [1, -1, -1], [1, 0, 1]]",0.0,4.0,,,,,,4.0,
"[[0, 0, -1], [1, -1, 0], [1, -1, 1]]",0.0,0.0,,,,0.0,,,
"[[0, 0, -1], [1, -1, 0], [1, 1, -1]]",0.0,2.0,,,,0.0,,,
"[[0, 0, -1], [1, -1, -1], [0, 1, 1]]",8.0,4.0,,,,,0.0,,
"[[0, 0, -1], [1, 1, -1], [-1, 1, 0]]",4.0,0.0,,,,,,,0.0
"[[0, 0, -1], [1, 1, -1], [-1, 0, 1]]",0.0,2.0,,,,,,2.0,
"[[0, 0, -1], [1, 1, -1], [1, -1, 0]]",0.0,2.0,,,,,,,0.0
"[[0, 0, -1], [1, 1, -1], [0, -1, 1]]",0.0,2.0,,,,,0.0,,
"[[0, 0, -1], [1, 0, -1], [1, -1, 1]]",0.0,0.0,,,2.0,,,,
"[[0, 0, -1], [1, 0, -1], [-1, 1, 1]]",0.0,0.0,,,0.0,,,,
"[[0, 0, -1], [1, 1, 0], [-1, -1, 1]]",2.0,6.0,,,,0.0,,,
"[[0, 0, -1], [1, 1, 0], [-1, 1, -1]]",6.0,2.0,,,,0.0,,,
"[[0, 0, -1], [1, 0, 1], [-1, -1, 1]]",6.0,0.0,,,0.0,,,,
"[[0, 0, -1], [1, 0, 1], [-1, 1, -1]]",2.0,4.0,,,0.0,,,,
"[[0, 0, -1], [1, 1, 0], [1, -1, -1]]",0.0,8.0,,,,0.0,,,
"[[0, 0, -1], [1, 0, 1], [1, -1, -1]]",4.0,12.0,,,4.0,,,,
"[[0, 0, -1], [-1, 1, 1], [-1, 1, 0]]",0.0,0.0,,,,,,,4.0
"[[0, 0, -1], [-1, 1, 1], [-1, 0, 1]]",0.0,6.0,,,,,,4.0,
"[[0, 0, -1], [-1, 1, 1], [1, -1, 0]]",0.0,0.0,,,,,,,0.0
"[[0, 0, -1], [-1, 1, 1], [0, -1, 1]]",0.0,6.0,,,,,0.0,,
"[[0, 0, -1], [-1, 1, 1], [1, 0, -1]]",0.0,0.0,,,,,,0.0,
"[[0, 0, -1], [-1, 1, 1], [0, 1, -1]]",8.0,0.0,,,,,6.0,,
"[[0, 0, -1], [-1, 1, -1], [1, 1, 0]]",2.0,4.0,,,,,,,0.0
"[[0, 0, -1], [-1, 1, -1], [1, 0, 1]]",2.0,12.0,,,,,,0.0,
"[[0, 0, -1], [-1, 1, 0], [1, -1, 1]]",0.0,0.0,,,,4.0,,,
"[[0, 0, -1], [-1, 1, 0], [1, 1, -1]]",6.0,0.0,,,,0.0,,,
"[[0, 0, -1], [-1, 1, -1], [0, 1, 1]]",4.0,4.0,,,,,10.0,,
"[[0, 0, -1], [-1, 1, 0], [-1, 1, 1]]",0.0,0.0,,,,10.0,,,
"[[0, 0, -1], [0, 1, -1], [1, -1, 1]]",0.0,2.0,,2.0,,,,,
"[[0, 0, -1], [0, 1, -1], [-1, 1, 1]]",2.0,2.0,,0.0,,,,,
"[[0, 0, -1], [0, 1, 1], [-1, -1, 1]]",0.0,8.0,,2.0,,,,,
"[[0, 0, -1], [0, 1, 1], [-1, 1, -1]]",8.0,0.0,,2.0,,,,,
"[[0, 0, -1], [0, 1, 1], [1, -1, -1]]",2.0,2.0,,0.0,,,,,
"[[0, 0, -1], [-1, -1, 1], [1, 1, 0]]",2.0,0.0,,,,,,,0.0
"[[0, 0, -1], [-1, -1, 1], [1, 0, 1]]",6.0,0.0,,,,,,0.0,
"[[0, 0, -1], [-1, 0, 1], [1, -1, 1]]",0.0,0.0,,,0.0,,,,
"[[0, 0, -1], [-1, 0, 1], [1, 1, -1]]",0.0,0.0,,,0.0,,,,
"[[0, 0, -1], [-1, -1, 1], [0, 1, 1]]",2.0,4.0,,,,,0.0,,
"[[0, 0, -1], [-1, 0, 1], [-1, 1, 1]]",0.0,0.0,,,0.0,,,,
"[[0, 0, -1], [0, -1, 1], [1, -1, 1]]",0.0,0.0,,0.0,,,,,
"[[0, 0, -1], [0, -1, 1], [1, 1, -1]]",0.0,0.0,,0.0,,,,,
"[[1, 1, 0], [-1, -1, 1], [-1, 0, 0]]",,,0.0,,,,,2.0,4.0
"[[1, 1, 0], [-1, -1, 0], [-1, 1, 0]]",,,0.0,,,0.0,,,0.0
"[[1, 1, 0], [-1, -1, 0], [-1, 0, 1]]",,,0.0,,,0.0,,2.0,
"[[1, 1, 0], [-1, -1, 1], [0, -1, 0]]",,,0.0,,,,0.0,,4.0
"[[1, 1, 0], [-1, -1, 0], [1, -1, 0]]",,,0.0,,,0.0,,,8.0
"[[1, 1, 0], [-1, -1, 0], [0, -1, 1]]",,,0.0,,,0.0,6.0,,
"[[1, 1, 0], [-1, -1, 1], [0, 0, -1]]",,,0.0,,,,0.0,4.0,
"[[1, 1, 0], [-1, -1, 0], [1, 0, -1]]",,,0.0,,,0.0,,6.0,
"[[1, 1, 0], [-1, -1, 0], [0, 1, -1]]",,,0.0,,,0.0,0.0,,
"[[1, 0, 1], [-1, -1, 1], [-1, 0, 0]]",,4.0,,,,,,10.0,0.0
"[[1, 0, 1], [-1, -1, 0], [-1, 1, 0]]",,0.0,,,,0.0,,,0.0
"[[1, 0, 1], [-1, -1, 0], [-1, 0, 1]]",,2.0,,,,0.0,,8.0,
"[[1, 0, 1], [-1, -1, 1], [0, -1, 0]]",,0.0,,,,,4.0,,2.0
"[[1, 0, 1], [-1, -1, 0], [1, -1, 0]]",,0.0,,,,0.0,,,0.0
"[[1, 0, 1], [-1, -1, 0], [0, -1, 1]]",,0.0,,,,0.0,6.0,,
"[[1, 0, 1], [-1, -1, 1], [0, 0, -1]]",,0.0,,,,,2.0,4.0,
"[[1, 0, 1], [-1, -1, 0], [1, 0, -1]]",,0.0,,,,0.0,,0.0,
"[[1, 0, 1], [-1, -1, 0], [0, 1, -1]]",,0.0,,,,0.0,4.0,,
"[[1, 0, 0], [-1, -1, 1], [-1, 1, 0]]",,0.0,0.0,,,,,,0.0
"[[1, 0, 0], [-1, -1, 1], [-1, 0, 1]]",,0.0,0.0,,,,,6.0,
"[[1, 0, 0], [-1, -1, 1], [1, -1, 0]]",,0.0,0.0,,,,,,0.0
"[[1, 0, 0], [-1, -1, 1], [0, -1, 1]]",,0.0,0.0,,,,0.0,,
"[[1, 0, 0], [-1, -1, 1], [1, 0, -1]]",,0.0,0.0,,,,,0.0,
"[[1, 0, 0], [-1, -1, 1], [0, 1, -1]]",,0.0,0.0,,,,0.0,,
"[[1, 0, 0], [-1, -1, 0], [1, -1, 1]]",,0.0,0.0,,,0.0,,,
"[[1, 0, 0], [-1, -1, 0], [1, 1, -1]]",,0.0,0.0,,,0.0,,,
"[[1, 0, 0], [-1, -1, 0], [-1, 1, 1]]",,0.0,0.0,,,0.0,,,
"[[1, 1, 0], [-1, 1, -1], [-1, 0, 0]]",,,2.0,,,,,4.0,10.0
"[[1, 1, 0], [-1, 0, -1], [-1, 1, 0]]",,,2.0,,0.0,,,,10.0
"[[1, 1, 0], [-1, 0, -1], [-1, 0, 1]]",,,2.0,,0.0,,,10.0,
"[[1, 1, 0], [-1, 1, -1], [0, -1, 0]]",,,2.0,,,,8.0,,8.0
"[[1, 1, 0], [-1, 0, -1], [1, -1, 0]]",,,0.0,,0.0,,,,6.0
"[[1, 1, 0], [-1, 0, -1], [0, -1, 1]]",,,2.0,,0.0,,10.0,,
"[[1, 1, 0], [-1, 1, -1], [0, 0, -1]]",,,0.0,,,,6.0,4.0,
"[[1, 1, 0], [-1, 0, -1], [1, 0, -1]]",,,0.0,,0.0,,,0.0,
"[[1, 1, 0], [-1, 0, -1], [0, 1, -1]]",,,0.0,,0.0,,14.0,,
"[[1, 0, 1], [-1, 1, -1], [-1, 0, 0]]",,2.0,,,,,,12.0,4.0
"[[1, 0, 1], [-1, 0, -1], [-1, 1, 0]]",,0.0,,,0.0,,,,8.0
"[[1, 0, 1], [-1, 0, -1], [-1, 0, 1]]",,4.0,,,0.0,,,4.0,
"[[1, 0, 1], [-1, 1, -1], [0, -1, 0]]",,0.0,,,,,0.0,,6.0
"[[1, 0, 1], [-1, 0, -1], [1, -1, 0]]",,2.0,,,0.0,,,,6.0
"[[1, 0, 1], [-1, 0, -1], [0, -1, 1]]",,0.0,,,0.0,,10.0,,
"[[1, 0, 1], [-1, 1, -1], [0, 0, -1]]",,8.0,,,,,2.0,0.0,
"[[1, 0, 1], [-1, 0, -1], [1, 0, -1]]",,6.0,,,0.0,,,0.0,
"[[1, 0, 1], [-1, 0, -1], [0, 1, -1]]",,0.0,,,0.0,,4.0,,
"[[1, 0, 0], [-1, 1, -1], [-1, 1, 0]]",,6.0,12.0,,,,,,6.0
"[[1, 0, 0], [-1, 1, -1], [1, -1, 0]]",,2.0,0.0,,,,,,8.0
"[[1, 0, 0], [-1, 1, -1], [1, 0, -1]]",,2.0,0.0,,,,,2.0,
"[[1, 0, 0], [-1, 1, -1], [0, 1, -1]]",,0.0,0.0,,,,6.0,,
"[[1, 0, 0], [-1, 0, -1], [1, -1, 1]]",,0.0,8.0,,0.0,,,,
"[[1, 0, 0], [-1, 0, -1], [1, 1, -1]]",,0.0,0.0,,0.0,,,,
"[[1, 0, 0], [-1, 0, -1], [-1, 1, 1]]",,0.0,6.0,,0.0,,,,
"[[1, 1, 0], [-1, 1, 0], [-1, -1, 0]]",,,0.0,,,6.0,,,0.0
"[[1, 1, 0], [-1, 0, 1], [-1, -1, 0]]",,,0.0,,8.0,,,,0.0
"[[1, 1, 0], [-1, 0, 0], [-1, -1, 1]]",,,2.0,,2.0,4.0,,,
"[[1, 1, 0], [-1, 1, 0], [-1, 0, -1]]",,,4.0,,,4.0,,0.0,
"[[1, 1, 0], [-1, 0, 1], [-1, 0, -1]]",,,0.0,,2.0,,,0.0,
"[[1, 1, 0], [-1, 0, 0], [-1, 1, -1]]",,,0.0,,2.0,10.0,,,
"[[1, 0, 1], [-1, 1, 0], [-1, -1, 0]]",,4.0,,,,8.0,,,0.0
"[[1, 0, 1], [-1, 0, 1], [-1, -1, 0]]",,2.0,,,8.0,,,,0.0
"[[1, 0, 1], [-1, 0, 0], [-1, -1, 1]]",,2.0,,,0.0,16.0,,,
"[[1, 0, 1], [-1, 1, 0], [-1, 0, -1]]",,0.0,,,,0.0,,0.0,
"[[1, 0, 1], [-1, 0, 1], [-1, 0, -1]]",,0.0,,,6.0,,,0.0,
"[[1, 0, 1], [-1, 0, 0], [-1, 1, -1]]",,0.0,,,0.0,0.0,,,
"[[1, 0, 0], [-1, 1, 1], [-1, -1, 0]]",,2.0,6.0,,,,,,0.0
"[[1, 0, 0], [-1, 1, 1], [-1, 0, -1]]",,0.0,0.0,,,,,0.0,
"[[1, 0, 0], [-1, 1, 0], [-1, 1, -1]]",,0.0,2.0,,,4.0,,,
"[[1, 0, 0], [-1, 0, 1], [-1, -1, 1]]",,4.0,2.0,,4.0,,,,
"[[1, 0, 0], [-1, 0, 1], [-1, 1, -1]]",,0.0,0.0,,0.0,,,,
"[[1, 1, 0], [-1, 1, 0], [0, -1, -1]]",,,0.0,,,4.0,0.0,,
"[[1, 1, 0], [-1, 0, 1], [0, -1, -1]]",,,0.0,,2.0,,0.0,,
"[[1, 1, 0], [-1, 0, 0], [1, -1, -1]]",,,0.0,,4.0,0.0,,,
"[[1, 0, 1], [-1, 1, 0], [0, -1, -1]]",,0.0,,,,8.0,0.0,,
"[[1, 0, 1], [-1, 0, 1], [0, -1, -1]]",,0.0,,,0.0,,0.0,,
"[[1, 0, 1], [-1, 0, 0], [1, -1, -1]]",,6.0,,,2.0,0.0,,,
"[[1, 0, 0], [-1, 1, 1], [0, -1, -1]]",,0.0,0.0,,,,0.0,,
"[[1, 0, 0], [-1, 1, 0], [1, -1, -1]]",,4.0,0.0,,,2.0,,,
"[[1, 0, 0], [-1, 0, 1], [1, -1, -1]]",,0.0,0.0,,0.0,,,,
"[[0, 1, 1], [-1, -1, 1], [-1, 0, 0]]",0.0,,,,,,,8.0,2.0
"[[0, 1, 1], [-1, -1, 0], [-1, 1, 0]]",0.0,,,,,0.0,,,0.0
"[[0, 1, 1], [-1, -1, 0], [-1, 0, 1]]",0.0,,,,,0.0,,6.0,
"[[0, 1, 1], [-1, -1, 1], [0, -1, 0]]",0.0,,,,,,6.0,,0.0
"[[0, 1, 1], [-1, -1, 0], [1, -1, 0]]",0.0,,,,,0.0,,,0.0
"[[0, 1, 1], [-1, -1, 0], [0, -1, 1]]",0.0,,,,,0.0,2.0,,
"[[0, 1, 1], [-1, -1, 1], [0, 0, -1]]",0.0,,,,,,4.0,2.0,
"[[0, 1, 1], [-1, -1, 0], [1, 0, -1]]",0.0,,,,,0.0,,0.0,
"[[0, 1, 1], [-1, -1, 0], [0, 1, -1]]",0.0,,,,,0.0,6.0,,
"[[0, 1, 0], [-1, -1, 1], [-1, 1, 0]]",0.0,,0.0,,,,,,0.0
"[[0, 1, 0], [-1, -1, 1], [-1, 0, 1]]",0.0,,0.0,,,,,2.0,
"[[0, 1, 0], [-1, -1, 1], [1, -1, 0]]",0.0,,0.0,,,,,,0.0
"[[0, 1, 0], [-1, -1, 1], [0, -1, 1]]",0.0,,0.0,,,,6.0,,
"[[0, 1, 0], [-1, -1, 1], [1, 0, -1]]",0.0,,0.0,,,,,0.0,
"[[0, 1, 0], [-1, -1, 1], [0, 1, -1]]",0.0,,0.0,,,,0.0,,
"[[0, 1, 0], [-1, -1, 0], [1, -1, 1]]",0.0,,0.0,,,0.0,,,
"[[0, 1, 0], [-1, -1, 0], [1, 1, -1]]",0.0,,0.0,,,0.0,,,
"[[0, 1, 0], [-1, -1, 0], [-1, 1, 1]]",0.0,,0.0,,,0.0,,,
"[[0, 1, 1], [-1, 1, -1], [-1, 0, 0]]",0.0,,,,,,,0.0,8.0
"[[0, 1, 1], [-1, 0, -1], [-1, 1, 0]]",0.0,,,,0.0,,,,14.0
"[[0, 1, 1], [-1, 0, -1], [-1, 0, 1]]",0.0,,,,0.0,,,6.0,
"[[0, 1, 1], [-1, 1, -1], [0, -1, 0]]",4.0,,,,,,6.0,,12.0
"[[0, 1, 1], [-1, 0, -1], [1, -1, 0]]",6.0,,,,0.0,,,,14.0
"[[0, 1, 1], [-1, 0, -1], [0, -1, 1]]",0.0,,,,0.0,,4.0,,
"[[0, 1, 1], [-1, 1, -1], [0, 0, -1]]",10.0,,,,,,2.0,4.0,
"[[0, 1, 1], [-1, 0, -1], [1, 0, -1]]",2.0,,,,0.0,,,2.0,
"[[0, 1, 1], [-1, 0, -1], [0, 1, -1]]",2.0,,,,0.0,,10.0,,
"[[0, 1, 0], [-1, 1, -1], [-1, 0, 1]]",0.0,,6.0,,,,,0.0,
"[[0, 1, 0], [-1, 1, -1], [1, -1, 0]]",4.0,,0.0,,,,,,2.0
"[[0, 1, 0], [-1, 1, -1], [0, -1, 1]]",0.0,,8.0,,,,8.0,,
"[[0, 1, 0], [-1, 1, -1], [1, 0, -1]]",6.0,,0.0,,,,,0.0,
"[[0, 1, 0], [-1, 0, -1], [1, -1, 1]]",0.0,,0.0,,0.0,,,,
"[[0, 1, 0], [-1, 0, -1], [1, 1, -1]]",0.0,,0.0,,0.0,,,,
"[[0, 1, 0], [-1, 0, -1], [-1, 1, 1]]",0.0,,6.0,,0.0,,,,
"[[0, 1, 1], [-1, 1, 0], [-1, -1, 0]]",0.0,,,,,8.0,,,0.0
"[[0, 1, 1], [-1, 0, 1], [-1, -1, 0]]",0.0,,,,10.0,,,,0.0
"[[0, 1, 1], [-1, 0, 0], [-1, -1, 1]]",0.0,,,,18.0,4.0,,,
"[[0, 1, 1], [-1, 1, 0], [-1, 0, -1]]",0.0,,,,,0.0,,0.0,
"[[0, 1, 1], [-1, 0, 1], [-1, 0, -1]]",0.0,,,,0.0,,,0.0,
"[[0, 1, 1], [-1, 0, 0], [-1, 1, -1]]",0.0,,,,10.0,4.0,,,
"[[0, 1, 0], [-1, 1, 1], [-1, -1, 0]]",0.0,,0.0,,,,,,0.0
"[[0, 1, 0], [-1, 1, 0], [-1, -1, 1]]",0.0,,6.0,,,2.0,,,
"[[0, 1, 0], [-1, 1, 1], [-1, 0, -1]]",0.0,,4.0,,,,,0.0,
"[[0, 1, 0], [-1, 0, 1], [-1, -1, 1]]",0.0,,0.0,,10.0,,,,
"[[0, 1, 0], [-1, 0, 1], [-1, 1, -1]]",0.0,,2.0,,0.0,,,,
"[[0, 1, 1], [-1, 1, 0], [0, -1, -1]]",2.0,,,,,8.0,0.0,,
"[[0, 1, 1], [-1, 0, 1], [0, -1, -1]]",0.0,,,,4.0,,0.0,,
"[[0, 1, 1], [-1, 0, 0], [1, -1, -1]]",4.0,,,,2.0,4.0,,,
"[[0, 1, 0], [-1, 1, 1], [0, -1, -1]]",0.0,,0.0,,,,0.0,,
"[[0, 1, 0], [-1, 1, 0], [1, -1, -1]]",0.0,,0.0,,,2.0,,,
"[[0, 1, 0], [-1, 0, 1], [1, -1, -1]]",0.0,,0.0,,0.0,,,,
"[[0, 0, 1], [-1, -1, 1], [-1, 1, 0]]",0.0,4.0,,,,,,,0.0
"[[0, 0, 1], [-1, -1, 1], [1, -1, 0]]",12.0,0.0,,,,,,,0.0
"[[0, 0, 1], [-1, -1, 1], [1, 0, -1]]",0.0,0.0,,,,,,0.0,
"[[0, 0, 1], [-1, -1, 1], [0, 1, -1]]",0.0,0.0,,,,,0.0,,
"[[0, 0, 1], [-1, -1, 0], [1, -1, 1]]",0.0,0.0,,,,0.0,,,
"[[0, 0, 1], [-1, -1, 0], [1, 1, -1]]",0.0,0.0,,,,0.0,,,
"[[0, 0, 1], [-1, -1, 0], [-1, 1, 1]]",0.0,2.0,,,,0.0,,,
"[[0, 0, 1], [-1, 1, -1], [-1, 1, 0]]",0.0,0.0,,,,,,,6.0
"[[0, 0, 1], [-1, 1, -1], [-1, 0, 1]]",0.0,2.0,,,,,,8.0,
"[[0, 0, 1], [-1, 1, -1], [0, -1, 1]]",4.0,8.0,,,,,0.0,,
"[[0, 0, 1], [-1, 1, -1], [0, 1, -1]]",14.0,2.0,,,,,4.0,,
"[[0, 0, 1], [-1, 0, -1], [1, -1, 1]]",6.0,2.0,,,0.0,,,,
"[[0, 0, 1], [-1, 0, -1], [1, 1, -1]]",2.0,6.0,,,0.0,,,,
"[[0, 0, 1], [-1, 0, -1], [-1, 1, 1]]",0.0,0.0,,,0.0,,,,
"[[0, 0, 1], [-1, 1, 1], [-1, -1, 0]]",0.0,0.0,,,,,,,0.0
"[[0, 0, 1], [-1, 1, 0], [-1, -1, 1]]",0.0,10.0,,,,4.0,,,
"[[0, 0, 1], [-1, 1, 1], [-1, 0, -1]]",0.0,0.0,,,,,,0.0,
"[[0, 0, 1], [-1, 1, 0], [-1, 1, -1]]",0.0,0.0,,,,0.0,,,
"[[0, 0, 1], [-1, 0, 1], [-1, 1, -1]]",0.0,0.0,,,0.0,,,,
"[[0, 0, 1], [-1, 1, 1], [0, -1, -1]]",4.0,0.0,,,,,0.0,,
"[[0, 0, 1], [-1, 0, 1], [1, -1, -1]]",0.0,8.0,,,0.0,,,,
"[[0, 0, 0], [-1, 1, -1], [1, -1, 1]]",2.0,16.0,2.0,,,,,,
"[[0, 0, 0], [-1, 1, -1], [1, 1, -1]]",4.0,4.0,0.0,,,,,,
"[[0, 0, 0], [-1, 1, -1], [-1, 1, 1]]",0.0,0.0,18.0,,,,,,
"[[0, 0, 0], [-1, 1, 1], [-1, -1, 1]]",0.0,6.0,0.0,,,,,,
"[[0, 0, 0], [-1, 1, 1], [-1, 1, -1]]",0.0,0.0,6.0,,,,,,
"[[0, 0, 0], [-1, 1, 1], [1, -1, -1]]",0.0,2.0,0.0,,,,,,
"[[0, 0, 0], [-1, -1, 1], [1, -1, 1]]",4.0,0.0,0.0,,,,,,
"[[0, 0, 0], [-1, -1, 1], [1, 1, -1]]",0.0,0.0,0.0,,,,,,
"[[0, 0, 0], [-1, -1, 1], [-1, 1, 1]]",0.0,0.0,0.0,,,,,,
"[[1, 1, 0], [1, -1, -1], [-1, 0, 0]]",,,0.0,,,,,2.0,4.0
"[[1, 1, 0], [0, -1, -1], [-1, 1, 0]]",,,0.0,0.0,,,,,6.0
"[[1, 1, 0], [0, -1, -1], [-1, 0, 1]]",,,0.0,0.0,,,,2.0,
"[[1, 1, 0], [1, -1, -1], [0, -1, 0]]",,,4.0,,,,2.0,,10.0
"[[1, 1, 0], [0, -1, -1], [1, -1, 0]]",,,4.0,0.0,,,,,2.0
"[[1, 1, 0], [0, -1, -1], [0, -1, 1]]",,,0.0,0.0,,,6.0,,
"[[1, 1, 0], [1, -1, -1], [0, 0, -1]]",,,0.0,,,,0.0,10.0,
"[[1, 1, 0], [0, -1, -1], [1, 0, -1]]",,,0.0,0.0,,,,0.0,
"[[1, 1, 0], [0, -1, -1], [0, 1, -1]]",,,0.0,0.0,,,6.0,,
"[[1, 0, 1], [1, -1, -1], [-1, 0, 0]]",,0.0,,,,,,8.0,6.0
"[[1, 0, 1], [0, -1, -1], [-1, 1, 0]]",,0.0,,0.0,,,,,2.0
"[[1, 0, 1], [0, -1, -1], [-1, 0, 1]]",,0.0,,0.0,,,,2.0,
"[[1, 0, 1], [1, -1, -1], [0, -1, 0]]",,0.0,,,,,0.0,,8.0
"[[1, 0, 1], [0, -1, -1], [1, -1, 0]]",,0.0,,0.0,,,,,2.0
"[[1, 0, 1], [0, -1, -1], [0, -1, 1]]",,0.0,,0.0,,,0.0,,
"[[1, 0, 1], [1, -1, -1], [0, 0, -1]]",,2.0,,,,,10.0,4.0,
"[[1, 0, 1], [0, -1, -1], [1, 0, -1]]",,2.0,,0.0,,,,12.0,
"[[1, 0, 1], [0, -1, -1], [0, 1, -1]]",,0.0,,0.0,,,2.0,,
"[[1, 0, 0], [1, -1, -1], [-1, 1, 0]]",,0.0,0.0,,,,,,0.0
"[[1, 0, 0], [1, -1, -1], [-1, 0, 1]]",,0.0,0.0,,,,,0.0,
"[[1, 0, 0], [1, -1, -1], [0, -1, 1]]",,0.0,10.0,,,,0.0,,
"[[1, 0, 0], [1, -1, -1], [0, 1, -1]]",,12.0,0.0,,,,0.0,,
"[[1, 0, 0], [0, -1, -1], [1, -1, 1]]",,0.0,4.0,0.0,,,,,
"[[1, 0, 0], [0, -1, -1], [1, 1, -1]]",,4.0,0.0,0.0,,,,,
"[[1, 0, 0], [0, -1, -1], [-1, 1, 1]]",,0.0,0.0,0.0,,,,,
"[[1, 1, 0], [1, -1, 0], [-1, -1, 0]]",,,0.0,,,4.0,,,0.0
"[[1, 1, 0], [0, -1, 1], [-1, -1, 0]]",,,0.0,2.0,,,,,0.0
"[[1, 1, 0], [0, -1, 0], [-1, -1, 1]]",,,0.0,0.0,,0.0,,,
"[[1, 1, 0], [1, -1, 0], [-1, 0, -1]]",,,0.0,,,4.0,,0.0,
"[[1, 1, 0], [0, -1, 1], [-1, 0, -1]]",,,0.0,0.0,,,,0.0,
"[[1, 1, 0], [0, -1, 0], [-1, 1, -1]]",,,0.0,6.0,,4.0,,,
"[[1, 0, 1], [1, -1, 0], [-1, -1, 0]]",,0.0,,,,2.0,,,0.0
"[[1, 0, 1], [0, -1, 1], [-1, -1, 0]]",,0.0,,0.0,,,,,0.0
"[[1, 0, 1], [0, -1, 0], [-1, -1, 1]]",,0.0,,10.0,,0.0,,,
"[[1, 0, 1], [1, -1, 0], [-1, 0, -1]]",,0.0,,,,2.0,,0.0,
"[[1, 0, 1], [0, -1, 1], [-1, 0, -1]]",,0.0,,8.0,,,,0.0,
"[[1, 0, 1], [0, -1, 0], [-1, 1, -1]]",,0.0,,0.0,,0.0,,,
"[[1, 0, 0], [1, -1, 1], [-1, -1, 0]]",,0.0,0.0,,,,,,0.0
"[[1, 0, 0], [1, -1, 0], [-1, -1, 1]]",,0.0,0.0,,,0.0,,,
"[[1, 0, 0], [1, -1, 1], [-1, 0, -1]]",,0.0,0.0,,,,,0.0,
"[[1, 0, 0], [1, -1, 0], [-1, 1, -1]]",,0.0,0.0,,,0.0,,,
"[[1, 0, 0], [0, -1, 1], [-1, -1, 1]]",,0.0,0.0,6.0,,,,,
"[[1, 0, 0], [0, -1, 1], [-1, 1, -1]]",,0.0,0.0,0.0,,,,,
"[[1, 1, 0], [1, -1, 0], [0, -1, -1]]",,,2.0,,,6.0,0.0,,
"[[1, 1, 0], [0, -1, 1], [0, -1, -1]]",,,0.0,2.0,,,0.0,,
"[[1, 1, 0], [0, -1, 0], [1, -1, -1]]",,,2.0,2.0,,10.0,,,
"[[1, 0, 1], [1, -1, 0], [0, -1, -1]]",,0.0,,,,14.0,0.0,,
"[[1, 0, 1], [0, -1, 1], [0, -1, -1]]",,0.0,,4.0,,,0.0,,
"[[1, 0, 1], [0, -1, 0], [1, -1, -1]]",,0.0,,2.0,,2.0,,,
"[[1, 0, 0], [1, -1, 1], [0, -1, -1]]",,0.0,0.0,,,,0.0,,
"[[1, 0, 0], [0, -1, 1], [1, -1, -1]]",,0.0,4.0,0.0,,,,,
"[[0, 1, 1], [1, -1, -1], [-1, 0, 0]]",0.0,,,,,,,0.0,6.0
"[[0, 1, 1], [0, -1, -1], [-1, 1, 0]]",0.0,,,0.0,,,,,0.0
"[[0, 1, 1], [0, -1, -1], [-1, 0, 1]]",0.0,,,0.0,,,,2.0,
"[[0, 1, 1], [1, -1, -1], [0, -1, 0]]",0.0,,,,,,4.0,,2.0
"[[0, 1, 1], [0, -1, -1], [1, -1, 0]]",0.0,,,0.0,,,,,4.0
"[[0, 1, 1], [0, -1, -1], [0, -1, 1]]",0.0,,,0.0,,,2.0,,
"[[0, 1, 1], [1, -1, -1], [0, 0, -1]]",0.0,,,,,,0.0,6.0,
"[[0, 1, 1], [0, -1, -1], [1, 0, -1]]",0.0,,,0.0,,,,2.0,
"[[0, 1, 1], [0, -1, -1], [0, 1, -1]]",0.0,,,0.0,,,2.0,,
"[[0, 1, 0], [1, -1, -1], [-1, 1, 0]]",0.0,,0.0,,,,,,0.0
"[[0, 1, 0], [1, -1, -1], [-1, 0, 1]]",0.0,,0.0,,,,,0.0,
"[[0, 1, 0], [1, -1, -1], [1, -1, 0]]",0.0,,6.0,,,,,,4.0
"[[0, 1, 0], [1, -1, -1], [0, -1, 1]]",0.0,,0.0,,,,0.0,,
"[[0, 1, 0], [1, -1, -1], [1, 0, -1]]",0.0,,0.0,,,,,2.0,
"[[0, 1, 0], [1, -1, -1], [0, 1, -1]]",0.0,,0.0,,,,0.0,,
"[[0, 1, 0], [0, -1, -1], [1, -1, 1]]",0.0,,0.0,0.0,,,,,
"[[0, 1, 0], [0, -1, -1], [1, 1, -1]]",0.0,,0.0,0.0,,,,,
"[[0, 1, 0], [0, -1, -1], [-1, 1, 1]]",0.0,,0.0,0.0,,,,,
"[[0, 1, 1], [1, -1, 0], [-1, -1, 0]]",0.0,,,,,10.0,,,0.0
"[[0, 1, 1], [0, -1, 1], [-1, -1, 0]]",2.0,,,4.0,,,,,0.0
"[[0, 1, 1], [0, -1, 0], [-1, -1, 1]]",2.0,,,14.0,,2.0,,,
"[[0, 1, 1], [1, -1, 0], [-1, 0, -1]]",0.0,,,,,0.0,,0.0,
"[[0, 1, 1], [0, -1, 1], [-1, 0, -1]]",0.0,,,0.0,,,,0.0,
"[[0, 1, 1], [0, -1, 0], [-1, 1, -1]]",0.0,,,4.0,,2.0,,,
"[[0, 1, 0], [1, -1, 1], [-1, -1, 0]]",0.0,,0.0,,,,,,0.0
"[[0, 1, 0], [1, -1, 0], [-1, -1, 1]]",0.0,,0.0,,,0.0,,,
"[[0, 1, 0], [1, -1, 1], [-1, 0, -1]]",0.0,,0.0,,,,,0.0,
"[[0, 1, 0], [1, -1, 0], [-1, 1, -1]]",0.0,,0.0,,,0.0,,,
"[[0, 1, 0], [0, -1, 1], [-1, -1, 1]]",2.0,,0.0,2.0,,,,,
"[[0, 1, 0], [0, -1, 1], [-1, 1, -1]]",0.0,,0.0,0.0,,,,,
"[[0, 1, 1], [1, -1, 0], [0, -1, -1]]",0.0,,,,,4.0,0.0,,
"[[0, 1, 1], [0, -1, 1], [0, -1, -1]]",0.0,,,0.0,,,0.0,,
"[[0, 1, 1], [0, -1, 0], [1, -1, -1]]",0.0,,,4.0,,0.0,,,
"[[0, 1, 0], [1, -1, 1], [0, -1, -1]]",0.0,,0.0,,,,0.0,,
"[[0, 1, 0], [1, -1, 0], [1, -1, -1]]",0.0,,2.0,,,6.0,,,
"[[0, 1, 0], [0, -1, 1], [1, -1, -1]]",0.0,,0.0,0.0,,,,,
"[[0, 0, 1], [1, -1, -1], [-1, 1, 0]]",0.0,0.0,,,,,,,0.0
"[[0, 0, 1], [1, -1, -1], [-1, 0, 1]]",0.0,0.0,,,,,,0.0,
"[[0, 0, 1], [1, -1, -1], [1, -1, 0]]",0.0,0.0,,,,,,,4.0
"[[0, 0, 1], [1, -1, -1], [0, -1, 1]]",0.0,0.0,,,,,0.0,,
"[[0, 0, 1], [1, -1, -1], [1, 0, -1]]",0.0,2.0,,,,,,0.0,
"[[0, 0, 1], [1, -1, -1], [0, 1, -1]]",0.0,0.0,,,,,0.0,,
"[[0, 0, 1], [0, -1, -1], [1, -1, 1]]",0.0,0.0,,0.0,,,,,
"[[0, 0, 1], [0, -1, -1], [1, 1, -1]]",0.0,0.0,,0.0,,,,,
"[[0, 0, 1], [0, -1, -1], [-1, 1, 1]]",0.0,0.0,,0.0,,,,,
"[[0, 0, 1], [1, -1, 1], [-1, -1, 0]]",4.0,0.0,,,,,,,0.0
"[[0, 0, 1], [1, -1, 0], [-1, -1, 1]]",6.0,0.0,,,,0.0,,,
"[[0, 0, 1], [1, -1, 1], [-1, 0, -1]]",0.0,0.0,,,,,,0.0,
"[[0, 0, 1], [1, -1, 0], [-1, 1, -1]]",0.0,0.0,,,,0.0,,,
"[[0, 0, 1], [0, -1, 1], [-1, 1, -1]]",0.0,0.0,,0.0,,,,,
"[[0, 0, 1], [1, -1, 1], [0, -1, -1]]",0.0,0.0,,,,,0.0,,
"[[0, 0, 1], [1, -1, 0], [1, -1, -1]]",0.0,0.0,,,,8.0,,,
"[[0, 0, 1], [0, -1, 1], [1, -1, -1]]",0.0,0.0,,0.0,,,,,
"[[0, 0, 0], [1, -1, -1], [1, -1, 1]]",0.0,0.0,0.0,,,,,,
"[[0, 0, 0], [1, -1, -1], [1, 1, -1]]",0.0,2.0,0.0,,,,,,
"[[0, 0, 0], [1, -1, -1], [-1, 1, 1]]",0.0,0.0,0.0,,,,,,
"[[0, 0, 0], [1, -1, 1], [-1, -1, 1]]",0.0,0.0,0.0,,,,,,
"[[0, 0, 0], [1, -1, 1], [-1, 1, -1]]",0.0,0.0,0.0,,,,,,
"[[0, 0, 0], [1, -1, 1], [1, -1, -1]]",0.0,0.0,6.0,,,,,,
"[[1, 1, 0], [1, 0, -1], [-1, -1, 0]]",,,0.0,,2.0,,,,0.0
"[[1, 1, 0], [0, 1, -1], [-1, -1, 0]]",,,4.0,0.0,,,,,0.0
"[[1, 1, 0], [0, 0, -1], [-1, -1, 1]]",,,4.0,0.0,0.0,,,,
"[[1, 1, 0], [1, 0, -1], [-1, 0, -1]]",,,0.0,,6.0,,,0.0,
"[[1, 1, 0], [0, 1, -1], [-1, 0, -1]]",,,0.0,10.0,,,,0.0,
"[[1, 1, 0], [0, 0, -1], [-1, 1, -1]]",,,0.0,16.0,2.0,,,,
"[[1, 0, 1], [1, 0, -1], [-1, -1, 0]]",,0.0,,,0.0,,,,0.0
"[[1, 0, 1], [0, 1, -1], [-1, -1, 0]]",,2.0,,10.0,,,,,0.0
"[[1, 0, 1], [0, 0, -1], [-1, -1, 1]]",,2.0,,2.0,8.0,,,,
"[[1, 0, 1], [1, 0, -1], [-1, 0, -1]]",,0.0,,,6.0,,,0.0,
"[[1, 0, 1], [0, 1, -1], [-1, 0, -1]]",,0.0,,6.0,,,,0.0,
"[[1, 0, 1], [0, 0, -1], [-1, 1, -1]]",,0.0,,4.0,2.0,,,,
"[[1, 0, 0], [1, 1, -1], [-1, -1, 0]]",,0.0,6.0,,,,,,0.0
"[[1, 0, 0], [1, 0, -1], [-1, -1, 1]]",,0.0,2.0,,0.0,,,,
"[[1, 0, 0], [1, 1, -1], [-1, 0, -1]]",,0.0,0.0,,,,,0.0,
"[[1, 0, 0], [1, 0, -1], [-1, 1, -1]]",,0.0,0.0,,0.0,,,,
"[[1, 0, 0], [0, 1, -1], [-1, 1, -1]]",,0.0,0.0,4.0,,,,,
"[[1, 1, 0], [1, 0, -1], [0, -1, -1]]",,,0.0,,0.0,,0.0,,
"[[1, 1, 0], [0, 1, -1], [0, -1, -1]]",,,0.0,8.0,,,0.0,,
"[[1, 1, 0], [0, 0, -1], [1, -1, -1]]",,,0.0,10.0,8.0,,,,
"[[1, 0, 1], [1, 0, -1], [0, -1, -1]]",,0.0,,,14.0,,0.0,,
"[[1, 0, 1], [0, 1, -1], [0, -1, -1]]",,6.0,,8.0,,,0.0,,
"[[1, 0, 1], [0, 0, -1], [1, -1, -1]]",,8.0,,6.0,4.0,,,,
"[[1, 0, 0], [1, 1, -1], [0, -1, -1]]",,0.0,0.0,,,,0.0,,
"[[1, 0, 0], [0, 1, -1], [1, -1, -1]]",,10.0,0.0,6.0,,,,,
"[[0, 1, 1], [1, 0, -1], [-1, -1, 0]]",0.0,,,,6.0,,,,0.0
"[[0, 1, 1], [0, 1, -1], [-1, -1, 0]]",0.0,,,6.0,,,,,0.0
"[[0, 1, 1], [0, 0, -1], [-1, -1, 1]]",0.0,,,2.0,2.0,,,,
"[[0, 1, 1], [1, 0, -1], [-1, 0, -1]]",0.0,,,,2.0,,,0.0,
"[[0, 1, 1], [0, 1, -1], [-1, 0, -1]]",2.0,,,6.0,,,,0.0,
"[[0, 1, 1], [0, 0, -1], [-1, 1, -1]]",0.0,,,10.0,0.0,,,,
"[[0, 1, 0], [1, 1, -1], [-1, -1, 0]]",0.0,,0.0,,,,,,0.0
"[[0, 1, 0], [1, 0, -1], [-1, -1, 1]]",0.0,,0.0,,0.0,,,,
"[[0, 1, 0], [1, 1, -1], [-1, 0, -1]]",2.0,,0.0,,,,,0.0,
"[[0, 1, 0], [1, 0, -1], [-1, 1, -1]]",4.0,,0.0,,0.0,,,,
"[[0, 1, 0], [0, 1, -1], [-1, -1, 1]]",0.0,,0.0,4.0,,,,,
"[[0, 1, 1], [1, 0, -1], [0, -1, -1]]",0.0,,,,4.0,,0.0,,
"[[0, 1, 1], [0, 1, -1], [0, -1, -1]]",8.0,,,8.0,,,0.0,,
"[[0, 1, 1], [0, 0, -1], [1, -1, -1]]",8.0,,,4.0,0.0,,,,
"[[0, 1, 0], [1, 1, -1], [0, -1, -1]]",0.0,,0.0,,,,0.0,,
"[[0, 1, 0], [1, 0, -1], [1, -1, -1]]",0.0,,0.0,,4.0,,,,
"[[0, 1, 0], [0, 1, -1], [1, -1, -1]]",2.0,,0.0,2.0,,,,,
"[[0, 0, 1], [1, 1, -1], [-1, -1, 0]]",0.0,0.0,,,,,,,0.0
"[[0, 0, 1], [1, 0, -1], [-1, -1, 1]]",0.0,0.0,,,0.0,,,,
"[[0, 0, 1], [1, 1, -1], [-1, 0, -1]]",0.0,0.0,,,,,,0.0,
"[[0, 0, 1], [1, 0, -1], [-1, 1, -1]]",0.0,0.0,,,0.0,,,,
"[[0, 0, 1], [0, 1, -1], [-1, -1, 1]]",0.0,6.0,,2.0,,,,,
"[[0, 0, 1], [0, 1, -1], [-1, 1, -1]]",0.0,0.0,,0.0,,,,,
"[[0, 0, 1], [1, 1, -1], [0, -1, -1]]",2.0,12.0,,,,,0.0,,
"[[0, 0, 1], [1, 0, -1], [1, -1, -1]]",2.0,16.0,,,4.0,,,,
"[[0, 0, 0], [1, 1, -1], [-1, -1, 1]]",0.0,2.0,0.0,,,,,,
"[[0, 0, 0], [1, 1, -1], [-1, 1, -1]]",6.0,0.0,0.0,,,,,,
"[[0, 0, 0], [1, 1, -1], [1, -1, -1]]",0.0,12.0,0.0,,,,,,
"[[-1, 1, -1], [1, -1, 1], [0, -1, 0]]",,,,,,,0.0,,0.0
"[[-1, 1, -1], [1, -1, -1], [1, 0, 0]]",,,,,,,,0.0,0.0
"[[-1, 1, -1], [1, -1, 0], [1, -1, 0]]",,,,,,0.0,,,0.0
"[[-1, 1, -1], [1, -1, -1], [0, 1, 0]]",,,,,,,0.0,,0.0
"[[-1, 1, -1], [1, -1, -1], [0, 0, 1]]",,,,,,,0.0,0.0,
"[[-1, 1, -1], [1, -1, 0], [0, -1, 1]]",,,,,,0.0,0.0,,
"[[-1, 1, -1], [1, 1, -1], [-1, 0, 0]]",,,,,,,,-18.0,0.0
"[[-1, 1, -1], [1, 1, -1], [0, -1, 0]]",,,,,,,0.0,,0.0
"[[-1, 1, -1], [1, 0, -1], [1, -1, 0]]",,,,,0.0,,,,0.0
"[[-1, 1, -1], [1, 0, -1], [-1, 1, 0]]",,,,,-40.0,,,,0.0
"[[-1, 1, -1], [1, 0, -1], [-1, 0, 1]]",,,,,0.0,,,0.0,
"[[-1, 1, -1], [1, 0, -1], [0, -1, 1]]",,,,,0.0,,0.0,,
"[[-1, 1, -1], [1, 1, 0], [-1, -1, 0]]",,,,,,-14.0,,,0.0
"[[-1, 1, -1], [1, 1, 0], [-1, 0, -1]]",,,,,,-40.0,,-36.0,
"[[-1, 1, -1], [1, 0, 1], [-1, -1, 0]]",,,,,-38.0,,,,0.0
"[[-1, 1, -1], [1, 0, 1], [-1, 0, -1]]",,,,,-24.0,,,0.0,
"[[-1, 1, -1], [1, 0, 0], [-1, 1, -1]]",,,,,-28.0,0.0,,,
"[[-1, 1, -1], [1, 0, 0], [-1, -1, 1]]",,,,,0.0,0.0,,,
"[[-1, 1, -1], [1, 1, 0], [0, -1, -1]]",,,,,,-26.0,0.0,,
"[[-1, 1, -1], [1, 0, 1], [0, -1, -1]]",,,,,-22.0,,0.0,,
"[[-1, 1, -1], [1, 0, 0], [1, -1, -1]]",,,,,0.0,0.0,,,
"[[-1, 1, -1], [-1, 1, 1], [0, -1, 0]]",,,,,,,0.0,,0.0
"[[-1, 1, -1], [-1, 1, 1], [0, 0, -1]]",,,,,,,0.0,-30.0,
"[[-1, 1, -1], [-1, 1, -1], [1, 0, 0]]",,,,,,,,-16.0,0.0
"[[-1, 1, -1], [-1, 1, 0], [1, -1, 0]]",,,,,,0.0,,,0.0
"[[-1, 1, -1], [-1, 1, 0], [1, 0, -1]]",,,,,,0.0,,-36.0,
"[[-1, 1, -1], [-1, 1, -1], [0, 0, 1]]",,,,,,,0.0,-30.0,
"[[-1, 1, -1], [-1, 1, 0], [0, -1, 1]]",,,,,,0.0,0.0,,
"[[-1, 1, -1], [0, 1, -1], [1, -1, 0]]",,,,0.0,,,,,0.0
"[[-1, 1, -1], [0, 1, -1], [-1, 0, 1]]",,,,0.0,,,,-24.0,
"[[-1, 1, -1], [0, 1, -1], [0, -1, 1]]",,,,0.0,,,0.0,,
"[[-1, 1, -1], [0, 1, 1], [-1, -1, 0]]",,,,-28.0,,,,,0.0
"[[-1, 1, -1], [0, 1, 1], [-1, 0, -1]]",,,,-34.0,,,,-36.0,
"[[-1, 1, -1], [0, 1, 0], [-1, -1, 1]]",,,,0.0,,0.0,,,
"[[-1, 1, -1], [0, 1, 1], [0, -1, -1]]",,,,-16.0,,,0.0,,
"[[-1, 1, -1], [0, 1, 0], [1, -1, -1]]",,,,0.0,,0.0,,,
"[[-1, 1, -1], [-1, -1, 1], [1, 0, 0]]",,,,,,,,0.0,0.0
"[[-1, 1, -1], [-1, 0, 1], [1, -1, 0]]",,,,,0.0,,,,0.0
"[[-1, 1, -1], [-1, 0, 1], [1, 0, -1]]",,,,,0.0,,,0.0,
"[[-1, 1, -1], [-1, -1, 1], [0, 1, 0]]",,,,,,,0.0,,0.0
"[[-1, 1, -1], [-1, 0, 1], [0, 1, -1]]",,,,,-38.0,,0.0,,
"[[-1, 1, -1], [-1, -1, 1], [0, 0, 1]]",,,,,,,0.0,0.0,
"[[-1, 1, -1], [-1, 0, 1], [0, -1, 1]]",,,,,0.0,,0.0,,
"[[-1, 1, -1], [0, -1, 1], [1, -1, 0]]",,,,0.0,,,,,0.0
"[[-1, 1, -1], [0, -1, 1], [0, -1, 1]]",,,,0.0,,,0.0,,
"[[-1, 1, -1], [0, 0, 1], [-1, 1, -1]]",,,,0.0,-18.0,,,,
"[[-1, 1, -1], [0, 0, 1], [-1, -1, 1]]",,,,0.0,0.0,,,,
"[[-1, 1, -1], [0, 0, 1], [1, -1, -1]]",,,,0.0,0.0,,,,
"[[-1, 1, -1], [-1, -1, 0], [1, 1, 0]]",,,,,,0.0,,,-16.0
"[[-1, 1, -1], [-1, 0, -1], [1, 1, 0]]",,,,,-26.0,,,,-26.0
"[[-1, 1, -1], [-1, 0, 0], [1, 1, -1]]",,,,,-20.0,0.0,,,
"[[-1, 1, -1], [-1, -1, 0], [1, 0, 1]]",,,,,,0.0,,-24.0,
"[[-1, 1, -1], [-1, 0, -1], [1, 0, 1]]",,,,,0.0,,,-20.0,
"[[-1, 1, -1], [-1, 0, 0], [1, -1, 1]]",,,,,0.0,0.0,,,
"[[-1, 1, -1], [0, -1, -1], [1, 1, 0]]",,,,0.0,,,,,-20.0
"[[-1, 1, -1], [0, -1, -1], [1, 0, 1]]",,,,0.0,,,,-24.0,
"[[-1, 1, -1], [0, -1, 0], [1, -1, 1]]",,,,0.0,,0.0,,,
"[[-1, 1, -1], [0, 0, -1], [1, -1, 1]]",,,,0.0,0.0,,,,
"[[-1, 1, -1], [-1, -1, 0], [0, 1, 1]]",,,,,,0.0,-22.0,,
"[[-1, 1, -1], [-1, 0, -1], [0, 1, 1]]",,,,,-28.0,,-32.0,,
"[[-1, 1, -1], [0, -1, -1], [0, 1, 1]]",,,,0.0,,,-28.0,,
"[[-1, 1, -1], [0, 0, -1], [-1, 1, 1]]",,,,0.0,-24.0,,,,
"[[-1, 1, 1], [-1, -1, 1], [0, -1, 0]]",,,,,,,0.0,,-28.0
"[[-1, 1, 1], [-1, -1, 0], [1, -1, 0]]",,,,,,0.0,,,0.0
"[[-1, 1, 1], [-1, -1, 0], [0, -1, 1]]",,,,,,-18.0,0.0,,
"[[-1, 1, 1], [-1, 1, -1], [0, -1, 0]]",,,,,,,-30.0,,0.0
"[[-1, 1, 1], [-1, 1, -1], [0, 0, -1]]",,,,,,,-28.0,-30.0,
"[[-1, 1, 1], [-1, 0, -1], [1, -1, 0]]",,,,,-22.0,,,,0.0
"[[-1, 1, 1], [-1, 0, -1], [1, 0, -1]]",,,,,-22.0,,,0.0,
"[[-1, 1, 1], [-1, 0, -1], [0, 1, -1]]",,,,,-30.0,,0.0,,
"[[-1, 1, 1], [-1, 0, -1], [0, -1, 1]]",,,,,0.0,,0.0,,
"[[-1, 1, 1], [-1, 1, 0], [0, -1, -1]]",,,,,,0.0,-16.0,,
"[[-1, 1, 1], [-1, 0, 1], [0, -1, -1]]",,,,,0.0,,0.0,,
"[[-1, 1, 1], [-1, 0, 0], [1, -1, -1]]",,,,,-30.0,0.0,,,
"[[-1, 1, 0], [-1, 1, -1], [1, -1, 0]]",,,-38.0,,,,,,0.0
"[[-1, 1, 0], [-1, 1, -1], [1, 0, -1]]",,,-28.0,,,,,-24.0,
"[[-1, 1, 0], [-1, 1, -1], [0, -1, 1]]",,,0.0,,,,0.0,,
"[[-1, 1, 0], [-1, 1, 1], [0, -1, -1]]",,,0.0,,,,0.0,,
"[[-1, 1, 0], [-1, 1, 0], [1, -1, -1]]",,,-12.0,,,0.0,,,
"[[-1, 1, 0], [-1, -1, 1], [1, -1, 0]]",,,0.0,,,,,,0.0
"[[-1, 1, 0], [-1, -1, 1], [0, -1, 1]]",,,-36.0,,,,0.0,,
"[[-1, 1, 0], [-1, 0, 1], [1, -1, -1]]",,,0.0,,0.0,,,,
"[[-1, 1, 0], [-1, -1, 0], [1, -1, 1]]",,,0.0,,,0.0,,,
"[[-1, 1, 0], [-1, 0, -1], [1, 1, -1]]",,,0.0,,-24.0,,,,
"[[-1, 1, 0], [-1, 0, -1], [1, -1, 1]]",,,0.0,,0.0,,,,
"[[-1, 1, 1], [1, -1, -1], [-1, 0, 0]]",,,,,,,,0.0,0.0
"[[-1, 1, 1], [1, -1, -1], [0, -1, 0]]",,,,,,,0.0,,0.0
"[[-1, 1, 1], [0, -1, -1], [1, -1, 0]]",,,,0.0,,,,,0.0
"[[-1, 1, 1], [0, -1, -1], [-1, 1, 0]]",,,,0.0,,,,,0.0
"[[-1, 1, 1], [0, -1, -1], [-1, 0, 1]]",,,,0.0,,,,0.0,
"[[-1, 1, 1], [0, -1, -1], [0, -1, 1]]",,,,0.0,,,0.0,,
"[[-1, 1, 1], [1, -1, 0], [-1, -1, 0]]",,,,,,0.0,,,0.0
"[[-1, 1, 1], [0, -1, 1], [-1, -1, 0]]",,,,0.0,,,,,-24.0
"[[-1, 1, 1], [0, -1, 0], [-1, -1, 1]]",,,,0.0,,-14.0,,,
"[[-1, 1, 0], [1, -1, -1], [1, -1, 0]]",,,0.0,,,,,,0.0
"[[-1, 1, 0], [1, -1, -1], [-1, 1, 0]]",,,0.0,,,,,,0.0
"[[-1, 1, 0], [1, -1, -1], [-1, 0, 1]]",,,0.0,,,,,0.0,
"[[-1, 1, 0], [1, -1, -1], [0, -1, 1]]",,,0.0,,,,0.0,,
"[[-1, 1, 0], [1, -1, 1], [-1, -1, 0]]",,,0.0,,,,,,0.0
"[[-1, 1, 0], [1, -1, 0], [-1, -1, 1]]",,,0.0,,,0.0,,,
"[[-1, 1, 0], [0, -1, 1], [-1, -1, 1]]",,,-22.0,0.0,,,,,
"[[-1, 1, 0], [0, -1, -1], [1, -1, 1]]",,,0.0,0.0,,,,,
"[[-1, 1, 0], [0, -1, -1], [-1, 1, 1]]",,,0.0,0.0,,,,,
"[[-1, 1, 1], [1, 0, -1], [-1, -1, 0]]",,,,,0.0,,,,0.0
"[[-1, 1, 1], [1, 0, -1], [-1, 0, -1]]",,,,,0.0,,,0.0,
"[[-1, 1, 1], [0, 1, -1], [-1, -1, 0]]",,,,0.0,,,,,0.0
"[[-1, 1, 1], [0, 1, -1], [-1, 0, -1]]",,,,0.0,,,,-24.0,
"[[-1, 1, 1], [0, 0, -1], [-1, 1, -1]]",,,,0.0,-28.0,,,,
"[[-1, 1, 1], [0, 0, -1], [-1, -1, 1]]",,,,0.0,0.0,,,,
"[[-1, 1, 1], [1, 0, -1], [0, -1, -1]]",,,,,0.0,,0.0,,
"[[-1, 1, 1], [0, 1, -1], [0, -1, -1]]",,,,0.0,,,-30.0,,
"[[-1, 1, 1], [0, 0, -1], [1, -1, -1]]",,,,0.0,-36.0,,,,
"[[-1, 1, 0], [1, 1, -1], [-1, -1, 0]]",,,0.0,,,,,,0.0
"[[-1, 1, 0], [1, 1, -1], [-1, 0, -1]]",,,0.0,,,,,-42.0,
"[[-1, 1, 0], [1, 0, -1], [-1, 1, -1]]",,,0.0,,-30.0,,,,
"[[-1, 1, 0], [1, 0, -1], [-1, -1, 1]]",,,0.0,,0.0,,,,
"[[-1, 1, 0], [1, 1, -1], [0, -1, -1]]",,,0.0,,,,0.0,,
"[[-1, 1, 0], [1, 0, -1], [1, -1, -1]]",,,0.0,,0.0,,,,
"[[-1, 1, 0], [0, 1, -1], [-1, -1, 1]]",,,0.0,0.0,,,,,
"[[-1, 1, 0], [0, 1, -1], [1, -1, -1]]",,,-30.0,0.0,,,,,
"[[-1, -1, 1], [1, -1, 1], [-1, 0, 0]]",,,,,,,,0.0,-18.0
"[[-1, -1, 1], [1, -1, -1], [1, 0, 0]]",,,,,,,,0.0,0.0
"[[-1, -1, 1], [1, -1, -1], [0, 1, 0]]",,,,,,,0.0,,0.0
"[[-1, -1, 1], [1, -1, 0], [-1, 1, 0]]",,,,,,0.0,,,0.0
"[[-1, -1, 1], [1, -1, -1], [0, 0, 1]]",,,,,,,0.0,0.0,
"[[-1, -1, 1], [1, -1, 0], [-1, 0, 1]]",,,,,,-22.0,,0.0,
"[[-1, -1, 1], [1, 1, -1], [-1, 0, 0]]",,,,,,,,0.0,0.0
"[[-1, -1, 1], [1, 1, -1], [0, -1, 0]]",,,,,,,-40.0,,0.0
"[[-1, -1, 1], [1, 1, -1], [0, 0, -1]]",,,,,,,-24.0,0.0,
"[[-1, -1, 1], [1, 0, -1], [1, -1, 0]]",,,,,-28.0,,,,0.0
"[[-1, -1, 1], [1, 0, -1], [1, 0, -1]]",,,,,-16.0,,,0.0,
"[[-1, -1, 1], [1, 0, -1], [-1, 1, 0]]",,,,,0.0,,,,0.0
"[[-1, -1, 1], [1, 0, -1], [0, 1, -1]]",,,,,0.0,,0.0,,
"[[-1, -1, 1], [1, 0, -1], [-1, 0, 1]]",,,,,0.0,,,0.0,
"[[-1, -1, 1], [1, 0, -1], [0, -1, 1]]",,,,,0.0,,0.0,,
"[[-1, -1, 1], [1, 1, 0], [-1, -1, 0]]",,,,,,-28.0,,,0.0
"[[-1, -1, 1], [1, 1, 0], [-1, 0, -1]]",,,,,,-28.0,,0.0,
"[[-1, -1, 1], [1, 0, 1], [-1, -1, 0]]",,,,,-46.0,,,,-42.0
"[[-1, -1, 1], [1, 0, 1], [-1, 0, -1]]",,,,,-30.0,,,0.0,
"[[-1, -1, 1], [1, 0, 0], [-1, 1, -1]]",,,,,0.0,0.0,,,
"[[-1, -1, 1], [1, 0, 0], [-1, -1, 1]]",,,,,0.0,-42.0,,,
"[[-1, -1, 1], [1, 1, 0], [0, -1, -1]]",,,,,,-58.0,-36.0,,
"[[-1, -1, 1], [1, 0, 1], [0, -1, -1]]",,,,,-44.0,,0.0,,
"[[-1, -1, 1], [1, 0, 0], [1, -1, -1]]",,,,,-34.0,0.0,,,
"[[-1, -1, 1], [-1, 1, 1], [0, -1, 0]]",,,,,,,-46.0,,-38.0
"[[-1, -1, 1], [-1, 1, 1], [0, 0, -1]]",,,,,,,-20.0,0.0,
"[[-1, -1, 1], [-1, 1, -1], [0, 1, 0]]",,,,,,,-30.0,,0.0
"[[-1, -1, 1], [-1, 1, 0], [0, 1, -1]]",,,,,,0.0,-14.0,,
"[[-1, -1, 1], [-1, 1, -1], [0, 0, 1]]",,,,,,,-48.0,0.0,
"[[-1, -1, 1], [-1, 1, 0], [0, -1, 1]]",,,,,,-36.0,-34.0,,
"[[-1, -1, 1], [0, 1, -1], [-1, 1, 0]]",,,,0.0,,,,,0.0
"[[-1, -1, 1], [0, 1, -1], [0, 1, -1]]",,,,0.0,,,-48.0,,
"[[-1, -1, 1], [0, 1, -1], [-1, 0, 1]]",,,,0.0,,,,0.0,
"[[-1, -1, 1], [0, 1, -1], [0, -1, 1]]",,,,0.0,,,-30.0,,
"[[-1, -1, 1], [0, 1, 1], [-1, -1, 0]]",,,,-28.0,,,,,-30.0
"[[-1, -1, 1], [0, 1, 1], [-1, 0, -1]]",,,,-28.0,,,,0.0,
"[[-1, -1, 1], [0, 1, 0], [-1, 1, -1]]",,,,0.0,,0.0,,,
"[[-1, -1, 1], [0, 1, 0], [-1, -1, 1]]",,,,0.0,,-42.0,,,
"[[-1, -1, 1], [0, 1, 1], [0, -1, -1]]",,,,-30.0,,,-36.0,,
"[[-1, -1, 1], [-1, -1, 1], [1, 0, 0]]",,,,,,,,0.0,-40.0
"[[-1, -1, 1], [-1, 0, 1], [1, -1, 0]]",,,,,-38.0,,,,-36.0
"[[-1, -1, 1], [-1, 0, 1], [1, 0, -1]]",,,,,-50.0,,,0.0,
"[[-1, -1, 1], [-1, -1, 1], [0, 1, 0]]",,,,,,,0.0,,-52.0
"[[-1, -1, 1], [-1, 0, 1], [0, 1, -1]]",,,,,0.0,,0.0,,
"[[-1, -1, 1], [0, -1, 1], [-1, 1, 0]]",,,,0.0,,,,,-46.0
"[[-1, -1, 1], [0, 0, 1], [-1, 1, -1]]",,,,0.0,0.0,,,,
"[[-1, -1, 1], [0, 0, 1], [1, -1, -1]]",,,,0.0,-16.0,,,,
"[[-1, -1, 1], [-1, -1, 0], [1, 1, 0]]",,,,,,0.0,,,-50.0
"[[-1, -1, 1], [-1, 0, -1], [1, 1, 0]]",,,,,-50.0,,,,-50.0
"[[-1, -1, 1], [-1, 0, 0], [1, 1, -1]]",,,,,-42.0,0.0,,,
"[[-1, -1, 1], [-1, -1, 0], [1, 0, 1]]",,,,,,-26.0,,-36.0,
"[[-1, -1, 1], [-1, 0, -1], [1, 0, 1]]",,,,,-36.0,,,-36.0,
"[[-1, -1, 1], [-1, 0, 0], [1, -1, 1]]",,,,,-28.0,-34.0,,,
"[[-1, -1, 1], [0, -1, -1], [1, 1, 0]]",,,,0.0,,,,,-24.0
"[[-1, -1, 1], [0, -1, -1], [1, 0, 1]]",,,,0.0,,,,-22.0,
"[[-1, -1, 1], [0, 0, -1], [1, 1, -1]]",,,,0.0,-24.0,,,,
"[[-1, -1, 1], [0, 0, -1], [1, -1, 1]]",,,,0.0,-32.0,,,,
"[[-1, -1, 1], [-1, -1, 0], [0, 1, 1]]",,,,,,-54.0,-58.0,,
"[[-1, -1, 1], [-1, 0, -1], [0, 1, 1]]",,,,,0.0,,-40.0,,
"[[-1, -1, 1], [0, -1, -1], [0, 1, 1]]",,,,0.0,,,-36.0,,
"[[-1, -1, 1], [0, -1, 0], [-1, 1, 1]]",,,,0.0,,-50.0,,,
"[[-1, -1, 1], [0, 0, -1], [-1, 1, 1]]",,,,0.0,0.0,,,,
"[[-1, 0, 1], [-1, 1, -1], [0, 1, -1]]",,-28.0,,,,,-32.0,,
"[[-1, 0, 1], [-1, 1, -1], [0, -1, 1]]",,0.0,,,,,-36.0,,
"[[-1, 0, 1], [-1, 1, 1], [0, -1, -1]]",,0.0,,,,,-22.0,,
"[[-1, 0, 1], [-1, -1, 1], [1, -1, 0]]",,0.0,,,,,,,-34.0
"[[-1, 0, 1], [-1, 0, 1], [1, -1, -1]]",,0.0,,,-20.0,,,,
"[[-1, 0, 1], [-1, -1, 0], [1, -1, 1]]",,0.0,,,,-18.0,,,
"[[-1, 0, 1], [-1, 0, -1], [1, 1, -1]]",,0.0,,,-16.0,,,,
"[[-1, 0, 1], [-1, 0, -1], [1, -1, 1]]",,0.0,,,-28.0,,,,
"[[-1, 0, 1], [1, -1, -1], [1, -1, 0]]",,0.0,,,,,,,0.0
"[[-1, 0, 1], [1, -1, -1], [-1, 1, 0]]",,0.0,,,,,,,0.0
"[[-1, 0, 1], [1, -1, -1], [-1, 0, 1]]",,0.0,,,,,,0.0,
"[[-1, 0, 1], [1, -1, -1], [0, -1, 1]]",,0.0,,,,,0.0,,
"[[-1, 0, 1], [1, -1, 1], [-1, -1, 0]]",,0.0,,,,,,,-28.0
"[[-1, 0, 1], [1, -1, 0], [-1, -1, 1]]",,0.0,,,,-24.0,,,
"[[-1, 0, 1], [0, -1, -1], [1, -1, 1]]",,0.0,,0.0,,,,,
"[[-1, 0, 1], [0, -1, -1], [-1, 1, 1]]",,0.0,,0.0,,,,,
"[[-1, 0, 1], [1, 1, -1], [-1, -1, 0]]",,0.0,,,,,,,0.0
"[[-1, 0, 1], [1, 1, -1], [-1, 0, -1]]",,0.0,,,,,,0.0,
"[[-1, 0, 1], [1, 0, -1], [-1, 1, -1]]",,0.0,,,0.0,,,,
"[[-1, 0, 1], [1, 0, -1], [-1, -1, 1]]",,0.0,,,0.0,,,,
"[[-1, 0, 1], [1, 1, -1], [0, -1, -1]]",,0.0,,,,,-16.0,,
"[[-1, 0, 1], [1, 0, -1], [1, -1, -1]]",,0.0,,,-28.0,,,,
"[[-1, 0, 1], [0, 1, -1], [-1, 1, -1]]",,-8.0,,0.0,,,,,
"[[-1, 0, 1], [0, 1, -1], [-1, -1, 1]]",,0.0,,0.0,,,,,
"[[-1, -1, 0], [1, 1, -1], [1, -1, 0]]",,,-24.0,,,,,,0.0
"[[-1, -1, 0], [1, 1, -1], [1, 0, -1]]",,,-22.0,,,,,0.0,
"[[-1, -1, 0], [1, 1, -1], [-1, 1, 0]]",,,0.0,,,,,,0.0
"[[-1, -1, 0], [1, 1, -1], [0, 1, -1]]",,,0.0,,,,0.0,,
"[[-1, -1, 0], [1, 1, -1], [-1, 0, 1]]",,,0.0,,,,,0.0,
"[[-1, -1, 0], [1, 1, -1], [0, -1, 1]]",,,0.0,,,,0.0,,
"[[-1, -1, 0], [1, 1, 0], [-1, 1, -1]]",,,0.0,,,-28.0,,,
"[[-1, -1, 0], [1, 1, 0], [-1, -1, 1]]",,,0.0,,,-38.0,,,
"[[-1, -1, 0], [1, 1, 0], [1, -1, -1]]",,,-34.0,,,-36.0,,,
"[[-1, -1, 0], [1, -1, 1], [-1, 1, 0]]",,,0.0,,,,,,0.0
"[[-1, -1, 0], [1, -1, 1], [-1, 0, 1]]",,,-22.0,,,,,0.0,
"[[-1, -1, 0], [1, 0, 1], [-1, 1, -1]]",,,0.0,,-48.0,,,,
"[[-1, -1, 0], [1, 0, 1], [-1, -1, 1]]",,,-34.0,,-42.0,,,,
"[[-1, -1, 0], [1, 0, 1], [1, -1, -1]]",,,0.0,,-42.0,,,,
"[[-1, -1, 0], [1, -1, -1], [1, 1, 0]]",,,0.0,,,,,,-46.0
"[[-1, -1, 0], [1, -1, -1], [1, 0, 1]]",,,0.0,,,,,-26.0,
"[[-1, -1, 0], [1, 0, -1], [1, 1, -1]]",,,0.0,,0.0,,,,
"[[-1, -1, 0], [1, 0, -1], [1, -1, 1]]",,,0.0,,0.0,,,,
"[[-1, -1, 0], [1, -1, -1], [0, 1, 1]]",,,0.0,,,,-54.0,,
"[[-1, -1, 0], [1, -1, 0], [-1, 1, 1]]",,,0.0,,,0.0,,,
"[[-1, -1, 0], [1, 0, -1], [-1, 1, 1]]",,,0.0,,0.0,,,,
"[[-1, 0, -1], [1, 1, -1], [1, -1, 0]]",,0.0,,,,,,,0.0
"[[-1, 0, -1], [1, 1, -1], [-1, 1, 0]]",,-34.0,,,,,,,0.0
"[[-1, 0, -1], [1, 1, -1], [-1, 0, 1]]",,0.0,,,,,,0.0,
"[[-1, 0, -1], [1, 1, -1], [0, -1, 1]]",,0.0,,,,,0.0,,
"[[-1, 0, -1], [1, 1, 0], [-1, 1, -1]]",,-34.0,,,,-36.0,,,
"[[-1, 0, -1], [1, 1, 0], [-1, -1, 1]]",,0.0,,,,-24.0,,,
"[[-1, 0, -1], [1, 1, 0], [1, -1, -1]]",,0.0,,,,-20.0,,,
"[[-1, 0, -1], [1, -1, 1], [1, -1, 0]]",,0.0,,,,,,,0.0
"[[-1, 0, -1], [1, -1, 1], [0, -1, 1]]",,0.0,,,,,0.0,,
"[[-1, 0, -1], [1, 0, 1], [-1, 1, -1]]",,0.0,,,-24.0,,,,
"[[-1, 0, -1], [1, 0, 1], [-1, -1, 1]]",,0.0,,,-22.0,,,,
"[[-1, 0, -1], [1, 0, 1], [1, -1, -1]]",,0.0,,,-32.0,,,,
"[[-1, 0, -1], [1, -1, -1], [1, 1, 0]]",,0.0,,,,,,,-20.0
"[[-1, 0, -1], [1, -1, -1], [1, 0, 1]]",,0.0,,,,,,-28.0,
"[[-1, 0, -1], [1, -1, 0], [1, -1, 1]]",,0.0,,,,0.0,,,
"[[-1, 0, -1], [1, 0, -1], [1, -1, 1]]",,0.0,,,0.0,,,,
"[[-1, 0, -1], [1, -1, -1], [0, 1, 1]]",,0.0,,,,,-28.0,,
"[[-1, 0, -1], [1, 0, -1], [-1, 1, 1]]",,0.0,,,0.0,,,,
"[[-1, 0, 0], [1, -1, 1], [-1, -1, 1]]",,0.0,-26.0,,,,,,
"[[-1, 0, 0], [1, -1, -1], [1, -1, 1]]",,0.0,0.0,,,,,,
"[[-1, 0, 0], [1, -1, -1], [-1, 1, 1]]",,0.0,0.0,,,,,,
"[[-1, 0, 0], [1, 1, -1], [-1, 1, -1]]",,-20.0,0.0,,,,,,
"[[-1, 0, 0], [1, 1, -1], [-1, -1, 1]]",,0.0,0.0,,,,,,
"[[-1, 0, 0], [1, 1, -1], [1, -1, -1]]",,0.0,-8.0,,,,,,
"[[-1, -1, 0], [-1, 1, 1], [1, -1, 0]]",,,-38.0,,,,,,0.0
"[[-1, -1, 0], [-1, 1, 1], [1, 0, -1]]",,,-26.0,,,,,0.0,
"[[-1, -1, 0], [-1, 1, 1], [0, 1, -1]]",,,0.0,,,,0.0,,
"[[-1, -1, 0], [-1, 1, 1], [0, -1, 1]]",,,-30.0,,,,0.0,,
"[[-1, -1, 0], [0, 1, 1], [-1, 1, -1]]",,,0.0,-34.0,,,,,
"[[-1, -1, 0], [0, 1, 1], [-1, -1, 1]]",,,-48.0,-50.0,,,,,
"[[-1, -1, 0], [0, 1, 1], [1, -1, -1]]",,,-48.0,-44.0,,,,,
"[[-1, -1, 0], [-1, 1, -1], [1, 1, 0]]",,,-28.0,,,,,,-32.0
"[[-1, -1, 0], [-1, 1, 0], [1, 1, -1]]",,,-26.0,,,0.0,,,
"[[-1, -1, 0], [-1, 1, -1], [1, 0, 1]]",,,-22.0,,,,,-22.0,
"[[-1, -1, 0], [-1, 1, 0], [1, -1, 1]]",,,-40.0,,,0.0,,,
"[[-1, -1, 0], [0, 1, -1], [1, 1, -1]]",,,-24.0,0.0,,,,,
"[[-1, -1, 0], [0, 1, -1], [1, -1, 1]]",,,-28.0,0.0,,,,,
"[[-1, -1, 0], [-1, 1, -1], [0, 1, 1]]",,,0.0,,,,-50.0,,
"[[-1, -1, 0], [0, 1, -1], [-1, 1, 1]]",,,0.0,0.0,,,,,
"[[-1, 0, -1], [-1, 1, 1], [1, -1, 0]]",,0.0,,,,,,,0.0
"[[-1, 0, -1], [-1, 1, 1], [1, 0, -1]]",,0.0,,,,,,0.0,
"[[-1, 0, -1], [-1, 1, 1], [0, 1, -1]]",,-42.0,,,,,0.0,,
"[[-1, 0, -1], [-1, 1, 1], [0, -1, 1]]",,0.0,,,,,0.0,,
"[[-1, 0, -1], [0, 1, 1], [-1, 1, -1]]",,-30.0,,-38.0,,,,,
"[[-1, 0, -1], [0, 1, 1], [-1, -1, 1]]",,0.0,,-14.0,,,,,
"[[-1, 0, -1], [0, 1, 1], [1, -1, -1]]",,0.0,,-24.0,,,,,
"[[-1, 0, -1], [-1, 1, -1], [1, 1, 0]]",,-28.0,,,,,,,-30.0
"[[-1, 0, -1], [-1, 1, 0], [1, 1, -1]]",,-18.0,,,,0.0,,,
"[[-1, 0, -1], [-1, 1, -1], [1, 0, 1]]",,0.0,,,,,,-16.0,
"[[-1, 0, -1], [-1, 1, 0], [1, -1, 1]]",,0.0,,,,0.0,,,
"[[-1, 0, -1], [0, 1, -1], [1, -1, 1]]",,0.0,,0.0,,,,,
"[[-1, 0, -1], [-1, 1, -1], [0, 1, 1]]",,-30.0,,,,,-26.0,,
"[[-1, 0, -1], [0, 1, -1], [-1, 1, 1]]",,-20.0,,0.0,,,,,
"[[-1, 0, 0], [-1, 1, 1], [1, -1, -1]]",,0.0,-10.0,,,,,,
"[[-1, 0, 0], [-1, 1, -1], [1, 1, -1]]",,-22.0,-24.0,,,,,,
"[[-1, 0, 0], [-1, 1, -1], [1, -1, 1]]",,0.0,-14.0,,,,,,
"[[-1, -1, 0], [-1, -1, 1], [1, 1, 0]]",,,0.0,,,,,,-32.0
"[[-1, -1, 0], [-1, 0, 1], [1, 1, -1]]",,,0.0,,0.0,,,,
"[[-1, -1, 0], [-1, -1, 1], [1, 0, 1]]",,,-40.0,,,,,-40.0,
"[[-1, -1, 0], [-1, 0, 1], [1, -1, 1]]",,,-32.0,,0.0,,,,
"[[-1, -1, 0], [-1, -1, 1], [0, 1, 1]]",,,-52.0,,,,-60.0,,
"[[-1, -1, 0], [0, -1, 1], [-1, 1, 1]]",,,-38.0,0.0,,,,,
"[[-1, 0, -1], [-1, -1, 1], [1, 1, 0]]",,0.0,,,,,,,-26.0
"[[-1, 0, -1], [-1, 0, 1], [1, 1, -1]]",,0.0,,,0.0,,,,
"[[-1, 0, -1], [-1, -1, 1], [1, 0, 1]]",,0.0,,,,,,-24.0,
"[[-1, 0, -1], [-1, 0, 1], [1, -1, 1]]",,0.0,,,0.0,,,,
"[[-1, 0, -1], [0, -1, 1], [1, -1, 1]]",,0.0,,0.0,,,,,
"[[-1, 0, -1], [-1, -1, 1], [0, 1, 1]]",,0.0,,,,,-30.0,,
"[[-1, 0, 0], [-1, -1, 1], [1, -1, 1]]",,0.0,-20.0,,,,,,
"[[1, -1, -1], [1, -1, 1], [0, 0, -1]]",,,,,,,-38.0,0.0,
"[[1, -1, -1], [1, -1, -1], [0, 1, 0]]",,,,,,,-46.0,,0.0
"[[1, -1, -1], [1, -1, 0], [0, 1, -1]]",,,,,,0.0,-34.0,,
"[[1, -1, -1], [1, -1, -1], [0, 0, 1]]",,,,,,,-32.0,0.0,
"[[1, -1, -1], [1, 1, -1], [-1, 0, 0]]",,,,,,,,0.0,-10.0
"[[1, -1, -1], [1, 1, -1], [0, -1, 0]]",,,,,,,-52.0,,-44.0
"[[1, -1, -1], [1, 0, -1], [-1, 1, 0]]",,,,,0.0,,,,0.0
"[[1, -1, -1], [1, 0, -1], [-1, 0, 1]]",,,,,-20.0,,,0.0,
"[[1, -1, -1], [1, 0, -1], [0, -1, 1]]",,,,,-68.0,,-64.0,,
"[[1, -1, -1], [1, 1, 0], [-1, -1, 0]]",,,,,,-20.0,,,-26.0
"[[1, -1, -1], [1, 1, 0], [-1, 0, -1]]",,,,,,-42.0,,0.0,
"[[1, -1, -1], [1, 0, 1], [-1, -1, 0]]",,,,,-50.0,,,,0.0
"[[1, -1, -1], [1, 0, 1], [-1, 0, -1]]",,,,,-26.0,,,0.0,
"[[1, -1, -1], [1, 0, 0], [-1, 1, -1]]",,,,,0.0,0.0,,,
"[[1, -1, -1], [1, 0, 0], [-1, -1, 1]]",,,,,-30.0,0.0,,,
"[[1, -1, -1], [1, 1, 0], [0, -1, -1]]",,,,,,-36.0,-36.0,,
"[[1, -1, -1], [1, 0, 1], [0, -1, -1]]",,,,,-50.0,,-50.0,,
"[[1, -1, -1], [-1, 1, 1], [-1, 0, 0]]",,,,,,,,0.0,-30.0
"[[1, -1, -1], [-1, 1, 1], [0, -1, 0]]",,,,,,,0.0,,-30.0
"[[1, -1, -1], [-1, 1, 1], [0, 0, -1]]",,,,,,,0.0,0.0,
"[[1, -1, -1], [-1, 1, -1], [1, 0, 0]]",,,,,,,,0.0,-30.0
"[[1, -1, -1], [-1, 1, 0], [1, -1, 0]]",,,,,,0.0,,,-34.0
"[[1, -1, -1], [-1, 1, 0], [1, 0, -1]]",,,,,,0.0,,0.0,
"[[1, -1, -1], [-1, 1, -1], [0, 1, 0]]",,,,,,,0.0,,-26.0
"[[1, -1, -1], [-1, 1, 0], [-1, 1, 0]]",,,,,,0.0,,,-16.0
"[[1, -1, -1], [-1, 1, 0], [0, 1, -1]]",,,,,,0.0,0.0,,
"[[1, -1, -1], [0, 1, -1], [1, -1, 0]]",,,,-52.0,,,,,-42.0
"[[1, -1, -1], [0, 1, -1], [-1, 1, 0]]",,,,0.0,,,,,-42.0
"[[1, -1, -1], [0, 1, 1], [-1, -1, 0]]",,,,-66.0,,,,,-66.0
"[[1, -1, -1], [0, 1, 1], [-1, 0, -1]]",,,,-32.0,,,,0.0,
"[[1, -1, -1], [0, 1, 0], [-1, 1, -1]]",,,,0.0,,0.0,,,
"[[1, -1, -1], [0, 1, 1], [0, -1, -1]]",,,,-44.0,,,0.0,,
"[[1, -1, -1], [0, 1, 0], [1, -1, -1]]",,,,-24.0,,0.0,,,
"[[1, -1, -1], [-1, -1, 1], [1, 0, 0]]",,,,,,,,0.0,0.0
"[[1, -1, -1], [-1, 0, 1], [1, -1, 0]]",,,,,0.0,,,,0.0
"[[1, -1, -1], [-1, 0, 1], [1, 0, -1]]",,,,,0.0,,,0.0,
"[[1, -1, -1], [-1, -1, 1], [0, 1, 0]]",,,,,,,0.0,,0.0
"[[1, -1, -1], [-1, 0, 1], [-1, 1, 0]]",,,,,0.0,,,,0.0
"[[1, -1, -1], [-1, 0, 1], [0, 1, -1]]",,,,,0.0,,0.0,,
"[[1, -1, -1], [-1, -1, 1], [0, 0, 1]]",,,,,,,0.0,0.0,
"[[1, -1, -1], [-1, 0, 1], [-1, 0, 1]]",,,,,-18.0,,,0.0,
"[[1, -1, -1], [-1, 0, 1], [0, -1, 1]]",,,,,-46.0,,0.0,,
"[[1, -1, -1], [0, -1, 1], [1, 0, -1]]",,,,-28.0,,,,0.0,
"[[1, -1, -1], [0, -1, 1], [0, 1, -1]]",,,,0.0,,,0.0,,
"[[1, -1, -1], [0, 0, 1], [-1, 1, -1]]",,,,0.0,0.0,,,,
"[[1, -1, -1], [0, 0, 1], [-1, -1, 1]]",,,,0.0,-30.0,,,,
"[[1, -1, -1], [0, 0, 1], [1, -1, -1]]",,,,-50.0,0.0,,,,
"[[1, -1, -1], [-1, -1, 0], [1, 1, 0]]",,,,,,0.0,,,-32.0
"[[1, -1, -1], [-1, 0, -1], [1, 1, 0]]",,,,,0.0,,,,-56.0
"[[1, -1, -1], [-1, 0, 0], [1, 1, -1]]",,,,,0.0,0.0,,,
"[[1, -1, -1], [-1, -1, 0], [1, 0, 1]]",,,,,,0.0,,-18.0,
"[[1, -1, -1], [-1, 0, -1], [1, 0, 1]]",,,,,-36.0,,,-26.0,
"[[1, -1, -1], [-1, 0, 0], [1, -1, 1]]",,,,,-28.0,0.0,,,
"[[1, -1, -1], [0, -1, -1], [1, 1, 0]]",,,,-48.0,,,,,-50.0
"[[1, -1, -1], [0, -1, 0], [1, 1, -1]]",,,,-40.0,,0.0,,,
"[[1, -1, -1], [0, -1, -1], [1, 0, 1]]",,,,-44.0,,,,-42.0,
"[[1, -1, -1], [0, 0, -1], [1, -1, 1]]",,,,-42.0,-38.0,,,,
"[[1, -1, -1], [-1, -1, 0], [0, 1, 1]]",,,,,,0.0,-26.0,,
"[[1, -1, -1], [-1, 0, -1], [0, 1, 1]]",,,,,-42.0,,-38.0,,
"[[1, -1, -1], [-1, 0, 0], [-1, 1, 1]]",,,,,-28.0,0.0,,,
"[[1, -1, -1], [0, -1, -1], [0, 1, 1]]",,,,0.0,,,-40.0,,
"[[1, -1, -1], [0, 0, -1], [-1, 1, 1]]",,,,0.0,-32.0,,,,
"[[1, -1, 1], [-1, -1, 1], [-1, 0, 0]]",,,,,,,,0.0,-28.0
"[[1, -1, 1], [-1, -1, 1], [0, 0, -1]]",,,,,,,0.0,0.0,
"[[1, -1, 1], [-1, -1, 0], [1, 0, -1]]",,,,,,0.0,,0.0,
"[[1, -1, 1], [-1, -1, 0], [-1, 1, 0]]",,,,,,0.0,,,0.0
"[[1, -1, 1], [-1, -1, 0], [0, 1, -1]]",,,,,,0.0,0.0,,
"[[1, -1, 1], [-1, -1, 0], [-1, 0, 1]]",,,,,,-38.0,,0.0,
"[[1, -1, 1], [-1, 1, -1], [-1, 0, 0]]",,,,,,,,0.0,-26.0
"[[1, -1, 1], [-1, 1, -1], [0, -1, 0]]",,,,,,,-34.0,,-30.0
"[[1, -1, 1], [-1, 1, -1], [0, 0, -1]]",,,,,,,-34.0,0.0,
"[[1, -1, 1], [-1, 0, -1], [1, -1, 0]]",,,,,-30.0,,,,0.0
"[[1, -1, 1], [-1, 0, -1], [1, 0, -1]]",,,,,-34.0,,,0.0,
"[[1, -1, 1], [-1, 0, -1], [-1, 1, 0]]",,,,,0.0,,,,0.0
"[[1, -1, 1], [-1, 0, -1], [0, 1, -1]]",,,,,0.0,,0.0,,
"[[1, -1, 1], [-1, 0, -1], [-1, 0, 1]]",,,,,-28.0,,,0.0,
"[[1, -1, 1], [-1, 0, -1], [0, -1, 1]]",,,,,-20.0,,0.0,,
"[[1, -1, 1], [-1, 1, 0], [-1, -1, 0]]",,,,,,0.0,,,-36.0
"[[1, -1, 1], [-1, 1, 0], [-1, 0, -1]]",,,,,,0.0,,0.0,
"[[1, -1, 1], [-1, 0, 1], [-1, -1, 0]]",,,,,0.0,,,,-38.0
"[[1, -1, 1], [-1, 0, 1], [-1, 0, -1]]",,,,,0.0,,,0.0,
"[[1, -1, 1], [-1, 0, 0], [-1, 1, -1]]",,,,,0.0,0.0,,,
"[[1, -1, 1], [-1, 0, 0], [-1, -1, 1]]",,,,,-40.0,-28.0,,,
"[[1, -1, 1], [-1, 1, 0], [0, -1, -1]]",,,,,,0.0,-30.0,,
"[[1, -1, 1], [-1, 0, 1], [0, -1, -1]]",,,,,0.0,,0.0,,
"[[1, -1, 1], [-1, 0, 0], [1, -1, -1]]",,,,,-26.0,0.0,,,
"[[1, -1, 0], [-1, 1, -1], [1, -1, 0]]",,,-34.0,,,,,,-38.0
"[[1, -1, 0], [-1, 1, -1], [1, 0, -1]]",,,-22.0,,,,,0.0,
"[[1, -1, 0], [-1, 1, -1], [-1, 1, 0]]",,,0.0,,,,,,-34.0
"[[1, -1, 0], [-1, 1, -1], [0, 1, -1]]",,,0.0,,,,0.0,,
"[[1, -1, 0], [-1, 1, 1], [-1, -1, 0]]",,,0.0,,,,,,-32.0
"[[1, -1, 0], [-1, 1, 1], [-1, 0, -1]]",,,0.0,,,,,0.0,
"[[1, -1, 0], [-1, 1, 0], [-1, 1, -1]]",,,0.0,,,0.0,,,
"[[1, -1, 0], [-1, 1, 1], [0, -1, -1]]",,,0.0,,,,0.0,,
"[[1, -1, 0], [-1, 1, 0], [1, -1, -1]]",,,-28.0,,,0.0,,,
"[[1, -1, 0], [-1, -1, 1], [1, 0, -1]]",,,0.0,,,,,0.0,
"[[1, -1, 0], [-1, -1, 1], [-1, 1, 0]]",,,0.0,,,,,,0.0
"[[1, -1, 0], [-1, -1, 1], [0, 1, -1]]",,,0.0,,,,0.0,,
"[[1, -1, 0], [-1, -1, 1], [-1, 0, 1]]",,,-32.0,,,,,0.0,
"[[1, -1, 0], [-1, 0, 1], [-1, 1, -1]]",,,0.0,,0.0,,,,
"[[1, -1, 0], [-1, 0, 1], [-1, -1, 1]]",,,-46.0,,-52.0,,,,
"[[1, -1, 0], [-1, 0, 1], [1, -1, -1]]",,,0.0,,0.0,,,,
"[[1, -1, 0], [-1, -1, 0], [1, 1, -1]]",,,0.0,,,0.0,,,
"[[1, -1, 0], [-1, 0, -1], [1, 1, -1]]",,,0.0,,0.0,,,,
"[[1, -1, 0], [-1, 0, -1], [1, -1, 1]]",,,0.0,,-32.0,,,,
"[[1, -1, 0], [-1, -1, 0], [-1, 1, 1]]",,,0.0,,,0.0,,,
"[[1, -1, 0], [-1, 0, -1], [-1, 1, 1]]",,,0.0,,-38.0,,,,
"[[1, -1, 1], [1, -1, -1], [-1, 0, 0]]",,,,,,,,0.0,0.0
"[[1, -1, 1], [1, -1, -1], [0, 0, -1]]",,,,,,,-24.0,0.0,
"[[1, -1, 1], [0, -1, -1], [1, 0, -1]]",,,,-26.0,,,,0.0,
"[[1, -1, 1], [0, -1, -1], [-1, 1, 0]]",,,,0.0,,,,,0.0
"[[1, -1, 1], [0, -1, -1], [0, 1, -1]]",,,,0.0,,,0.0,,
"[[1, -1, 1], [0, -1, -1], [-1, 0, 1]]",,,,0.0,,,,0.0,
"[[1, -1, 1], [1, -1, 0], [-1, 0, -1]]",,,,,,0.0,,0.0,
"[[1, -1, 1], [0, -1, 1], [-1, 0, -1]]",,,,0.0,,,,0.0,
"[[1, -1, 1], [0, -1, 0], [-1, 1, -1]]",,,,0.0,,0.0,,,
"[[1, -1, 0], [1, -1, -1], [-1, 1, 0]]",,,0.0,,,,,,0.0
"[[1, -1, 0], [1, -1, -1], [0, 1, -1]]",,,0.0,,,,-60.0,,
"[[1, -1, 0], [1, -1, -1], [-1, 0, 1]]",,,0.0,,,,,0.0,
"[[1, -1, 0], [1, -1, 1], [-1, 0, -1]]",,,0.0,,,,,0.0,
"[[1, -1, 0], [1, -1, 0], [-1, 1, -1]]",,,0.0,,,0.0,,,
"[[1, -1, 0], [0, -1, 1], [-1, 1, -1]]",,,0.0,0.0,,,,,
"[[1, -1, 0], [0, -1, -1], [1, 1, -1]]",,,0.0,-38.0,,,,,
"[[1, -1, 0], [0, -1, -1], [-1, 1, 1]]",,,0.0,0.0,,,,,
"[[1, -1, 1], [1, 0, -1], [-1, -1, 0]]",,,,,0.0,,,,0.0
"[[1, -1, 1], [1, 0, -1], [-1, 0, -1]]",,,,,0.0,,,0.0,
"[[1, -1, 1], [0, 1, -1], [-1, -1, 0]]",,,,0.0,,,,,-22.0
"[[1, -1, 1], [0, 1, -1], [-1, 0, -1]]",,,,0.0,,,,0.0,
"[[1, -1, 1], [0, 0, -1], [-1, 1, -1]]",,,,0.0,0.0,,,,
"[[1, -1, 1], [0, 0, -1], [-1, -1, 1]]",,,,0.0,-28.0,,,,
"[[1, -1, 1], [1, 0, -1], [0, -1, -1]]",,,,,0.0,,-48.0,,
"[[1, -1, 1], [0, 1, -1], [0, -1, -1]]",,,,0.0,,,-34.0,,
"[[1, -1, 1], [0, 0, -1], [1, -1, -1]]",,,,-34.0,-36.0,,,,
"[[1, -1, 0], [1, 1, -1], [-1, -1, 0]]",,,0.0,,,,,,-18.0
"[[1, -1, 0], [1, 1, -1], [-1, 0, -1]]",,,0.0,,,,,0.0,
"[[1, -1, 0], [1, 0, -1], [-1, 1, -1]]",,,0.0,,0.0,,,,
"[[1, -1, 0], [1, 0, -1], [-1, -1, 1]]",,,0.0,,-26.0,,,,
"[[1, -1, 0], [1, 1, -1], [0, -1, -1]]",,,0.0,,,,-28.0,,
"[[1, -1, 0], [0, 1, -1], [-1, 1, -1]]",,,0.0,0.0,,,,,
"[[1, -1, 0], [0, 1, -1], [1, -1, -1]]",,,-40.0,-30.0,,,,,
"[[0, -1, 1], [-1, 1, -1], [-1, 1, 0]]",0.0,,,,,,,,0.0
"[[0, -1, 1], [-1, 1, -1], [0, 1, -1]]",0.0,,,,,,-32.0,,
"[[0, -1, 1], [-1, 1, -1], [-1, 0, 1]]",-16.0,,,,,,,0.0,
"[[0, -1, 1], [-1, 1, -1], [0, -1, 1]]",-28.0,,,,,,-30.0,,
"[[0, -1, 1], [-1, 1, 1], [-1, -1, 0]]",0.0,,,,,,,,-28.0
"[[0, -1, 1], [-1, 1, 1], [-1, 0, -1]]",0.0,,,,,,,0.0,
"[[0, -1, 1], [-1, 1, 0], [-1, 1, -1]]",0.0,,,,,0.0,,,
"[[0, -1, 1], [-1, 1, 0], [-1, -1, 1]]",-32.0,,,,,-34.0,,,
"[[0, -1, 1], [-1, 1, 1], [0, -1, -1]]",0.0,,,,,,-34.0,,
"[[0, -1, 1], [-1, -1, 1], [1, 0, -1]]",0.0,,,,,,,0.0,
"[[0, -1, 1], [-1, -1, 1], [-1, 1, 0]]",0.0,,,,,,,,-28.0
"[[0, -1, 1], [-1, -1, 1], [0, 1, -1]]",0.0,,,,,,0.0,,
"[[0, -1, 1], [-1, 0, 1], [-1, 1, -1]]",0.0,,,,0.0,,,,
"[[0, -1, 1], [-1, 0, 1], [1, -1, -1]]",0.0,,,,-64.0,,,,
"[[0, -1, 1], [-1, -1, 0], [1, 1, -1]]",0.0,,,,,0.0,,,
"[[0, -1, 1], [-1, 0, -1], [1, 1, -1]]",0.0,,,,-36.0,,,,
"[[0, -1, 1], [-1, 0, -1], [1, -1, 1]]",0.0,,,,-20.0,,,,
"[[0, -1, 1], [-1, -1, 0], [-1, 1, 1]]",0.0,,,,,-22.0,,,
"[[0, -1, 1], [-1, 0, -1], [-1, 1, 1]]",0.0,,,,0.0,,,,
"[[0, -1, 1], [1, -1, -1], [1, 0, -1]]",-18.0,,,,,,,0.0,
"[[0, -1, 1], [1, -1, -1], [-1, 1, 0]]",0.0,,,,,,,,0.0
"[[0, -1, 1], [1, -1, -1], [0, 1, -1]]",0.0,,,,,,0.0,,
"[[0, -1, 1], [1, -1, -1], [-1, 0, 1]]",0.0,,,,,,,0.0,
"[[0, -1, 1], [1, -1, 1], [-1, 0, -1]]",0.0,,,,,,,0.0,
"[[0, -1, 1], [1, -1, 0], [-1, 1, -1]]",0.0,,,,,0.0,,,
"[[0, -1, 1], [0, -1, 1], [-1, 1, -1]]",0.0,,,0.0,,,,,
"[[0, -1, 1], [0, -1, -1], [1, 1, -1]]",0.0,,,0.0,,,,,
"[[0, -1, 1], [0, -1, -1], [-1, 1, 1]]",0.0,,,0.0,,,,,
"[[0, -1, 1], [1, 1, -1], [-1, -1, 0]]",0.0,,,,,,,,0.0
"[[0, -1, 1], [1, 1, -1], [-1, 0, -1]]",0.0,,,,,,,0.0,
"[[0, -1, 1], [1, 0, -1], [-1, 1, -1]]",0.0,,,,0.0,,,,
"[[0, -1, 1], [1, 0, -1], [-1, -1, 1]]",0.0,,,,0.0,,,,
"[[0, -1, 1], [1, 1, -1], [0, -1, -1]]",0.0,,,,,,-44.0,,
"[[0, -1, 1], [1, 0, -1], [1, -1, -1]]",-58.0,,,,-50.0,,,,
"[[0, -1, 1], [0, 1, -1], [-1, 1, -1]]",0.0,,,0.0,,,,,
"[[0, -1, 1], [0, 1, -1], [-1, -1, 1]]",-40.0,,,0.0,,,,,
"[[0, -1, -1], [1, 1, -1], [1, -1, 0]]",-28.0,,,,,,,,0.0
"[[0, -1, -1], [1, 1, -1], [-1, 1, 0]]",0.0,,,,,,,,0.0
"[[0, -1, -1], [1, 1, -1], [-1, 0, 1]]",-26.0,,,,,,,0.0,
"[[0, -1, -1], [1, 1, -1], [0, -1, 1]]",-32.0,,,,,,0.0,,
"[[0, -1, -1], [1, 1, 0], [-1, 1, -1]]",0.0,,,,,-34.0,,,
"[[0, -1, -1], [1, 1, 0], [-1, -1, 1]]",-42.0,,,,,-36.0,,,
"[[0, -1, -1], [1, 1, 0], [1, -1, -1]]",-34.0,,,,,-40.0,,,
"[[0, -1, -1], [1, -1, 1], [1, 0, -1]]",-28.0,,,,,,,0.0,
"[[0, -1, -1], [1, -1, 1], [0, 1, -1]]",0.0,,,,,,0.0,,
"[[0, -1, -1], [1, 0, 1], [-1, 1, -1]]",0.0,,,,-44.0,,,,
"[[0, -1, -1], [1, 0, 1], [-1, -1, 1]]",0.0,,,,-46.0,,,,
"[[0, -1, -1], [1, 0, 1], [1, -1, -1]]",-38.0,,,,-38.0,,,,
"[[0, -1, -1], [1, -1, -1], [1, 1, 0]]",-50.0,,,,,,,,-48.0
"[[0, -1, -1], [1, -1, 0], [1, 1, -1]]",-24.0,,,,,0.0,,,
"[[0, -1, -1], [1, -1, -1], [1, 0, 1]]",-42.0,,,,,,,-46.0,
"[[0, -1, -1], [1, 0, -1], [1, -1, 1]]",-32.0,,,,0.0,,,,
"[[0, -1, -1], [1, -1, -1], [0, 1, 1]]",0.0,,,,,,-44.0,,
"[[0, -1, -1], [1, 0, -1], [-1, 1, 1]]",0.0,,,,0.0,,,,
"[[0, -1, 0], [1, -1, 1], [-1, 1, -1]]",0.0,,0.0,,,,,,
"[[0, -1, 0], [1, -1, -1], [1, 1, -1]]",-32.0,,0.0,,,,,,
"[[0, -1, 0], [1, -1, -1], [-1, 1, 1]]",0.0,,0.0,,,,,,
"[[0, -1, 0], [1, 1, -1], [-1, 1, -1]]",0.0,,0.0,,,,,,
"[[0, -1, 0], [1, 1, -1], [-1, -1, 1]]",-40.0,,0.0,,,,,,
"[[0, -1, 0], [1, 1, -1], [1, -1, -1]]",-30.0,,-40.0,,,,,,
"[[0, -1, -1], [-1, 1, 1], [1, -1, 0]]",0.0,,,,,,,,0.0
"[[0, -1, -1], [-1, 1, 1], [1, 0, -1]]",0.0,,,,,,,0.0,
"[[0, -1, -1], [-1, 1, 1], [-1, 1, 0]]",0.0,,,,,,,,0.0
"[[0, -1, -1], [-1, 1, 1], [0, 1, -1]]",0.0,,,,,,0.0,,
"[[0, -1, -1], [-1, 1, 1], [-1, 0, 1]]",-38.0,,,,,,,0.0,
"[[0, -1, -1], [-1, 1, 1], [0, -1, 1]]",-28.0,,,,,,0.0,,
"[[0, -1, -1], [0, 1, 1], [-1, 1, -1]]",0.0,,,-28.0,,,,,
"[[0, -1, -1], [0, 1, 1], [-1, -1, 1]]",-48.0,,,-44.0,,,,,
"[[0, -1, -1], [0, 1, 1], [1, -1, -1]]",0.0,,,-30.0,,,,,
"[[0, -1, -1], [-1, 1, -1], [1, 1, 0]]",0.0,,,,,,,,-42.0
"[[0, -1, -1], [-1, 1, 0], [1, 1, -1]]",0.0,,,,,0.0,,,
"[[0, -1, -1], [-1, 1, -1], [1, 0, 1]]",-48.0,,,,,,,-42.0,
"[[0, -1, -1], [-1, 1, 0], [1, -1, 1]]",-20.0,,,,,0.0,,,
"[[0, -1, -1], [0, 1, -1], [1, -1, 1]]",-20.0,,,0.0,,,,,
"[[0, -1, -1], [-1, 1, -1], [0, 1, 1]]",-34.0,,,,,,-36.0,,
"[[0, -1, -1], [-1, 1, 0], [-1, 1, 1]]",-46.0,,,,,0.0,,,
"[[0, -1, -1], [0, 1, -1], [-1, 1, 1]]",-22.0,,,0.0,,,,,
"[[0, -1, 0], [-1, 1, 1], [-1, 1, -1]]",0.0,,0.0,,,,,,
"[[0, -1, 0], [-1, 1, 1], [-1, -1, 1]]",-36.0,,-40.0,,,,,,
"[[0, -1, 0], [-1, 1, 1], [1, -1, -1]]",0.0,,-26.0,,,,,,
"[[0, -1, 0], [-1, 1, -1], [1, 1, -1]]",0.0,,-36.0,,,,,,
"[[0, -1, 0], [-1, 1, -1], [1, -1, 1]]",-40.0,,-40.0,,,,,,
"[[0, -1, 0], [-1, 1, -1], [-1, 1, 1]]",-22.0,,0.0,,,,,,
"[[0, -1, -1], [-1, -1, 1], [1, 1, 0]]",0.0,,,,,,,,-32.0
"[[0, -1, -1], [-1, 0, 1], [1, 1, -1]]",0.0,,,,0.0,,,,
"[[0, -1, -1], [-1, -1, 1], [1, 0, 1]]",0.0,,,,,,,-26.0,
"[[0, -1, -1], [-1, 0, 1], [1, -1, 1]]",0.0,,,,0.0,,,,
"[[0, -1, -1], [0, -1, 1], [1, 1, -1]]",0.0,,,0.0,,,,,
"[[0, -1, -1], [-1, -1, 1], [0, 1, 1]]",0.0,,,,,,-40.0,,
"[[0, -1, -1], [-1, 0, 1], [-1, 1, 1]]",0.0,,,,0.0,,,,
"[[0, -1, 0], [-1, -1, 1], [1, 1, -1]]",0.0,,0.0,,,,,,
"[[0, -1, 0], [-1, -1, 1], [-1, 1, 1]]",0.0,,-24.0,,,,,,
"[[1, 1, -1], [-1, -1, 1], [0, -1, 0]]",,,,,,,0.0,,0.0
"[[1, 1, -1], [-1, -1, 1], [0, 0, -1]]",,,,,,,0.0,0.0,
"[[1, 1, -1], [-1, -1, 0], [1, -1, 0]]",,,,,,0.0,,,0.0
"[[1, 1, -1], [-1, -1, 0], [1, 0, -1]]",,,,,,0.0,,0.0,
"[[1, 1, -1], [-1, -1, 0], [0, 1, -1]]",,,,,,0.0,0.0,,
"[[1, 1, -1], [-1, -1, 0], [0, -1, 1]]",,,,,,0.0,0.0,,
"[[1, 1, -1], [-1, 1, -1], [-1, 0, 0]]",,,,,,,,-20.0,-22.0
"[[1, 1, -1], [-1, 1, -1], [0, -1, 0]]",,,,,,,0.0,,-22.0
"[[1, 1, -1], [-1, 0, -1], [1, -1, 0]]",,,,,0.0,,,,0.0
"[[1, 1, -1], [-1, 0, -1], [-1, 1, 0]]",,,,,-22.0,,,,0.0
"[[1, 1, -1], [-1, 0, -1], [-1, 0, 1]]",,,,,-16.0,,,0.0,
"[[1, 1, -1], [-1, 0, -1], [0, -1, 1]]",,,,,-30.0,,0.0,,
"[[1, 1, -1], [-1, 1, 0], [-1, -1, 0]]",,,,,,0.0,,,-16.0
"[[1, 1, -1], [-1, 1, 0], [-1, 0, -1]]",,,,,,0.0,,-30.0,
"[[1, 1, -1], [-1, 0, 1], [-1, -1, 0]]",,,,,0.0,,,,0.0
"[[1, 1, -1], [-1, 0, 1], [-1, 0, -1]]",,,,,0.0,,,0.0,
"[[1, 1, -1], [-1, 0, 0], [-1, 1, -1]]",,,,,-24.0,0.0,,,
"[[1, 1, -1], [-1, 0, 0], [-1, -1, 1]]",,,,,-18.0,0.0,,,
"[[1, 1, -1], [-1, 1, 0], [0, -1, -1]]",,,,,,0.0,0.0,,
"[[1, 1, -1], [-1, 0, 1], [0, -1, -1]]",,,,,0.0,,0.0,,
"[[1, 1, -1], [-1, 0, 0], [1, -1, -1]]",,,,,0.0,0.0,,,
"[[1, 0, -1], [-1, 1, -1], [1, -1, 0]]",,0.0,,,,,,,-22.0
"[[1, 0, -1], [-1, 1, -1], [-1, 1, 0]]",,-34.0,,,,,,,-44.0
"[[1, 0, -1], [-1, 1, 1], [-1, -1, 0]]",,0.0,,,,,,,-24.0
"[[1, 0, -1], [-1, 1, 1], [-1, 0, -1]]",,0.0,,,,,,0.0,
"[[1, 0, -1], [-1, 1, 0], [-1, 1, -1]]",,-20.0,,,,0.0,,,
"[[1, 0, -1], [-1, 1, 1], [0, -1, -1]]",,0.0,,,,,0.0,,
"[[1, 0, -1], [-1, 1, 0], [1, -1, -1]]",,0.0,,,,0.0,,,
"[[1, 0, -1], [-1, -1, 1], [1, -1, 0]]",,0.0,,,,,,,0.0
"[[1, 0, -1], [-1, -1, 1], [1, 0, -1]]",,0.0,,,,,,0.0,
"[[1, 0, -1], [-1, -1, 1], [0, 1, -1]]",,0.0,,,,,0.0,,
"[[1, 0, -1], [-1, -1, 1], [0, -1, 1]]",,0.0,,,,,0.0,,
"[[1, 0, -1], [-1, 0, 1], [-1, 1, -1]]",,0.0,,,0.0,,,,
"[[1, 0, -1], [-1, 0, 1], [-1, -1, 1]]",,0.0,,,-24.0,,,,
"[[1, 0, -1], [-1, 0, 1], [1, -1, -1]]",,0.0,,,0.0,,,,
"[[1, 0, -1], [-1, -1, 0], [1, 1, -1]]",,0.0,,,,0.0,,,
"[[1, 0, -1], [-1, -1, 0], [1, -1, 1]]",,0.0,,,,0.0,,,
"[[1, 0, -1], [-1, 0, -1], [1, -1, 1]]",,0.0,,,-22.0,,,,
"[[1, 0, -1], [-1, 0, -1], [-1, 1, 1]]",,0.0,,,-26.0,,,,
"[[1, 1, -1], [1, -1, -1], [0, -1, 0]]",,,,,,,-38.0,,0.0
"[[1, 1, -1], [0, -1, -1], [1, -1, 0]]",,,,-24.0,,,,,0.0
"[[1, 1, -1], [0, -1, -1], [0, -1, 1]]",,,,0.0,,,0.0,,
"[[1, 1, -1], [1, -1, 0], [0, -1, -1]]",,,,,,0.0,-26.0,,
"[[1, 1, -1], [0, -1, 1], [0, -1, -1]]",,,,0.0,,,0.0,,
"[[1, 1, -1], [0, -1, 0], [1, -1, -1]]",,,,-20.0,,0.0,,,
"[[1, 0, -1], [1, -1, -1], [0, -1, 1]]",,0.0,,,,,-32.0,,
"[[1, 0, -1], [1, -1, 1], [0, -1, -1]]",,0.0,,,,,-16.0,,
"[[1, 0, -1], [0, -1, 1], [1, -1, -1]]",,0.0,,-30.0,,,,,
"[[1, 0, -1], [0, -1, -1], [1, -1, 1]]",,0.0,,-18.0,,,,,
"[[1, 1, -1], [1, 0, -1], [-1, -1, 0]]",,,,,0.0,,,,0.0
"[[1, 1, -1], [0, 1, -1], [-1, -1, 0]]",,,,0.0,,,,,-22.0
"[[1, 1, -1], [0, 0, -1], [-1, -1, 1]]",,,,0.0,-40.0,,,,
"[[1, 0, -1], [1, 1, -1], [-1, -1, 0]]",,0.0,,,,,,,-16.0
"[[1, 0, -1], [1, 0, -1], [-1, -1, 1]]",,0.0,,,-24.0,,,,
"[[0, 1, -1], [-1, 1, -1], [1, -1, 0]]",0.0,,,,,,,,0.0
"[[0, 1, -1], [-1, 1, -1], [-1, 0, 1]]",-32.0,,,,,,,-32.0,
"[[0, 1, -1], [-1, 1, -1], [0, -1, 1]]",-28.0,,,,,,0.0,,
"[[0, 1, -1], [-1, 1, 1], [-1, -1, 0]]",0.0,,,,,,,,0.0
"[[0, 1, -1], [-1, 1, 1], [-1, 0, -1]]",0.0,,,,,,,-20.0,
"[[0, 1, -1], [-1, 1, 0], [-1, -1, 1]]",-14.0,,,,,0.0,,,
"[[0, 1, -1], [-1, 1, 1], [0, -1, -1]]",0.0,,,,,,0.0,,
"[[0, 1, -1], [-1, 1, 0], [1, -1, -1]]",0.0,,,,,0.0,,,
"[[0, 1, -1], [-1, -1, 1], [1, -1, 0]]",0.0,,,,,,,,0.0
"[[0, 1, -1], [-1, -1, 1], [1, 0, -1]]",0.0,,,,,,,0.0,
"[[0, 1, -1], [-1, -1, 1], [0, 1, -1]]",0.0,,,,,,0.0,,
"[[0, 1, -1], [-1, -1, 1], [0, -1, 1]]",0.0,,,,,,0.0,,
"[[0, 1, -1], [-1, 0, 1], [-1, 1, -1]]",0.0,,,,-26.0,,,,
"[[0, 1, -1], [-1, 0, 1], [-1, -1, 1]]",0.0,,,,0.0,,,,
"[[0, 1, -1], [-1, 0, 1], [1, -1, -1]]",0.0,,,,0.0,,,,
"[[0, 1, -1], [-1, -1, 0], [1, 1, -1]]",0.0,,,,,0.0,,,
"[[0, 1, -1], [-1, -1, 0], [1, -1, 1]]",0.0,,,,,0.0,,,
"[[0, 1, -1], [-1, 0, -1], [1, -1, 1]]",0.0,,,,0.0,,,,
"[[0, 1, -1], [-1, 0, -1], [-1, 1, 1]]",0.0,,,,-34.0,,,,
"[[0, 1, -1], [1, -1, -1], [1, -1, 0]]",-28.0,,,,,,,,0.0
"[[0, 1, -1], [1, -1, -1], [0, -1, 1]]",0.0,,,,,,0.0,,
"[[0, 1, -1], [1, -1, 1], [0, -1, -1]]",0.0,,,,,,0.0,,
"[[0, 1, -1], [1, -1, 0], [1, -1, -1]]",-30.0,,,,,0.0,,,
"[[0, 1, -1], [0, -1, 1], [1, -1, -1]]",0.0,,,0.0,,,,,
"[[0, 1, -1], [0, -1, -1], [1, -1, 1]]",0.0,,,0.0,,,,,
"[[0, 1, -1], [1, 1, -1], [-1, -1, 0]]",0.0,,,,,,,,0.0
"[[0, 1, -1], [1, 0, -1], [-1, -1, 1]]",0.0,,,,0.0,,,,
"[[0, 1, -1], [0, 1, -1], [-1, -1, 1]]",-14.0,,,0.0,,,,,
"[[0, 0, -1], [1, -1, 1], [1, -1, -1]]",-30.0,0.0,,,,,,,
"[[0, 0, -1], [1, -1, -1], [1, -1, 1]]",-14.0,0.0,,,,,,,
"[[0, 0, -1], [1, 1, -1], [-1, -1, 1]]",-12.0,0.0,,,,,,,
"[[0, 0, -1], [-1, 1, 1], [-1, 1, -1]]",0.0,-36.0,,,,,,,
"[[0, 0, -1], [-1, 1, 1], [-1, -1, 1]]",-12.0,0.0,,,,,,,
"[[0, 0, -1], [-1, 1, 1], [1, -1, -1]]",0.0,0.0,,,,,,,
"[[0, 0, -1], [-1, 1, -1], [1, -1, 1]]",-18.0,0.0,,,,,,,
"[[0, 0, -1], [-1, 1, -1], [-1, 1, 1]]",-30.0,-34.0,,,,,,,
"[[0, 0, -1], [-1, -1, 1], [1, 1, -1]]",0.0,0.0,,,,,,,
"[[0, 0, -1], [-1, -1, 1], [1, -1, 1]]",0.0,0.0,,,,,,,
"[[1, 1, 0], [-1, -1, 1], [-1, -1, 0]]",,,-34.0,,,,,,0.0
"[[1, 1, 0], [-1, -1, 1], [-1, 0, -1]]",,,-16.0,,,,,0.0,
"[[1, 1, 0], [-1, -1, 0], [-1, 1, -1]]",,,-8.0,,,0.0,,,
"[[1, 1, 0], [-1, -1, 0], [-1, -1, 1]]",,,-24.0,,,0.0,,,
"[[1, 1, 0], [-1, -1, 1], [0, -1, -1]]",,,-22.0,,,,0.0,,
"[[1, 1, 0], [-1, -1, 0], [1, -1, -1]]",,,-28.0,,,0.0,,,
"[[1, 0, 1], [-1, -1, 1], [-1, -1, 0]]",,-18.0,,,,,,,-26.0
"[[1, 0, 1], [-1, -1, 1], [-1, 0, -1]]",,-36.0,,,,,,0.0,
"[[1, 0, 1], [-1, -1, 0], [-1, 1, -1]]",,-14.0,,,,0.0,,,
"[[1, 0, 1], [-1, -1, 0], [-1, -1, 1]]",,-26.0,,,,-28.0,,,
"[[1, 0, 1], [-1, -1, 1], [0, -1, -1]]",,-22.0,,,,,0.0,,
"[[1, 0, 1], [-1, -1, 0], [1, -1, -1]]",,-28.0,,,,0.0,,,
"[[1, 0, 0], [-1, -1, 1], [-1, 1, -1]]",,0.0,0.0,,,,,,
"[[1, 0, 0], [-1, -1, 1], [-1, -1, 1]]",,0.0,-28.0,,,,,,
"[[1, 0, 0], [-1, -1, 1], [1, -1, -1]]",,0.0,0.0,,,,,,
"[[1, 1, 0], [-1, 1, -1], [-1, -1, 0]]",,,-24.0,,,,,,-22.0
"[[1, 1, 0], [-1, 1, -1], [-1, 0, -1]]",,,-24.0,,,,,-26.0,
"[[1, 1, 0], [-1, 0, -1], [-1, 1, -1]]",,,-42.0,,-44.0,,,,
"[[1, 1, 0], [-1, 0, -1], [-1, -1, 1]]",,,-26.0,,-22.0,,,,
"[[1, 1, 0], [-1, 1, -1], [0, -1, -1]]",,,-34.0,,,,0.0,,
"[[1, 1, 0], [-1, 0, -1], [1, -1, -1]]",,,-28.0,,0.0,,,,
"[[1, 0, 1], [-1, 1, -1], [-1, -1, 0]]",,-28.0,,,,,,,-34.0
"[[1, 0, 1], [-1, 1, -1], [-1, 0, -1]]",,-20.0,,,,,,0.0,
"[[1, 0, 1], [-1, 0, -1], [-1, 1, -1]]",,-28.0,,,0.0,,,,
"[[1, 0, 1], [-1, 0, -1], [-1, -1, 1]]",,-32.0,,,-30.0,,,,
"[[1, 0, 1], [-1, 1, -1], [0, -1, -1]]",,-22.0,,,,,-24.0,,
"[[1, 0, 1], [-1, 0, -1], [1, -1, -1]]",,-28.0,,,-24.0,,,,
"[[1, 0, 0], [-1, 1, -1], [-1, 1, -1]]",,-32.0,0.0,,,,,,
"[[1, 0, 0], [-1, 1, -1], [1, -1, -1]]",,0.0,-26.0,,,,,,
"[[0, 1, 1], [-1, -1, 1], [-1, -1, 0]]",-30.0,,,,,,,,-28.0
"[[0, 1, 1], [-1, -1, 1], [-1, 0, -1]]",-14.0,,,,,,,0.0,
"[[0, 1, 1], [-1, -1, 0], [-1, 1, -1]]",-38.0,,,,,0.0,,,
"[[0, 1, 1], [-1, -1, 0], [-1, -1, 1]]",-40.0,,,,,-26.0,,,
"[[0, 1, 1], [-1, -1, 1], [0, -1, -1]]",-20.0,,,,,,0.0,,
"[[0, 1, 1], [-1, -1, 0], [1, -1, -1]]",-26.0,,,,,0.0,,,
"[[0, 1, 0], [-1, -1, 1], [-1, 1, -1]]",0.0,,0.0,,,,,,
"[[0, 1, 0], [-1, -1, 1], [-1, -1, 1]]",0.0,,-32.0,,,,,,
"[[0, 1, 0], [-1, -1, 1], [1, -1, -1]]",0.0,,0.0,,,,,,
"[[0, 1, 1], [-1, 1, -1], [-1, -1, 0]]",-32.0,,,,,,,,0.0
"[[0, 1, 1], [-1, 1, -1], [-1, 0, -1]]",-18.0,,,,,,,-20.0,
"[[0, 1, 1], [-1, 0, -1], [-1, 1, -1]]",-38.0,,,,-32.0,,,,
"[[0, 1, 1], [-1, 0, -1], [-1, -1, 1]]",-30.0,,,,0.0,,,,
"[[0, 1, 1], [-1, 1, -1], [0, -1, -1]]",-28.0,,,,,,-28.0,,
"[[0, 1, 1], [-1, 0, -1], [1, -1, -1]]",-26.0,,,,-30.0,,,,
"[[0, 1, 0], [-1, 1, -1], [-1, -1, 1]]",-26.0,,0.0,,,,,,
"[[0, 1, 0], [-1, 1, -1], [1, -1, -1]]",0.0,,-20.0,,,,,,
"[[0, 0, 1], [-1, -1, 1], [-1, 1, -1]]",0.0,0.0,,,,,,,
"[[0, 0, 1], [-1, -1, 1], [1, -1, -1]]",0.0,0.0,,,,,,,
"[[0, 0, 1], [-1, 1, -1], [-1, 1, -1]]",0.0,-24.0,,,,,,,
"[[0, 0, 1], [-1, 1, -1], [-1, -1, 1]]",-26.0,0.0,,,,,,,
"[[1, 1, 0], [1, -1, -1], [-1, -1, 0]]",,,-26.0,,,,,,0.0
"[[1, 1, 0], [1, -1, -1], [-1, 0, -1]]",,,-22.0,,,,,0.0,
"[[1, 1, 0], [0, -1, -1], [-1, 1, -1]]",,,-34.0,0.0,,,,,
"[[1, 1, 0], [0, -1, -1], [-1, -1, 1]]",,,-22.0,0.0,,,,,
"[[1, 1, 0], [1, -1, -1], [0, -1, -1]]",,,-32.0,,,,-36.0,,
"[[1, 1, 0], [0, -1, -1], [1, -1, -1]]",,,-26.0,-28.0,,,,,
"[[1, 0, 1], [1, -1, -1], [-1, -1, 0]]",,-22.0,,,,,,,0.0
"[[1, 0, 1], [1, -1, -1], [-1, 0, -1]]",,-30.0,,,,,,0.0,
"[[1, 0, 1], [0, -1, -1], [-1, 1, -1]]",,-18.0,,0.0,,,,,
"[[1, 0, 1], [0, -1, -1], [-1, -1, 1]]",,-14.0,,0.0,,,,,
"[[1, 0, 1], [1, -1, -1], [0, -1, -1]]",,-32.0,,,,,-38.0,,
"[[1, 0, 1], [0, -1, -1], [1, -1, -1]]",,-22.0,,-20.0,,,,,
"[[1, 0, 0], [1, -1, -1], [-1, 1, -1]]",,0.0,0.0,,,,,,
"[[1, 0, 0], [1, -1, -1], [-1, -1, 1]]",,0.0,0.0,,,,,,
"[[0, 1, 1], [1, -1, -1], [-1, -1, 0]]",-30.0,,,,,,,,0.0
"[[0, 1, 1], [1, -1, -1], [-1, 0, -1]]",-26.0,,,,,,,0.0,
"[[0, 1, 1], [0, -1, -1], [-1, 1, -1]]",-10.0,,,0.0,,,,,
"[[0, 1, 1], [0, -1, -1], [-1, -1, 1]]",-18.0,,,0.0,,,,,
"[[0, 1, 1], [1, -1, -1], [0, -1, -1]]",-30.0,,,,,,0.0,,
"[[0, 1, 1], [0, -1, -1], [1, -1, -1]]",-12.0,,,0.0,,,,,
"[[0, 1, 0], [1, -1, -1], [-1, 1, -1]]",0.0,,0.0,,,,,,
"[[0, 1, 0], [1, -1, -1], [-1, -1, 1]]",0.0,,0.0,,,,,,
"[[0, 1, 0], [1, -1, -1], [1, -1, -1]]",-36.0,,0.0,,,,,,
"[[0, 0, 1], [1, -1, -1], [-1, 1, -1]]",0.0,0.0,,,,,,,
"[[0, 0, 1], [1, -1, -1], [-1, -1, 1]]",0.0,0.0,,,,,,,
"[[0, 0, 1], [1, -1, -1], [1, -1, -1]]",-20.0,0.0,,,,,,,
"[[-1, 1, -1], [1, -1, 1], [1, -1, 0]]",,,,,,,,,0.0
"[[-1, 1, -1], [1, -1, 1], [0, -1, 1]]",,,,,,,0.0,,
"[[-1, 1, -1], [1, -1, -1], [1, 1, 0]]",,,,,,,,,0.0
"[[-1, 1, -1], [1, -1, -1], [1, 0, 1]]",,,,,,,,0.0,
"[[-1, 1, -1], [1, -1, 0], [1, -1, 1]]",,,,,,0.0,,,
"[[-1, 1, -1], [1, -1, -1], [0, 1, 1]]",,,,,,,0.0,,
"[[-1, 1, -1], [1, 1, -1], [-1, 0, 1]]",,,,,,,,0.0,
"[[-1, 1, -1], [1, 1, -1], [1, -1, 0]]",,,,,,,,,0.0
"[[-1, 1, -1], [1, 1, -1], [0, -1, 1]]",,,,,,,0.0,,
"[[-1, 1, -1], [1, 0, -1], [1, -1, 1]]",,,,,0.0,,,,
"[[-1, 1, -1], [1, 0, -1], [-1, 1, 1]]",,,,,0.0,,,,
"[[-1, 1, -1], [1, 1, 0], [-1, -1, 1]]",,,,,,0.0,,,
"[[-1, 1, -1], [1, 0, 1], [-1, -1, 1]]",,,,,0.0,,,,
"[[-1, 1, -1], [1, 0, 1], [-1, 1, -1]]",,,,,0.0,,,,
"[[-1, 1, -1], [1, 1, 0], [1, -1, -1]]",,,,,,0.0,,,
"[[-1, 1, -1], [1, 0, 1], [1, -1, -1]]",,,,,0.0,,,,
"[[-1, 1, -1], [-1, 1, 1], [1, -1, 0]]",,,,,,,,,0.0
"[[-1, 1, -1], [-1, 1, 1], [0, -1, 1]]",,,,,,,0.0,,
"[[-1, 1, -1], [-1, 1, 1], [1, 0, -1]]",,,,,,,,0.0,
"[[-1, 1, -1], [-1, 1, -1], [1, 0, 1]]",,,,,,,,0.0,
"[[-1, 1, -1], [-1, 1, 0], [1, -1, 1]]",,,,,,0.0,,,
"[[-1, 1, -1], [0, 1, -1], [1, -1, 1]]",,,,0.0,,,,,
"[[-1, 1, -1], [0, 1, 1], [-1, -1, 1]]",,,,0.0,,,,,
"[[-1, 1, -1], [0, 1, 1], [1, -1, -1]]",,,,0.0,,,,,
"[[-1, 1, -1], [-1, -1, 1], [1, 1, 0]]",,,,,,,,,0.0
"[[-1, 1, -1], [-1, -1, 1], [1, 0, 1]]",,,,,,,,0.0,
"[[-1, 1, -1], [-1, 0, 1], [1, -1, 1]]",,,,,0.0,,,,
"[[-1, 1, -1], [-1, 0, 1], [1, 1, -1]]",,,,,0.0,,,,
"[[-1, 1, -1], [-1, -1, 1], [0, 1, 1]]",,,,,,,0.0,,
"[[-1, 1, -1], [0, -1, 1], [1, -1, 1]]",,,,0.0,,,,,
"[[-1, 1, 1], [-1, -1, 1], [1, -1, 0]]",,,,,,,,,0.0
"[[-1, 1, 1], [-1, -1, 0], [1, -1, 1]]",,,,,,0.0,,,
"[[-1, 1, 1], [-1, 1, -1], [0, -1, 1]]",,,,,,,0.0,,
"[[-1, 1, 1], [-1, 0, -1], [1, -1, 1]]",,,,,0.0,,,,
"[[-1, 1, 1], [-1, 0, -1], [1, 1, -1]]",,,,,0.0,,,,
"[[-1, 1, 1], [-1, 1, 1], [0, -1, -1]]",,,,,,,0.0,,
"[[-1, 1, 1], [-1, 0, 1], [1, -1, -1]]",,,,,0.0,,,,
"[[-1, 1, 0], [-1, 1, -1], [1, -1, 1]]",,,0.0,,,,,,
"[[-1, 1, 0], [-1, 1, 1], [1, -1, -1]]",,,0.0,,,,,,
"[[-1, 1, 0], [-1, -1, 1], [1, -1, 1]]",,,0.0,,,,,,
"[[-1, 1, 1], [1, -1, -1], [-1, 1, 0]]",,,,,,,,,0.0
"[[-1, 1, 1], [1, -1, -1], [-1, 0, 1]]",,,,,,,,0.0,
"[[-1, 1, 1], [1, -1, -1], [1, -1, 0]]",,,,,,,,,0.0
"[[-1, 1, 1], [1, -1, -1], [0, -1, 1]]",,,,,,,0.0,,
"[[-1, 1, 1], [0, -1, -1], [1, -1, 1]]",,,,0.0,,,,,
"[[-1, 1, 1], [0, -1, -1], [-1, 1, 1]]",,,,0.0,,,,,
"[[-1, 1, 1], [1, -1, 1], [-1, -1, 0]]",,,,,,,,,0.0
"[[-1, 1, 1], [1, -1, 0], [-1, -1, 1]]",,,,,,0.0,,,
"[[-1, 1, 0], [1, -1, -1], [1, -1, 1]]",,,0.0,,,,,,
"[[-1, 1, 0], [1, -1, -1], [-1, 1, 1]]",,,0.0,,,,,,
"[[-1, 1, 0], [1, -1, 1], [-1, -1, 1]]",,,0.0,,,,,,
"[[-1, 1, 1], [1, 1, -1], [-1, -1, 0]]",,,,,,,,,0.0
"[[-1, 1, 1], [1, 0, -1], [-1, -1, 1]]",,,,,0.0,,,,
"[[-1, 1, 1], [1, 1, -1], [-1, 0, -1]]",,,,,,,,0.0,
"[[-1, 1, 1], [1, 0, -1], [-1, 1, -1]]",,,,,0.0,,,,
"[[-1, 1, 1], [0, 1, -1], [-1, -1, 1]]",,,,0.0,,,,,
"[[-1, 1, 1], [1, 1, -1], [0, -1, -1]]",,,,,,,0.0,,
"[[-1, 1, 1], [1, 0, -1], [1, -1, -1]]",,,,,0.0,,,,
"[[-1, 1, 0], [1, 1, -1], [-1, -1, 1]]",,,0.0,,,,,,
"[[-1, 1, 0], [1, 1, -1], [1, -1, -1]]",,,0.0,,,,,,
"[[-1, -1, 1], [1, -1, 1], [-1, 1, 0]]",,,,,,,,,0.0
"[[-1, -1, 1], [1, -1, -1], [1, 1, 0]]",,,,,,,,,0.0
"[[-1, -1, 1], [1, -1, -1], [1, 0, 1]]",,,,,,,,0.0,
"[[-1, -1, 1], [1, -1, -1], [0, 1, 1]]",,,,,,,0.0,,
"[[-1, -1, 1], [1, -1, 0], [-1, 1, 1]]",,,,,,0.0,,,
"[[-1, -1, 1], [1, 1, -1], [-1, 1, 0]]",,,,,,,,,0.0
"[[-1, -1, 1], [1, 1, -1], [-1, 0, 1]]",,,,,,,,0.0,
"[[-1, -1, 1], [1, 1, -1], [0, -1, 1]]",,,,,,,0.0,,
"[[-1, -1, 1], [1, 1, -1], [0, 1, -1]]",,,,,,,0.0,,
"[[-1, -1, 1], [1, 0, -1], [1, -1, 1]]",,,,,0.0,,,,
"[[-1, -1, 1], [1, 0, -1], [1, 1, -1]]",,,,,0.0,,,,
"[[-1, -1, 1], [1, 0, -1], [-1, 1, 1]]",,,,,0.0,,,,
"[[-1, -1, 1], [1, 1, 0], [-1, -1, 1]]",,,,,,0.0,,,
"[[-1, -1, 1], [1, 1, 0], [-1, 1, -1]]",,,,,,0.0,,,
"[[-1, -1, 1], [1, 0, 1], [-1, 1, -1]]",,,,,0.0,,,,
"[[-1, -1, 1], [1, 0, 1], [1, -1, -1]]",,,,,0.0,,,,
"[[-1, -1, 1], [-1, 1, 1], [0, 1, -1]]",,,,,,,0.0,,
"[[-1, -1, 1], [-1, 1, -1], [0, 1, 1]]",,,,,,,0.0,,
"[[-1, -1, 1], [0, 1, -1], [-1, 1, 1]]",,,,0.0,,,,,
"[[-1, -1, 1], [0, 1, 1], [-1, 1, -1]]",,,,0.0,,,,,
"[[-1, -1, 1], [-1, -1, 1], [1, 1, 0]]",,,,,,,,,0.0
"[[-1, -1, 1], [-1, 0, 1], [1, 1, -1]]",,,,,0.0,,,,
"[[-1, 0, 1], [1, -1, -1], [1, -1, 1]]",,0.0,,,,,,,
"[[-1, 0, 1], [1, -1, -1], [-1, 1, 1]]",,0.0,,,,,,,
"[[-1, 0, 1], [1, 1, -1], [-1, -1, 1]]",,0.0,,,,,,,
"[[-1, 0, 1], [1, 1, -1], [-1, 1, -1]]",,0.0,,,,,,,
"[[-1, -1, 0], [1, 1, -1], [1, -1, 1]]",,,0.0,,,,,,
"[[-1, -1, 0], [1, 1, -1], [1, 1, -1]]",,,0.0,,,,,,
"[[-1, -1, 0], [1, 1, -1], [-1, 1, 1]]",,,0.0,,,,,,
"[[-1, -1, 0], [1, -1, 1], [-1, 1, 1]]",,,0.0,,,,,,
"[[-1, 0, -1], [1, 1, -1], [1, -1, 1]]",,0.0,,,,,,,
"[[-1, 0, -1], [1, 1, -1], [-1, 1, 1]]",,0.0,,,,,,,
"[[-1, 0, -1], [1, -1, 1], [1, -1, 1]]",,0.0,,,,,,,
"[[-1, -1, 0], [-1, 1, 1], [1, -1, 1]]",,,0.0,,,,,,
"[[-1, -1, 0], [-1, 1, 1], [1, 1, -1]]",,,0.0,,,,,,
"[[-1, 0, -1], [-1, 1, 1], [1, -1, 1]]",,0.0,,,,,,,
"[[-1, 0, -1], [-1, 1, 1], [1, 1, -1]]",,0.0,,,,,,,
"[[1, -1, -1], [1, -1, 1], [0, 1, -1]]",,,,,,,0.0,,
"[[1, -1, -1], [1, -1, -1], [0, 1, 1]]",,,,,,,0.0,,
"[[1, -1, -1], [1, 1, -1], [-1, 1, 0]]",,,,,,,,,0.0
"[[1, -1, -1], [1, 0, -1], [-1, 1, 1]]",,,,,0.0,,,,
"[[1, -1, -1], [1, 1, 0], [-1, 1, -1]]",,,,,,0.0,,,
"[[1, -1, -1], [1, 0, 1], [-1, -1, 1]]",,,,,0.0,,,,
"[[1, -1, -1], [1, 0, 1], [-1, 1, -1]]",,,,,0.0,,,,
"[[1, -1, -1], [-1, 1, 1], [-1, 1, 0]]",,,,,,,,,0.0
"[[1, -1, -1], [-1, 1, 1], [1, -1, 0]]",,,,,,,,,0.0
"[[1, -1, -1], [-1, 1, 1], [1, 0, -1]]",,,,,,,,0.0,
"[[1, -1, -1], [-1, 1, 1], [0, 1, -1]]",,,,,,,0.0,,
"[[1, -1, -1], [-1, 1, -1], [1, 1, 0]]",,,,,,,,,0.0
"[[1, -1, -1], [-1, 1, 0], [1, 1, -1]]",,,,,,0.0,,,
"[[1, -1, -1], [0, 1, 1], [-1, 1, -1]]",,,,0.0,,,,,
"[[1, -1, -1], [0, 1, 1], [1, -1, -1]]",,,,0.0,,,,,
"[[1, -1, -1], [-1, -1, 1], [1, 1, 0]]",,,,,,,,,0.0
"[[1, -1, -1], [-1, -1, 1], [1, 0, 1]]",,,,,,,,0.0,
"[[1, -1, -1], [-1, 0, 1], [1, -1, 1]]",,,,,0.0,,,,
"[[1, -1, -1], [-1, 0, 1], [1, 1, -1]]",,,,,0.0,,,,
"[[1, -1, -1], [-1, -1, 1], [0, 1, 1]]",,,,,,,0.0,,
"[[1, -1, -1], [-1, 0, 1], [-1, 1, 1]]",,,,,0.0,,,,
"[[1, -1, -1], [0, -1, 1], [1, 1, -1]]",,,,0.0,,,,,
"[[1, -1, 1], [-1, -1, 1], [-1, 1, 0]]",,,,,,,,,0.0
"[[1, -1, 1], [-1, -1, 1], [1, 0, -1]]",,,,,,,,0.0,
"[[1, -1, 1], [-1, -1, 1], [0, 1, -1]]",,,,,,,0.0,,
"[[1, -1, 1], [-1, -1, 0], [1, 1, -1]]",,,,,,0.0,,,
"[[1, -1, 1], [-1, -1, 0], [-1, 1, 1]]",,,,,,0.0,,,
"[[1, -1, 1], [-1, 1, -1], [-1, 1, 0]]",,,,,,,,,0.0
"[[1, -1, 1], [-1, 1, -1], [0, 1, -1]]",,,,,,,0.0,,
"[[1, -1, 1], [-1, 0, -1], [1, -1, 1]]",,,,,0.0,,,,
"[[1, -1, 1], [-1, 0, -1], [1, 1, -1]]",,,,,0.0,,,,
"[[1, -1, 1], [-1, 0, -1], [-1, 1, 1]]",,,,,0.0,,,,
"[[1, -1, 1], [-1, 1, 1], [-1, -1, 0]]",,,,,,,,,0.0
"[[1, -1, 1], [-1, 1, 1], [-1, 0, -1]]",,,,,,,,0.0,
"[[1, -1, 1], [-1, 1, 0], [-1, 1, -1]]",,,,,,0.0,,,
"[[1, -1, 1], [-1, 0, 1], [-1, 1, -1]]",,,,,0.0,,,,
"[[1, -1, 1], [-1, 1, 1], [0, -1, -1]]",,,,,,,0.0,,
"[[1, -1, 1], [-1, 0, 1], [1, -1, -1]]",,,,,0.0,,,,
"[[1, -1, 0], [-1, 1, -1], [1, 1, -1]]",,,0.0,,,,,,
"[[1, -1, 0], [-1, 1, 1], [-1, 1, -1]]",,,0.0,,,,,,
"[[1, -1, 0], [-1, 1, 1], [1, -1, -1]]",,,0.0,,,,,,
"[[1, -1, 0], [-1, -1, 1], [1, 1, -1]]",,,0.0,,,,,,
"[[1, -1, 0], [-1, -1, 1], [-1, 1, 1]]",,,0.0,,,,,,
"[[1, -1, 1], [1, -1, -1], [-1, 1, 0]]",,,,,,,,,0.0
"[[1, -1, 1], [1, -1, -1], [-1, 0, 1]]",,,,,,,,0.0,
"[[1, -1, 1], [1, -1, -1], [0, 1, -1]]",,,,,,,0.0,,
"[[1, -1, 1], [0, -1, -1], [1, 1, -1]]",,,,0.0,,,,,
"[[1, -1, 1], [0, -1, -1], [-1, 1, 1]]",,,,0.0,,,,,
"[[1, -1, 1], [1, -1, 1], [-1, 0, -1]]",,,,,,,,0.0,
"[[1, -1, 1], [1, -1, 0], [-1, 1, -1]]",,,,,,0.0,,,
"[[1, -1, 1], [0, -1, 1], [-1, 1, -1]]",,,,0.0,,,,,
"[[1, -1, 0], [1, -1, -1], [-1, 1, 1]]",,,0.0,,,,,,
"[[1, -1, 0], [1, -1, 1], [-1, 1, -1]]",,,0.0,,,,,,
"[[1, -1, 1], [1, 1, -1], [-1, -1, 0]]",,,,,,,,,0.0
"[[1, -1, 1], [1, 0, -1], [-1, -1, 1]]",,,,,0.0,,,,
"[[1, -1, 1], [1, 1, -1], [-1, 0, -1]]",,,,,,,,0.0,
"[[1, -1, 1], [1, 0, -1], [-1, 1, -1]]",,,,,0.0,,,,
"[[1, -1, 1], [0, 1, -1], [-1, 1, -1]]",,,,0.0,,,,,
"[[1, -1, 1], [1, 1, -1], [0, -1, -1]]",,,,,,,0.0,,
"[[1, -1, 0], [1, 1, -1], [-1, 1, -1]]",,,0.0,,,,,,
"[[0, -1, 1], [-1, 1, -1], [-1, 1, 1]]",0.0,,,,,,,,
"[[0, -1, 1], [-1, 1, 1], [-1, 1, -1]]",0.0,,,,,,,,
"[[0, -1, 1], [-1, -1, 1], [1, 1, -1]]",0.0,,,,,,,,
"[[0, -1, 1], [1, -1, -1], [1, 1, -1]]",0.0,,,,,,,,
"[[0, -1, 1], [1, -1, -1], [-1, 1, 1]]",0.0,,,,,,,,
"[[0, -1, 1], [1, -1, 1], [-1, 1, -1]]",0.0,,,,,,,,
"[[0, -1, 1], [1, 1, -1], [-1, -1, 1]]",0.0,,,,,,,,
"[[0, -1, 1], [1, 1, -1], [-1, 1, -1]]",0.0,,,,,,,,
"[[0, -1, -1], [1, 1, -1], [1, -1, 1]]",0.0,,,,,,,,
"[[0, -1, -1], [1, 1, -1], [-1, 1, 1]]",0.0,,,,,,,,
"[[0, -1, -1], [1, -1, 1], [1, 1, -1]]",0.0,,,,,,,,
"[[0, -1, -1], [-1, 1, 1], [1, -1, 1]]",0.0,,,,,,,,
"[[0, -1, -1], [-1, 1, 1], [1, 1, -1]]",0.0,,,,,,,,
"[[0, -1, -1], [-1, 1, 1], [-1, 1, 1]]",0.0,,,,,,,,
"[[1, 1, -1], [-1, -1, 1], [1, -1, 0]]",,,,,,,,,0.0
"[[1, 1, -1], [-1, -1, 1], [0, -1, 1]]",,,,,,,0.0,,
"[[1, 1, -1], [-1, -1, 1], [1, 0, -1]]",,,,,,,,0.0,
"[[1, 1, -1], [-1, -1, 1], [0, 1, -1]]",,,,,,,0.0,,
"[[1, 1, -1], [-1, -1, 0], [1, -1, 1]]",,,,,,0.0,,,
"[[1, 1, -1], [-1, -1, 0], [1, 1, -1]]",,,,,,0.0,,,
"[[1, 1, -1], [-1, 1, -1], [1, -1, 0]]",,,,,,,,,0.0
"[[1, 1, -1], [-1, 0, -1], [1, -1, 1]]",,,,,0.0,,,,
"[[1, 1, -1], [-1, 0, -1], [-1, 1, 1]]",,,,,0.0,,,,
"[[1, 1, -1], [-1, 1, 1], [-1, -1, 0]]",,,,,,,,,0.0
"[[1, 1, -1], [-1, 1, 1], [-1, 0, -1]]",,,,,,,,0.0,
"[[1, 1, -1], [-1, 0, 1], [-1, -1, 1]]",,,,,0.0,,,,
"[[1, 1, -1], [-1, 0, 1], [-1, 1, -1]]",,,,,0.0,,,,
"[[1, 1, -1], [-1, 1, 1], [0, -1, -1]]",,,,,,,0.0,,
"[[1, 1, -1], [-1, 1, 0], [1, -1, -1]]",,,,,,0.0,,,
"[[1, 1, -1], [-1, 0, 1], [1, -1, -1]]",,,,,0.0,,,,
"[[1, 0, -1], [-1, 1, 1], [-1, 1, -1]]",,0.0,,,,,,,
"[[1, 0, -1], [-1, 1, 1], [1, -1, -1]]",,0.0,,,,,,,
"[[1, 0, -1], [-1, -1, 1], [1, -1, 1]]",,0.0,,,,,,,
"[[1, 0, -1], [-1, -1, 1], [1, 1, -1]]",,0.0,,,,,,,
"[[1, 1, -1], [1, -1, -1], [0, -1, 1]]",,,,,,,0.0,,
"[[1, 1, -1], [0, -1, -1], [1, -1, 1]]",,,,0.0,,,,,
"[[1, 1, -1], [1, -1, 1], [0, -1, -1]]",,,,,,,0.0,,
"[[1, 1, -1], [0, -1, 1], [1, -1, -1]]",,,,0.0,,,,,
"[[1, 1, -1], [1, 1, -1], [-1, -1, 0]]",,,,,,,,,0.0
"[[1, 1, -1], [1, 0, -1], [-1, -1, 1]]",,,,,0.0,,,,
"[[0, 1, -1], [-1, 1, -1], [1, -1, 1]]",0.0,,,,,,,,
"[[0, 1, -1], [-1, 1, 1], [-1, -1, 1]]",0.0,,,,,,,,
"[[0, 1, -1], [-1, 1, 1], [1, -1, -1]]",0.0,,,,,,,,
"[[0, 1, -1], [-1, -1, 1], [1, -1, 1]]",0.0,,,,,,,,
"[[0, 1, -1], [-1, -1, 1], [1, 1, -1]]",0.0,,,,,,,,
"[[0, 1, -1], [1, -1, -1], [1, -1, 1]]",0.0,,,,,,,,
"[[0, 1, -1], [1, -1, 1], [1, -1, -1]]",0.0,,,,,,,,
"[[0, 1, -1], [1, 1, -1], [-1, -1, 1]]",0.0,,,,,,,,
"[[1, 1, 0], [-1, -1, 1], [-1, -1, 1]]",,,0.0,,,,,,
"[[1, 1, 0], [-1, -1, 1], [-1, 1, -1]]",,,0.0,,,,,,
"[[1, 1, 0], [-1, -1, 1], [1, -1, -1]]",,,0.0,,,,,,
"[[1, 0, 1], [-1, -1, 1], [-1, 1, -1]]",,0.0,,,,,,,
"[[1, 0, 1], [-1, -1, 1], [1, -1, -1]]",,0.0,,,,,,,
"[[1, 1, 0], [-1, 1, -1], [1, -1, -1]]",,,0.0,,,,,,
"[[1, 0, 1], [-1, 1, -1], [-1, 1, -1]]",,0.0,,,,,,,
"[[0, 1, 1], [-1, -1, 1], [-1, 1, -1]]",0.0,,,,,,,,
"[[0, 1, 1], [-1, -1, 1], [1, -1, -1]]",0.0,,,,,,,,
"[[0, 1, 1], [-1, 1, -1], [-1, -1, 1]]",0.0,,,,,,,,
"[[1, 1, 0], [1, -1, -1], [-1, -1, 1]]",,,0.0,,,,,,
"[[1, 1, 0], [1, -1, -1], [-1, 1, -1]]",,,0.0,,,,,,
"[[1, 0, 1], [1, -1, -1], [-1, -1, 1]]",,0.0,,,,,,,
"[[1, 0, 1], [1, -1, -1], [-1, 1, -1]]",,0.0,,,,,,,
"[[0, 1, 1], [1, -1, -1], [-1, -1, 1]]",0.0,,,,,,,,
"[[0, 1, 1], [1, -1, -1], [-1, 1, -1]]",0.0,,,,,,,,
"[[0, 1, 1], [1, -1, -1], [1, -1, -1]]",0.0,,,,,,,,
